graph,lambda,score,presence,aggregation,metric,estimate,ci_low,ci_high,num_images,num_images_total,num_rows,num_rows_total,num_classes,bootstrap_repeats,bootstrap_valid_repeats,bootstrap_valid_fraction,bootstrap_seed,bootstrap_base_seed
B1_spatial,1.0,stability,absent,micro,mean_score,0.5283120407680346,0.5279508087120246,0.5286929189818148,1449,1449,26833,26833,,5000,5000,1.0,3021694564,20260901
B1_spatial,1.0,stability,absent,micro,top10_mean_score,0.9191108568650809,0.9189066957061885,0.9193203519197571,1449,1449,26833,26833,,5000,5000,1.0,3021694564,20260901
B1_spatial,1.0,stability,absent,micro,max_score,0.9976534359241773,0.9976228397786367,0.9976840262041009,1449,1449,26833,26833,,5000,5000,1.0,3021694564,20260901
B1_spatial,1.0,stability,absent,micro,spatial_entropy,0.9258051765671605,0.9256540656305855,0.9259570042537465,1449,1449,26833,26833,,5000,5000,1.0,3021694564,20260901
B1_spatial,1.0,stability,absent,micro,high_score_fraction,0.13981901617898806,0.13943347179305818,0.14021942890780037,1449,1449,26833,26833,,5000,5000,1.0,3021694564,20260901
B1_spatial,1.0,stability,absent,macro_class,mean_score,0.5283363801470443,0.5279768519134552,0.5287177364774321,1449,1449,26833,26833,20,5000,5000,1.0,3021694564,20260901
B1_spatial,1.0,stability,absent,macro_class,top10_mean_score,0.9190927087788099,0.9188886040245492,0.9193011907958306,1449,1449,26833,26833,20,5000,5000,1.0,3021694564,20260901
B1_spatial,1.0,stability,absent,macro_class,max_score,0.9976534893036699,0.9976227207105487,0.9976839028861691,1449,1449,26833,26833,20,5000,5000,1.0,3021694564,20260901
B1_spatial,1.0,stability,absent,macro_class,spatial_entropy,0.9257908547662128,0.9256407092605177,0.9259423441445632,1449,1449,26833,26833,20,5000,5000,1.0,3021694564,20260901
B1_spatial,1.0,stability,absent,macro_class,high_score_fraction,0.13977785771346646,0.1393928516896969,0.14017880481263248,1449,1449,26833,26833,20,5000,5000,1.0,3021694564,20260901
B1_spatial,1.0,stability,positive,micro,mean_score,0.5293834245823583,0.5290435782552686,0.529708183193867,1449,1449,2147,2147,,5000,5000,1.0,3021694564,20260901
B1_spatial,1.0,stability,positive,micro,top10_mean_score,0.9175088399674848,0.9170709011311283,0.9179200316909641,1449,1449,2147,2147,,5000,5000,1.0,3021694564,20260901
B1_spatial,1.0,stability,positive,micro,max_score,0.9976072239498233,0.9975048365113988,0.997707655009122,1449,1449,2147,2147,,5000,5000,1.0,3021694564,20260901
B1_spatial,1.0,stability,positive,micro,spatial_entropy,0.9251962142546453,0.9250379902227363,0.925348139136992,1449,1449,2147,2147,,5000,5000,1.0,3021694564,20260901
B1_spatial,1.0,stability,positive,micro,high_score_fraction,0.13695576067592324,0.1364121328233664,0.13750489724208653,1449,1449,2147,2147,,5000,5000,1.0,3021694564,20260901
B1_spatial,1.0,stability,positive,macro_class,mean_score,0.5299494279085885,0.5296147881359171,0.5302839491923554,1449,1449,2147,2147,20,5000,5000,1.0,3021694564,20260901
B1_spatial,1.0,stability,positive,macro_class,top10_mean_score,0.9174644710118068,0.9170248639223062,0.9179070042647645,1449,1449,2147,2147,20,5000,5000,1.0,3021694564,20260901
B1_spatial,1.0,stability,positive,macro_class,max_score,0.9976259329582696,0.997515898634068,0.9977339253302603,1449,1449,2147,2147,20,5000,5000,1.0,3021694564,20260901
B1_spatial,1.0,stability,positive,macro_class,spatial_entropy,0.925015434611549,0.9248616572143149,0.9251576326687727,1449,1449,2147,2147,20,5000,5000,1.0,3021694564,20260901
B1_spatial,1.0,stability,positive,macro_class,high_score_fraction,0.13676929227933368,0.1361913582595136,0.1373524693128829,1449,1449,2147,2147,20,5000,5000,1.0,3021694564,20260901
B2_feature,1.0,stability,absent,micro,mean_score,0.5278784976823169,0.5275422984496652,0.5282239038687482,1449,1449,26833,26833,,5000,5000,1.0,3021694564,20260901
B2_feature,1.0,stability,absent,micro,top10_mean_score,0.9189081758410999,0.9187120889205392,0.9191019485614872,1449,1449,26833,26833,,5000,5000,1.0,3021694564,20260901
B2_feature,1.0,stability,absent,micro,max_score,0.9976425668762599,0.9976108790283645,0.9976735088600807,1449,1449,26833,26833,,5000,5000,1.0,3021694564,20260901
B2_feature,1.0,stability,absent,micro,spatial_entropy,0.9262248825568239,0.9260802814189747,0.9263722415919272,1449,1449,26833,26833,,5000,5000,1.0,3021694564,20260901
B2_feature,1.0,stability,absent,micro,high_score_fraction,0.13942009581378467,0.13906097912579526,0.1397854664218392,1449,1449,26833,26833,,5000,5000,1.0,3021694564,20260901
B2_feature,1.0,stability,absent,macro_class,mean_score,0.5278932780357973,0.5275562890968195,0.5282393230543644,1449,1449,26833,26833,20,5000,5000,1.0,3021694564,20260901
B2_feature,1.0,stability,absent,macro_class,top10_mean_score,0.9188947427902707,0.9187008244626699,0.9190890271157132,1449,1449,26833,26833,20,5000,5000,1.0,3021694564,20260901
B2_feature,1.0,stability,absent,macro_class,max_score,0.9976425130617598,0.9976109931610687,0.9976735895336478,1449,1449,26833,26833,20,5000,5000,1.0,3021694564,20260901
B2_feature,1.0,stability,absent,macro_class,spatial_entropy,0.926215150267238,0.9260718759437946,0.9263615712464132,1449,1449,26833,26833,20,5000,5000,1.0,3021694564,20260901
B2_feature,1.0,stability,absent,macro_class,high_score_fraction,0.13938882032781708,0.13902789119015607,0.13975299731462873,1449,1449,26833,26833,20,5000,5000,1.0,3021694564,20260901
B2_feature,1.0,stability,positive,micro,mean_score,0.5293285969224191,0.5290044165015579,0.5296447863227621,1449,1449,2147,2147,,5000,5000,1.0,3021694564,20260901
B2_feature,1.0,stability,positive,micro,top10_mean_score,0.9175309964287375,0.9171100226367025,0.9179467817908449,1449,1449,2147,2147,,5000,5000,1.0,3021694564,20260901
B2_feature,1.0,stability,positive,micro,max_score,0.9976518986166273,0.9975505930949612,0.9977490312962098,1449,1449,2147,2147,,5000,5000,1.0,3021694564,20260901
B2_feature,1.0,stability,positive,micro,spatial_entropy,0.9253514952483837,0.9251944851339244,0.9255017173390936,1449,1449,2147,2147,,5000,5000,1.0,3021694564,20260901
B2_feature,1.0,stability,positive,micro,high_score_fraction,0.13699857683511063,0.13644332689860297,0.13755861281888118,1449,1449,2147,2147,,5000,5000,1.0,3021694564,20260901
B2_feature,1.0,stability,positive,macro_class,mean_score,0.5298057923970486,0.5294917322873609,0.5301218638166191,1449,1449,2147,2147,20,5000,5000,1.0,3021694564,20260901
B2_feature,1.0,stability,positive,macro_class,top10_mean_score,0.9174367839408972,0.917006952361558,0.9178773273556905,1449,1449,2147,2147,20,5000,5000,1.0,3021694564,20260901
B2_feature,1.0,stability,positive,macro_class,max_score,0.9976321723929533,0.997515167385289,0.997739296592005,1449,1449,2147,2147,20,5000,5000,1.0,3021694564,20260901
B2_feature,1.0,stability,positive,macro_class,spatial_entropy,0.9252250593395768,0.9250820077027323,0.9253598019798616,1449,1449,2147,2147,20,5000,5000,1.0,3021694564,20260901
B2_feature,1.0,stability,positive,macro_class,high_score_fraction,0.13680567039585967,0.13622749843456075,0.13738897348212029,1449,1449,2147,2147,20,5000,5000,1.0,3021694564,20260901
B3_spatial_feature,1.0,stability,absent,micro,mean_score,0.5270690553367005,0.5267043330935443,0.5274480355101124,1449,1449,26833,26833,,5000,5000,1.0,3021694564,20260901
B3_spatial_feature,1.0,stability,absent,micro,top10_mean_score,0.9195163098929031,0.9193151766711569,0.9197108417789096,1449,1449,26833,26833,,5000,5000,1.0,3021694564,20260901
B3_spatial_feature,1.0,stability,absent,micro,max_score,0.9976682418818729,0.9976357660544554,0.9976997871755113,1449,1449,26833,26833,,5000,5000,1.0,3021694564,20260901
B3_spatial_feature,1.0,stability,absent,micro,spatial_entropy,0.9266687280794802,0.9265160167700225,0.9268230194122287,1449,1449,26833,26833,,5000,5000,1.0,3021694564,20260901
B3_spatial_feature,1.0,stability,absent,micro,high_score_fraction,0.1405265093216515,0.14014217701981171,0.14090594607373885,1449,1449,26833,26833,,5000,5000,1.0,3021694564,20260901
B3_spatial_feature,1.0,stability,absent,macro_class,mean_score,0.5270937509399758,0.5267271860206767,0.5274729312094839,1449,1449,26833,26833,20,5000,5000,1.0,3021694564,20260901
B3_spatial_feature,1.0,stability,absent,macro_class,top10_mean_score,0.9194994393572886,0.9192967162046866,0.9196957213470718,1449,1449,26833,26833,20,5000,5000,1.0,3021694564,20260901
B3_spatial_feature,1.0,stability,absent,macro_class,max_score,0.9976680450362506,0.9976356622019966,0.9976996564237746,1449,1449,26833,26833,20,5000,5000,1.0,3021694564,20260901
B3_spatial_feature,1.0,stability,absent,macro_class,spatial_entropy,0.9266542757836753,0.9265023686710873,0.9268077153317931,1449,1449,26833,26833,20,5000,5000,1.0,3021694564,20260901
B3_spatial_feature,1.0,stability,absent,macro_class,high_score_fraction,0.14048922559313204,0.14010534145387837,0.14086864656959694,1449,1449,26833,26833,20,5000,5000,1.0,3021694564,20260901
B3_spatial_feature,1.0,stability,positive,micro,mean_score,0.5292935788001278,0.5289692951257355,0.5296095472664882,1449,1449,2147,2147,,5000,5000,1.0,3021694564,20260901
B3_spatial_feature,1.0,stability,positive,micro,top10_mean_score,0.9175444720022797,0.9171093742611407,0.9179564024139352,1449,1449,2147,2147,,5000,5000,1.0,3021694564,20260901
B3_spatial_feature,1.0,stability,positive,micro,max_score,0.9976385504243315,0.9975333029913948,0.9977392830177289,1449,1449,2147,2147,,5000,5000,1.0,3021694564,20260901
B3_spatial_feature,1.0,stability,positive,micro,spatial_entropy,0.9252762122068751,0.9251225558149898,0.9254255001435616,1449,1449,2147,2147,,5000,5000,1.0,3021694564,20260901
B3_spatial_feature,1.0,stability,positive,micro,high_score_fraction,0.1368320235415736,0.13629104840552803,0.13738521965994657,1449,1449,2147,2147,,5000,5000,1.0,3021694564,20260901
B3_spatial_feature,1.0,stability,positive,macro_class,mean_score,0.5297791270383302,0.52945498136683,0.5300854308890431,1449,1449,2147,2147,20,5000,5000,1.0,3021694564,20260901
B3_spatial_feature,1.0,stability,positive,macro_class,top10_mean_score,0.9174884230981837,0.9170502580347856,0.9179131319148687,1449,1449,2147,2147,20,5000,5000,1.0,3021694564,20260901
B3_spatial_feature,1.0,stability,positive,macro_class,max_score,0.99767213264793,0.9975616589917228,0.9977771231848466,1449,1449,2147,2147,20,5000,5000,1.0,3021694564,20260901
B3_spatial_feature,1.0,stability,positive,macro_class,spatial_entropy,0.9251364349081239,0.9249905157173817,0.9252722488226824,1449,1449,2147,2147,20,5000,5000,1.0,3021694564,20260901
B3_spatial_feature,1.0,stability,positive,macro_class,high_score_fraction,0.13673522432491897,0.13617948478774075,0.13729798767912416,1449,1449,2147,2147,20,5000,5000,1.0,3021694564,20260901
