graph,lambda,scope,stratum,aggregation,metric,estimate,ci_low,ci_high,num_images,num_images_total,num_rows,num_rows_total,num_classes,bootstrap_repeats,bootstrap_valid_repeats,bootstrap_valid_fraction,bootstrap_seed,bootstrap_base_seed
B1_spatial,1.0,all_positive_classes,all,micro,stability_spearman,0.13033858994225073,0.12273004366448602,0.13842552282819107,522,522,906,906,,5000,5000,1.0,3021694564,20260901
B1_spatial,1.0,all_positive_classes,all,micro,top10_jaccard,0.061008682275260254,0.05953919406048084,0.062473368857695416,522,522,906,906,,5000,5000,1.0,3021694564,20260901
B1_spatial,1.0,all_positive_classes,all,micro,top20_jaccard,0.127402722991087,0.12569554916567552,0.12915940200430756,522,522,906,906,,5000,5000,1.0,3021694564,20260901
B1_spatial,1.0,all_positive_classes,all,micro,shared_target_either_fraction,0.26349605806074444,0.24191748177440955,0.2859735436315668,521,522,903,906,,5000,5000,1.0,3021694564,20260901
B1_spatial,1.0,all_positive_classes,all,micro,shared_background_fraction,0.6244988804325334,0.5933979865516859,0.6560649033997566,521,522,903,906,,5000,5000,1.0,3021694564,20260901
B1_spatial,1.0,all_positive_classes,all,micro,shared_other_foreground_fraction,0.11176595952343463,0.09290710577726947,0.130437766183119,521,522,903,906,,5000,5000,1.0,3021694564,20260901
B1_spatial,1.0,all_positive_classes,all,macro_class,stability_spearman,0.13896754011958648,0.12959592063809564,0.14974609450127355,522,522,906,906,17,5000,5000,1.0,3021694564,20260901
B1_spatial,1.0,all_positive_classes,all,macro_class,top10_jaccard,0.060621506108541307,0.05872478557416412,0.06273722455971545,522,522,906,906,17,5000,5000,1.0,3021694564,20260901
B1_spatial,1.0,all_positive_classes,all,macro_class,top20_jaccard,0.1289194770874244,0.12669080956032847,0.13137736183855225,522,522,906,906,17,5000,5000,1.0,3021694564,20260901
B1_spatial,1.0,all_positive_classes,all,macro_class,shared_target_either_fraction,0.2553660808406613,0.23225316950631392,0.28155657950433755,521,522,903,906,17,5000,5000,1.0,3021694564,20260901
B1_spatial,1.0,all_positive_classes,all,macro_class,shared_background_fraction,0.6506513256824575,0.6167660975487201,0.6838489009111188,521,522,903,906,17,5000,5000,1.0,3021694564,20260901
B1_spatial,1.0,all_positive_classes,all,macro_class,shared_other_foreground_fraction,0.09378547168857786,0.07200032101028798,0.1142194089841462,521,522,903,906,17,5000,5000,1.0,3021694564,20260901
B1_spatial,1.0,all_positive_classes,exactly_2_labels,micro,stability_spearman,0.14853402608064786,0.13678132193860984,0.16058308043802788,375,375,375,375,,5000,5000,1.0,3021694564,20260901
B1_spatial,1.0,all_positive_classes,exactly_2_labels,micro,top10_jaccard,0.06211447272542109,0.059803864317294786,0.06452734986747391,375,375,375,375,,5000,5000,1.0,3021694564,20260901
B1_spatial,1.0,all_positive_classes,exactly_2_labels,micro,top20_jaccard,0.1287087432102686,0.12613603570120988,0.13136760580913018,375,375,375,375,,5000,5000,1.0,3021694564,20260901
B1_spatial,1.0,all_positive_classes,exactly_2_labels,micro,shared_target_either_fraction,0.33292842298032627,0.3015992195032096,0.3644785228031728,374,375,374,375,,5000,5000,1.0,3021694564,20260901
B1_spatial,1.0,all_positive_classes,exactly_2_labels,micro,shared_background_fraction,0.6661600553862272,0.6346133433015786,0.6974554135241317,374,375,374,375,,5000,5000,1.0,3021694564,20260901
B1_spatial,1.0,all_positive_classes,exactly_2_labels,micro,shared_other_foreground_fraction,0.0006684491978609625,0.0,0.0020107238605898124,374,375,374,375,,5000,5000,1.0,3021694564,20260901
B1_spatial,1.0,all_positive_classes,exactly_2_labels,macro_class,stability_spearman,0.15523428128498878,0.14043000030523542,0.1700886643420474,375,375,375,375,17,5000,5000,1.0,3021694564,20260901
B1_spatial,1.0,all_positive_classes,exactly_2_labels,macro_class,top10_jaccard,0.06395196180367868,0.06106373993270406,0.06703390358877973,375,375,375,375,17,5000,5000,1.0,3021694564,20260901
B1_spatial,1.0,all_positive_classes,exactly_2_labels,macro_class,top20_jaccard,0.131148754619875,0.12775928684201074,0.13454699348964624,375,375,375,375,17,5000,5000,1.0,3021694564,20260901
B1_spatial,1.0,all_positive_classes,exactly_2_labels,macro_class,shared_target_either_fraction,0.33365272185174993,0.29984811942555056,0.3683801568754897,374,375,374,375,17,5000,5000,1.0,3021694564,20260901
B1_spatial,1.0,all_positive_classes,exactly_2_labels,macro_class,shared_background_fraction,0.6655288563739459,0.6309907072507303,0.6993819317821511,374,375,374,375,17,5000,5000,1.0,3021694564,20260901
B1_spatial,1.0,all_positive_classes,exactly_2_labels,macro_class,shared_other_foreground_fraction,0.0006127450980392157,0.0,0.0021008403361344537,374,375,374,375,17,5000,5000,1.0,3021694564,20260901
B1_spatial,1.0,all_positive_classes,3plus_labels,micro,stability_spearman,0.11748870566372167,0.10764479295523273,0.12801508614573995,147,147,531,531,,5000,5000,1.0,3021694564,20260901
B1_spatial,1.0,all_positive_classes,3plus_labels,micro,top10_jaccard,0.06022775681610708,0.05832860052285883,0.06214633109759596,147,147,531,531,,5000,5000,1.0,3021694564,20260901
B1_spatial,1.0,all_positive_classes,3plus_labels,micro,top20_jaccard,0.1264803923278233,0.12420451727375241,0.1287943709333823,147,147,531,531,,5000,5000,1.0,3021694564,20260901
B1_spatial,1.0,all_positive_classes,3plus_labels,micro,shared_target_either_fraction,0.21440776981892307,0.18559981357877964,0.24406752002556809,147,147,529,531,,5000,5000,1.0,3021694564,20260901
B1_spatial,1.0,all_positive_classes,3plus_labels,micro,shared_background_fraction,0.5950446660040233,0.5468261773112296,0.6452751278267056,147,147,529,531,,5000,5000,1.0,3021694564,20260901
B1_spatial,1.0,all_positive_classes,3plus_labels,micro,shared_other_foreground_fraction,0.19031126928102357,0.16340804885615132,0.21684499231906634,147,147,529,531,,5000,5000,1.0,3021694564,20260901
B1_spatial,1.0,all_positive_classes,3plus_labels,macro_class,stability_spearman,0.12363701384571944,0.1101795861519533,0.13294326593467143,147,147,531,531,17,5000,5000,1.0,3021694564,20260901
B1_spatial,1.0,all_positive_classes,3plus_labels,macro_class,top10_jaccard,0.05699795796857357,0.054553682091314004,0.059421339909078705,147,147,531,531,17,5000,5000,1.0,3021694564,20260901
B1_spatial,1.0,all_positive_classes,3plus_labels,macro_class,top20_jaccard,0.12733870242154172,0.12389859211494617,0.13012103592911867,147,147,531,531,17,5000,5000,1.0,3021694564,20260901
B1_spatial,1.0,all_positive_classes,3plus_labels,macro_class,shared_target_either_fraction,0.20332504807192248,0.1703457912342335,0.25255036735631453,147,147,529,531,17,5000,5000,1.0,3021694564,20260901
B1_spatial,1.0,all_positive_classes,3plus_labels,macro_class,shared_background_fraction,0.6332836525619006,0.5714840632112889,0.6861376576990154,147,147,529,531,17,5000,5000,1.0,3021694564,20260901
B1_spatial,1.0,all_positive_classes,3plus_labels,macro_class,shared_other_foreground_fraction,0.16314620132696123,0.12844440153023004,0.19782115156304214,147,147,529,531,17,5000,5000,1.0,3021694564,20260901
B1_spatial,1.0,per_class,all,micro,stability_spearman,0.23742140341059392,0.17616114656928245,0.29828053624742124,17,17,19,19,,5000,5000,1.0,3021694564,20260901
B1_spatial,1.0,per_class,all,micro,top10_jaccard,0.07090801162100697,0.06014741946401074,0.08331501889860855,17,17,19,19,,5000,5000,1.0,3021694564,20260901
B1_spatial,1.0,per_class,all,micro,top20_jaccard,0.13995943417992754,0.12700771115927068,0.15210018232275238,17,17,19,19,,5000,5000,1.0,3021694564,20260901
B1_spatial,1.0,per_class,all,micro,shared_target_either_fraction,0.1688406622617149,0.06975294612794612,0.30103835978835947,17,17,19,19,,5000,5000,1.0,3021694564,20260901
B1_spatial,1.0,per_class,all,micro,shared_background_fraction,0.8311593377382852,0.6989616402116402,0.9302470538720539,17,17,19,19,,5000,5000,1.0,3021694564,20260901
B1_spatial,1.0,per_class,all,micro,shared_other_foreground_fraction,0.0,0.0,0.0,17,17,19,19,,5000,5000,1.0,3021694564,20260901
B1_spatial,1.0,per_class,all,micro,stability_spearman,0.1284197628451404,0.10633781063273984,0.15204701988441366,50,50,67,67,,5000,5000,1.0,3021694564,20260901
B1_spatial,1.0,per_class,all,micro,top10_jaccard,0.0595004161705731,0.055153153938020005,0.06394152486526014,50,50,67,67,,5000,5000,1.0,3021694564,20260901
B1_spatial,1.0,per_class,all,micro,top20_jaccard,0.13050836145179245,0.12348777986674783,0.1383932594252314,50,50,67,67,,5000,5000,1.0,3021694564,20260901
B1_spatial,1.0,per_class,all,micro,shared_target_either_fraction,0.17157838016046972,0.12347944455349145,0.22079135854600437,50,50,67,67,,5000,5000,1.0,3021694564,20260901
B1_spatial,1.0,per_class,all,micro,shared_background_fraction,0.7262884710645904,0.6360815573765769,0.8159215837360246,50,50,67,67,,5000,5000,1.0,3021694564,20260901
B1_spatial,1.0,per_class,all,micro,shared_other_foreground_fraction,0.10213314877493981,0.04155794977135438,0.16678900853237327,50,50,67,67,,5000,5000,1.0,3021694564,20260901
B1_spatial,1.0,per_class,all,micro,stability_spearman,0.17672453348366032,0.09745808802870246,0.28855276868961294,9,9,12,12,,5000,5000,1.0,3021694564,20260901
B1_spatial,1.0,per_class,all,micro,top10_jaccard,0.06898221209287043,0.055287942577819445,0.08477394102877042,9,9,12,12,,5000,5000,1.0,3021694564,20260901
B1_spatial,1.0,per_class,all,micro,top20_jaccard,0.14291059809228038,0.12811689480176416,0.16310744974380534,9,9,12,12,,5000,5000,1.0,3021694564,20260901
B1_spatial,1.0,per_class,all,micro,shared_target_either_fraction,0.2665013227513227,0.12881547619047617,0.46051587301587305,9,9,12,12,,5000,5000,1.0,3021694564,20260901
B1_spatial,1.0,per_class,all,micro,shared_background_fraction,0.5926256613756614,0.401521164021164,0.7646676587301584,9,9,12,12,,5000,5000,1.0,3021694564,20260901
B1_spatial,1.0,per_class,all,micro,shared_other_foreground_fraction,0.14087301587301584,0.03333333333333333,0.24761904761904763,9,9,12,12,,5000,5000,1.0,3021694564,20260901
B1_spatial,1.0,per_class,all,micro,stability_spearman,0.1278380677172117,0.09113251848468322,0.1678003534326941,21,21,24,24,,5000,5000,1.0,3021694564,20260901
B1_spatial,1.0,per_class,all,micro,top10_jaccard,0.05877379727774285,0.05131684682773125,0.06528590292637271,21,21,24,24,,5000,5000,1.0,3021694564,20260901
B1_spatial,1.0,per_class,all,micro,top20_jaccard,0.1299862039487862,0.12072798487893562,0.1399128903721718,21,21,24,24,,5000,5000,1.0,3021694564,20260901
B1_spatial,1.0,per_class,all,micro,shared_target_either_fraction,0.14865655178155177,0.0735796898259843,0.23844018259408575,21,21,24,24,,5000,5000,1.0,3021694564,20260901
B1_spatial,1.0,per_class,all,micro,shared_background_fraction,0.7638434482184482,0.6110546016483517,0.9064372234907949,21,21,24,24,,5000,5000,1.0,3021694564,20260901
B1_spatial,1.0,per_class,all,micro,shared_other_foreground_fraction,0.08750000000000001,0.0,0.2025862068965517,21,21,24,24,,5000,5000,1.0,3021694564,20260901
B1_spatial,1.0,per_class,all,micro,stability_spearman,0.10054889087528866,0.08401513859750083,0.11889341989156968,59,59,101,101,,5000,5000,1.0,3021694564,20260901
B1_spatial,1.0,per_class,all,micro,top10_jaccard,0.062467401143691106,0.05820950805658197,0.06715477604045375,59,59,101,101,,5000,5000,1.0,3021694564,20260901
B1_spatial,1.0,per_class,all,micro,top20_jaccard,0.12310138251939809,0.11882116024792837,0.12757560029060833,59,59,101,101,,5000,5000,1.0,3021694564,20260901
B1_spatial,1.0,per_class,all,micro,shared_target_either_fraction,0.26942529741015475,0.20644388328986726,0.3412196841388041,59,59,101,101,,5000,5000,1.0,3021694564,20260901
B1_spatial,1.0,per_class,all,micro,shared_background_fraction,0.49865307636128847,0.4313447191536178,0.563588587938469,59,59,101,101,,5000,5000,1.0,3021694564,20260901
B1_spatial,1.0,per_class,all,micro,shared_other_foreground_fraction,0.23102153621955607,0.18187138130424896,0.276550345664929,59,59,101,101,,5000,5000,1.0,3021694564,20260901
B1_spatial,1.0,per_class,all,micro,stability_spearman,0.10987643288407067,0.08910202218009247,0.13180941897144824,38,38,51,51,,5000,5000,1.0,3021694564,20260901
B1_spatial,1.0,per_class,all,micro,top10_jaccard,0.05959284226302158,0.05511320069398739,0.06425827391910517,38,38,51,51,,5000,5000,1.0,3021694564,20260901
B1_spatial,1.0,per_class,all,micro,top20_jaccard,0.12822074543348091,0.12270868560135999,0.133533815189904,38,38,51,51,,5000,5000,1.0,3021694564,20260901
B1_spatial,1.0,per_class,all,micro,shared_target_either_fraction,0.4674960116136586,0.37299059789460115,0.5636604891310859,38,38,51,51,,5000,5000,1.0,3021694564,20260901
B1_spatial,1.0,per_class,all,micro,shared_background_fraction,0.5153683462506992,0.4234315562691152,0.605541636297376,38,38,51,51,,5000,5000,1.0,3021694564,20260901
B1_spatial,1.0,per_class,all,micro,shared_other_foreground_fraction,0.014684661743485272,0.0017006802721088435,0.030094905094905092,38,38,51,51,,5000,5000,1.0,3021694564,20260901
B1_spatial,1.0,per_class,all,micro,stability_spearman,0.14734873025955975,0.11753494125849685,0.1784691386621444,62,62,81,81,,5000,5000,1.0,3021694564,20260901
B1_spatial,1.0,per_class,all,micro,top10_jaccard,0.06427345024132745,0.05974398272914944,0.06876168687234757,62,62,81,81,,5000,5000,1.0,3021694564,20260901
B1_spatial,1.0,per_class,all,micro,top20_jaccard,0.12952402803688168,0.12330237706432852,0.13600395972665685,62,62,81,81,,5000,5000,1.0,3021694564,20260901
B1_spatial,1.0,per_class,all,micro,shared_target_either_fraction,0.23038879844435403,0.17035248622229987,0.29518592398737215,62,62,81,81,,5000,5000,1.0,3021694564,20260901
B1_spatial,1.0,per_class,all,micro,shared_background_fraction,0.5959066139621693,0.5128571308441439,0.677202080576769,62,62,81,81,,5000,5000,1.0,3021694564,20260901
B1_spatial,1.0,per_class,all,micro,shared_other_foreground_fraction,0.1737045875934765,0.11556569860431647,0.23489015642173935,62,62,81,81,,5000,5000,1.0,3021694564,20260901
B1_spatial,1.0,per_class,all,micro,stability_spearman,0.21631465879307793,0.18232082112565112,0.2564301069174636,29,29,41,41,,5000,5000,1.0,3021694564,20260901
B1_spatial,1.0,per_class,all,micro,top10_jaccard,0.07388906668867162,0.06708091090348758,0.08132630710795367,29,29,41,41,,5000,5000,1.0,3021694564,20260901
B1_spatial,1.0,per_class,all,micro,top20_jaccard,0.14212029604175516,0.13314879855386463,0.15263808641217375,29,29,41,41,,5000,5000,1.0,3021694564,20260901
B1_spatial,1.0,per_class,all,micro,shared_target_either_fraction,0.3885554307003375,0.2972805105433782,0.4938122759488706,29,29,41,41,,5000,5000,1.0,3021694564,20260901
B1_spatial,1.0,per_class,all,micro,shared_background_fraction,0.41843737324368596,0.3056629149408227,0.5429418573133177,29,29,41,41,,5000,5000,1.0,3021694564,20260901
B1_spatial,1.0,per_class,all,micro,shared_other_foreground_fraction,0.19300719605597655,0.09083571983571984,0.28710424557326725,29,29,41,41,,5000,5000,1.0,3021694564,20260901
B1_spatial,1.0,per_class,all,micro,stability_spearman,0.12520785542053003,0.1090107892457829,0.14246787285503906,103,103,167,167,,5000,5000,1.0,3021694564,20260901
B1_spatial,1.0,per_class,all,micro,top10_jaccard,0.06371255177541857,0.06071451451496088,0.06665513512589749,103,103,167,167,,5000,5000,1.0,3021694564,20260901
B1_spatial,1.0,per_class,all,micro,top20_jaccard,0.12648790418346625,0.12334698104431115,0.12980808628493049,103,103,167,167,,5000,5000,1.0,3021694564,20260901
B1_spatial,1.0,per_class,all,micro,shared_target_either_fraction,0.1816102892450198,0.15124761448868593,0.21502343144963967,103,103,167,167,,5000,5000,1.0,3021694564,20260901
B1_spatial,1.0,per_class,all,micro,shared_background_fraction,0.6713607084864568,0.6135935346639121,0.7265320251965168,103,103,167,167,,5000,5000,1.0,3021694564,20260901
B1_spatial,1.0,per_class,all,micro,shared_other_foreground_fraction,0.1470290022685232,0.10824348861329339,0.1866717442634239,103,103,167,167,,5000,5000,1.0,3021694564,20260901
B1_spatial,1.0,per_class,all,micro,stability_spearman,0.1615611192640365,0.1074733715999011,0.21294286551860653,14,14,16,16,,5000,5000,1.0,3021694564,20260901
B1_spatial,1.0,per_class,all,micro,top10_jaccard,0.05031905970477797,0.04121289562870894,0.06103528149358605,14,14,16,16,,5000,5000,1.0,3021694564,20260901
B1_spatial,1.0,per_class,all,micro,top20_jaccard,0.130512431035264,0.116448225116715,0.1443694541942603,14,14,16,16,,5000,5000,1.0,3021694564,20260901
B1_spatial,1.0,per_class,all,micro,shared_target_either_fraction,0.23598710317460317,0.12172910830999067,0.38214409722222226,14,14,16,16,,5000,5000,1.0,3021694564,20260901
B1_spatial,1.0,per_class,all,micro,shared_background_fraction,0.7431795634920634,0.6011904761904762,0.8586883364456893,14,14,16,16,,5000,5000,1.0,3021694564,20260901
B1_spatial,1.0,per_class,all,micro,shared_other_foreground_fraction,0.020833333333333332,0.0,0.06666666666666667,14,14,16,16,,5000,5000,1.0,3021694564,20260901
B1_spatial,1.0,per_class,all,micro,stability_spearman,0.08204126212640607,0.06114284359231771,0.1038247145443503,55,55,67,67,,5000,5000,1.0,3021694564,20260901
B1_spatial,1.0,per_class,all,micro,top10_jaccard,0.05563150595874419,0.050629607969962756,0.06039779736546484,55,55,67,67,,5000,5000,1.0,3021694564,20260901
B1_spatial,1.0,per_class,all,micro,top20_jaccard,0.12280253586837818,0.11806323964567124,0.12798969048757158,55,55,67,67,,5000,5000,1.0,3021694564,20260901
B1_spatial,1.0,per_class,all,micro,shared_target_either_fraction,0.43279931348113154,0.3389120737156452,0.5407631496463464,54,55,66,67,,5000,5000,1.0,3021694564,20260901
B1_spatial,1.0,per_class,all,micro,shared_background_fraction,0.47933144296780666,0.38013258261634686,0.5680512749743092,54,55,66,67,,5000,5000,1.0,3021694564,20260901
B1_spatial,1.0,per_class,all,micro,shared_other_foreground_fraction,0.08786924355106174,0.04477511218289907,0.1335437885017924,54,55,66,67,,5000,5000,1.0,3021694564,20260901
B1_spatial,1.0,per_class,all,micro,stability_spearman,0.1734955613496587,0.13721681960662682,0.210650573583218,40,40,49,49,,5000,5000,1.0,3021694564,20260901
B1_spatial,1.0,per_class,all,micro,top10_jaccard,0.05941023741140891,0.053377811153325475,0.06586038721982612,40,40,49,49,,5000,5000,1.0,3021694564,20260901
B1_spatial,1.0,per_class,all,micro,top20_jaccard,0.1319237921392431,0.12352040992723538,0.1402682610156808,40,40,49,49,,5000,5000,1.0,3021694564,20260901
B1_spatial,1.0,per_class,all,micro,shared_target_either_fraction,0.38358427286998714,0.286403393175452,0.4880286862895555,40,40,49,49,,5000,5000,1.0,3021694564,20260901
B1_spatial,1.0,per_class,all,micro,shared_background_fraction,0.5321429704082765,0.42323001952757383,0.6428731005684131,40,40,49,49,,5000,5000,1.0,3021694564,20260901
B1_spatial,1.0,per_class,all,micro,shared_other_foreground_fraction,0.0842727567217363,0.027215608465608467,0.14788027909576523,40,40,49,49,,5000,5000,1.0,3021694564,20260901
B1_spatial,1.0,per_class,all,micro,stability_spearman,0.15342045914960675,0.12903322271847645,0.1796401654953033,35,35,35,35,,5000,5000,1.0,3021694564,20260901
B1_spatial,1.0,per_class,all,micro,top10_jaccard,0.06058334758168829,0.052924505932154885,0.06856162523947432,35,35,35,35,,5000,5000,1.0,3021694564,20260901
B1_spatial,1.0,per_class,all,micro,top20_jaccard,0.12542562568078103,0.11809723493118553,0.13277081692431053,35,35,35,35,,5000,5000,1.0,3021694564,20260901
B1_spatial,1.0,per_class,all,micro,shared_target_either_fraction,0.1991870827585113,0.13678077478077477,0.26711088712874415,35,35,35,35,,5000,5000,1.0,3021694564,20260901
B1_spatial,1.0,per_class,all,micro,shared_background_fraction,0.8008129172414887,0.7328891128712557,0.8632192252192253,35,35,35,35,,5000,5000,1.0,3021694564,20260901
B1_spatial,1.0,per_class,all,micro,shared_other_foreground_fraction,0.0,0.0,0.0,35,35,35,35,,5000,5000,1.0,3021694564,20260901
B1_spatial,1.0,per_class,all,micro,stability_spearman,0.11850951016487414,0.09208316651689596,0.14363430813023623,48,48,50,50,,5000,5000,1.0,3021694564,20260901
B1_spatial,1.0,per_class,all,micro,top10_jaccard,0.05576666623185611,0.050429328061814375,0.06103264719372132,48,48,50,50,,5000,5000,1.0,3021694564,20260901
B1_spatial,1.0,per_class,all,micro,top20_jaccard,0.1209115203292985,0.11474858838219566,0.12724106936908888,48,48,50,50,,5000,5000,1.0,3021694564,20260901
B1_spatial,1.0,per_class,all,micro,shared_target_either_fraction,0.24748284595223363,0.1781468500861883,0.3209602347883597,47,48,49,50,,5000,5000,1.0,3021694564,20260901
B1_spatial,1.0,per_class,all,micro,shared_background_fraction,0.7372758194186764,0.6620310980882789,0.8099442114598361,47,48,49,50,,5000,5000,1.0,3021694564,20260901
B1_spatial,1.0,per_class,all,micro,shared_other_foreground_fraction,0.015241334629089732,0.0020408163265306124,0.032651322751322744,47,48,49,50,,5000,5000,1.0,3021694564,20260901
B1_spatial,1.0,per_class,all,micro,stability_spearman,0.13076061851093207,0.10923487021195805,0.15225953993371408,82,82,89,89,,5000,5000,1.0,3021694564,20260901
B1_spatial,1.0,per_class,all,micro,top10_jaccard,0.0591391830084781,0.054782328216234216,0.06345468990004177,82,82,89,89,,5000,5000,1.0,3021694564,20260901
B1_spatial,1.0,per_class,all,micro,top20_jaccard,0.1265531547251892,0.12189447560804716,0.13149814532515403,82,82,89,89,,5000,5000,1.0,3021694564,20260901
B1_spatial,1.0,per_class,all,micro,shared_target_either_fraction,0.2881318431880231,0.2321806601378231,0.34761254595078117,82,82,89,89,,5000,5000,1.0,3021694564,20260901
B1_spatial,1.0,per_class,all,micro,shared_background_fraction,0.6512924029777962,0.5893739759553632,0.7127854916247773,82,82,89,89,,5000,5000,1.0,3021694564,20260901
B1_spatial,1.0,per_class,all,micro,shared_other_foreground_fraction,0.060575753834180804,0.027538582585996382,0.09942924998282139,82,82,89,89,,5000,5000,1.0,3021694564,20260901
B1_spatial,1.0,per_class,all,micro,stability_spearman,0.06260722661249545,0.0350939006109474,0.09121558772157634,26,26,27,27,,5000,5000,1.0,3021694564,20260901
B1_spatial,1.0,per_class,all,micro,top10_jaccard,0.04622792570918149,0.036852916081235934,0.056185208377897644,26,26,27,27,,5000,5000,1.0,3021694564,20260901
B1_spatial,1.0,per_class,all,micro,top20_jaccard,0.11110918610867256,0.10112303487774635,0.12184856735627053,26,26,27,27,,5000,5000,1.0,3021694564,20260901
B1_spatial,1.0,per_class,all,micro,shared_target_either_fraction,0.12524420024420024,0.04115226337448559,0.2313698412698412,25,26,26,27,,5000,5000,1.0,3021694564,20260901
B1_spatial,1.0,per_class,all,micro,shared_background_fraction,0.8175213675213675,0.7106503968253969,0.9096507936507938,25,26,26,27,,5000,5000,1.0,3021694564,20260901
B1_spatial,1.0,per_class,all,micro,shared_other_foreground_fraction,0.05723443223443224,0.006944444444444444,0.12213403880070546,25,26,26,27,,5000,5000,1.0,3021694564,20260901
B1_spatial,1.0,per_class,all,micro,stability_spearman,0.11035208916582698,0.0696603714366077,0.14770499113916413,10,10,10,10,,5000,5000,1.0,3021694564,20260901
B1_spatial,1.0,per_class,all,micro,top10_jaccard,0.06138792896474334,0.05043931205133135,0.07351645702830677,10,10,10,10,,5000,5000,1.0,3021694564,20260901
B1_spatial,1.0,per_class,all,micro,top20_jaccard,0.12957391071161944,0.1182353679525369,0.13939114319575122,10,10,10,10,,5000,5000,1.0,3021694564,20260901
B1_spatial,1.0,per_class,all,micro,shared_target_either_fraction,0.13575396825396827,0.051587301587301584,0.2253988095238095,10,10,10,10,,5000,5000,1.0,3021694564,20260901
B1_spatial,1.0,per_class,all,micro,shared_background_fraction,0.6858730158730159,0.49601190476190476,0.8595238095238095,10,10,10,10,,5000,5000,1.0,3021694564,20260901
B1_spatial,1.0,per_class,all,micro,shared_other_foreground_fraction,0.17837301587301585,0.016666666666666666,0.38234126984126987,10,10,10,10,,5000,5000,1.0,3021694564,20260901
B2_feature,1.0,all_positive_classes,all,micro,stability_spearman,0.13190927246540507,0.12456192131876712,0.13972568267386146,522,522,906,906,,5000,5000,1.0,3021694564,20260901
B2_feature,1.0,all_positive_classes,all,micro,top10_jaccard,0.061341985469621246,0.059933997655923124,0.0627346575147483,522,522,906,906,,5000,5000,1.0,3021694564,20260901
B2_feature,1.0,all_positive_classes,all,micro,top20_jaccard,0.12797789936880352,0.1263476615265362,0.1296467638584784,522,522,906,906,,5000,5000,1.0,3021694564,20260901
B2_feature,1.0,all_positive_classes,all,micro,shared_target_either_fraction,0.26754285919897525,0.24573707926699367,0.29013336987977956,522,522,906,906,,5000,5000,1.0,3021694564,20260901
B2_feature,1.0,all_positive_classes,all,micro,shared_background_fraction,0.6231546622518577,0.5918957846346222,0.6543305731172919,522,522,906,906,,5000,5000,1.0,3021694564,20260901
B2_feature,1.0,all_positive_classes,all,micro,shared_other_foreground_fraction,0.10845714409456134,0.0897722190710086,0.12711513337735372,522,522,906,906,,5000,5000,1.0,3021694564,20260901
B2_feature,1.0,all_positive_classes,all,macro_class,stability_spearman,0.13994998601031014,0.1309268399387229,0.15035449904993525,522,522,906,906,17,5000,5000,1.0,3021694564,20260901
B2_feature,1.0,all_positive_classes,all,macro_class,top10_jaccard,0.061812808757230775,0.06001643817287054,0.06372991994972156,522,522,906,906,17,5000,5000,1.0,3021694564,20260901
B2_feature,1.0,all_positive_classes,all,macro_class,top20_jaccard,0.1288401897873205,0.12661060351687098,0.1312851196847401,522,522,906,906,17,5000,5000,1.0,3021694564,20260901
B2_feature,1.0,all_positive_classes,all,macro_class,shared_target_either_fraction,0.26905313762742294,0.24545139481420072,0.29530029331959423,522,522,906,906,17,5000,5000,1.0,3021694564,20260901
B2_feature,1.0,all_positive_classes,all,macro_class,shared_background_fraction,0.6387289845607862,0.6048852011081682,0.6729680310459419,522,522,906,906,17,5000,5000,1.0,3021694564,20260901
B2_feature,1.0,all_positive_classes,all,macro_class,shared_other_foreground_fraction,0.09164991454998421,0.06975191385698828,0.11238693658556353,522,522,906,906,17,5000,5000,1.0,3021694564,20260901
B2_feature,1.0,all_positive_classes,exactly_2_labels,micro,stability_spearman,0.15050350362558887,0.13900349995457698,0.1622270716942242,375,375,375,375,,5000,5000,1.0,3021694564,20260901
B2_feature,1.0,all_positive_classes,exactly_2_labels,micro,top10_jaccard,0.06321881199465361,0.060926488137829686,0.065647733662752,375,375,375,375,,5000,5000,1.0,3021694564,20260901
B2_feature,1.0,all_positive_classes,exactly_2_labels,micro,top20_jaccard,0.12929713824871455,0.1265939190104984,0.13197143137746672,375,375,375,375,,5000,5000,1.0,3021694564,20260901
B2_feature,1.0,all_positive_classes,exactly_2_labels,micro,shared_target_either_fraction,0.3465882542294308,0.31590386325003966,0.3781144843881609,375,375,375,375,,5000,5000,1.0,3021694564,20260901
B2_feature,1.0,all_positive_classes,exactly_2_labels,micro,shared_background_fraction,0.6526117457705689,0.6211751816592992,0.6833458629932158,375,375,375,375,,5000,5000,1.0,3021694564,20260901
B2_feature,1.0,all_positive_classes,exactly_2_labels,micro,shared_other_foreground_fraction,0.00035555555555555557,0.0,0.0010666666666666667,375,375,375,375,,5000,5000,1.0,3021694564,20260901
B2_feature,1.0,all_positive_classes,exactly_2_labels,macro_class,stability_spearman,0.15559737960043563,0.14103155137936318,0.1701798780623823,375,375,375,375,17,5000,5000,1.0,3021694564,20260901
B2_feature,1.0,all_positive_classes,exactly_2_labels,macro_class,top10_jaccard,0.06447435866334413,0.06124986791699728,0.06764359308638475,375,375,375,375,17,5000,5000,1.0,3021694564,20260901
B2_feature,1.0,all_positive_classes,exactly_2_labels,macro_class,top20_jaccard,0.13107928200030583,0.1279696008367726,0.13426227326170556,375,375,375,375,17,5000,5000,1.0,3021694564,20260901
B2_feature,1.0,all_positive_classes,exactly_2_labels,macro_class,shared_target_either_fraction,0.35722928860434794,0.3218484797703947,0.3928752058867658,375,375,375,375,17,5000,5000,1.0,3021694564,20260901
B2_feature,1.0,all_positive_classes,exactly_2_labels,macro_class,shared_background_fraction,0.6420668401035452,0.6063691583947849,0.6772983601775737,375,375,375,375,17,5000,5000,1.0,3021694564,20260901
B2_feature,1.0,all_positive_classes,exactly_2_labels,macro_class,shared_other_foreground_fraction,0.00032679738562091506,0.0,0.0011204481792717086,375,375,375,375,17,5000,5000,1.0,3021694564,20260901
B2_feature,1.0,all_positive_classes,3plus_labels,micro,stability_spearman,0.11877775328448441,0.1093861836570994,0.12862686593294032,147,147,531,531,,5000,5000,1.0,3021694564,20260901
B2_feature,1.0,all_positive_classes,3plus_labels,micro,top10_jaccard,0.06001654300844023,0.058376146384896986,0.06168993132537797,147,147,531,531,,5000,5000,1.0,3021694564,20260901
B2_feature,1.0,all_positive_classes,3plus_labels,micro,top20_jaccard,0.1270462334931603,0.12497061968917109,0.12913342361165106,147,147,531,531,,5000,5000,1.0,3021694564,20260901
B2_feature,1.0,all_positive_classes,3plus_labels,micro,shared_target_either_fraction,0.21171984010967065,0.18349058743021598,0.24068698101997218,147,147,531,531,,5000,5000,1.0,3021694564,20260901
B2_feature,1.0,all_positive_classes,3plus_labels,micro,shared_background_fraction,0.6023516371680214,0.5538184651349067,0.6522061564708814,147,147,531,531,,5000,5000,1.0,3021694564,20260901
B2_feature,1.0,all_positive_classes,3plus_labels,micro,shared_other_foreground_fraction,0.18480007385374622,0.15780244399077217,0.2111894382553272,147,147,531,531,,5000,5000,1.0,3021694564,20260901
B2_feature,1.0,all_positive_classes,3plus_labels,macro_class,stability_spearman,0.12438642973735291,0.11120958485573289,0.13274629146512334,147,147,531,531,17,5000,5000,1.0,3021694564,20260901
B2_feature,1.0,all_positive_classes,3plus_labels,macro_class,top10_jaccard,0.05883103991569111,0.05634782702825582,0.06137576584188713,147,147,531,531,17,5000,5000,1.0,3021694564,20260901
B2_feature,1.0,all_positive_classes,3plus_labels,macro_class,top20_jaccard,0.12720372142004663,0.1231036074100971,0.1302298494739733,147,147,531,531,17,5000,5000,1.0,3021694564,20260901
B2_feature,1.0,all_positive_classes,3plus_labels,macro_class,shared_target_either_fraction,0.21233086042783528,0.17570869103915868,0.26692653843397374,147,147,531,531,17,5000,5000,1.0,3021694564,20260901
B2_feature,1.0,all_positive_classes,3plus_labels,macro_class,shared_background_fraction,0.6245107832972061,0.5561141531512267,0.6809595169916226,147,147,531,531,17,5000,5000,1.0,3021694564,20260901
B2_feature,1.0,all_positive_classes,3plus_labels,macro_class,shared_other_foreground_fraction,0.1623894557671348,0.12683837138594226,0.19889515108494935,147,147,531,531,17,5000,5000,1.0,3021694564,20260901
B2_feature,1.0,per_class,all,micro,stability_spearman,0.24004163882815865,0.18058386371527654,0.2988232776392764,17,17,19,19,,5000,5000,1.0,3021694564,20260901
B2_feature,1.0,per_class,all,micro,top10_jaccard,0.06895560384562507,0.06062683299608937,0.07907758679511472,17,17,19,19,,5000,5000,1.0,3021694564,20260901
B2_feature,1.0,per_class,all,micro,top20_jaccard,0.13924649298704392,0.12540006408829302,0.15299406640173374,17,17,19,19,,5000,5000,1.0,3021694564,20260901
B2_feature,1.0,per_class,all,micro,shared_target_either_fraction,0.13976608187134504,0.04999939874939875,0.24820682313329367,17,17,19,19,,5000,5000,1.0,3021694564,20260901
B2_feature,1.0,per_class,all,micro,shared_background_fraction,0.860233918128655,0.7517931768667062,0.9500006012506013,17,17,19,19,,5000,5000,1.0,3021694564,20260901
B2_feature,1.0,per_class,all,micro,shared_other_foreground_fraction,0.0,0.0,0.0,17,17,19,19,,5000,5000,1.0,3021694564,20260901
B2_feature,1.0,per_class,all,micro,stability_spearman,0.1323614679804057,0.11097289750864048,0.15543200004705465,50,50,67,67,,5000,5000,1.0,3021694564,20260901
B2_feature,1.0,per_class,all,micro,top10_jaccard,0.06008067432243224,0.05551591878317731,0.0644046053154905,50,50,67,67,,5000,5000,1.0,3021694564,20260901
B2_feature,1.0,per_class,all,micro,top20_jaccard,0.1307005780010195,0.1253249444877721,0.13616714988529433,50,50,67,67,,5000,5000,1.0,3021694564,20260901
B2_feature,1.0,per_class,all,micro,shared_target_either_fraction,0.18635067254470236,0.1331551858903775,0.24184901851879465,50,50,67,67,,5000,5000,1.0,3021694564,20260901
B2_feature,1.0,per_class,all,micro,shared_background_fraction,0.7153596817775922,0.6227428141180184,0.8077350738039077,50,50,67,67,,5000,5000,1.0,3021694564,20260901
B2_feature,1.0,per_class,all,micro,shared_other_foreground_fraction,0.0982896456777054,0.038428873586665524,0.1614626063524315,50,50,67,67,,5000,5000,1.0,3021694564,20260901
B2_feature,1.0,per_class,all,micro,stability_spearman,0.1769986502280939,0.09734336110770848,0.2901248010395997,9,9,12,12,,5000,5000,1.0,3021694564,20260901
B2_feature,1.0,per_class,all,micro,top10_jaccard,0.07255709363272517,0.06488157626026621,0.08351375159271143,9,9,12,12,,5000,5000,1.0,3021694564,20260901
B2_feature,1.0,per_class,all,micro,top20_jaccard,0.13620405102824507,0.11851596509478286,0.15981573881859473,9,9,12,12,,5000,5000,1.0,3021694564,20260901
B2_feature,1.0,per_class,all,micro,shared_target_either_fraction,0.3700563325563326,0.2430119047619048,0.5391666666666667,9,9,12,12,,5000,5000,1.0,3021694564,20260901
B2_feature,1.0,per_class,all,micro,shared_background_fraction,0.47896964146964155,0.28929872211122215,0.6541651908697363,9,9,12,12,,5000,5000,1.0,3021694564,20260901
B2_feature,1.0,per_class,all,micro,shared_other_foreground_fraction,0.15097402597402598,0.03571428571428571,0.2779220779220779,9,9,12,12,,5000,5000,1.0,3021694564,20260901
B2_feature,1.0,per_class,all,micro,stability_spearman,0.13599705283765912,0.10044082155203907,0.17589623564805523,21,21,24,24,,5000,5000,1.0,3021694564,20260901
B2_feature,1.0,per_class,all,micro,top10_jaccard,0.06634325475299516,0.05739414246717522,0.07724362029375373,21,21,24,24,,5000,5000,1.0,3021694564,20260901
B2_feature,1.0,per_class,all,micro,top20_jaccard,0.12995058171134227,0.1200680956609755,0.14081097672376322,21,21,24,24,,5000,5000,1.0,3021694564,20260901
B2_feature,1.0,per_class,all,micro,shared_target_either_fraction,0.1630638900859489,0.07839911399342346,0.2756065115440113,21,21,24,24,,5000,5000,1.0,3021694564,20260901
B2_feature,1.0,per_class,all,micro,shared_background_fraction,0.7551735437764849,0.6184890796062015,0.8874804755089682,21,21,24,24,,5000,5000,1.0,3021694564,20260901
B2_feature,1.0,per_class,all,micro,shared_other_foreground_fraction,0.08176256613756613,0.0,0.19376026272577995,21,21,24,24,,5000,5000,1.0,3021694564,20260901
B2_feature,1.0,per_class,all,micro,stability_spearman,0.10390980558879669,0.08766735384723376,0.12125422346357749,59,59,101,101,,5000,5000,1.0,3021694564,20260901
B2_feature,1.0,per_class,all,micro,top10_jaccard,0.05951191173103222,0.055508094578594736,0.06360477520440823,59,59,101,101,,5000,5000,1.0,3021694564,20260901
B2_feature,1.0,per_class,all,micro,top20_jaccard,0.12451737057917284,0.12107649819161191,0.12809810917569386,59,59,101,101,,5000,5000,1.0,3021694564,20260901
B2_feature,1.0,per_class,all,micro,shared_target_either_fraction,0.2748019856930748,0.20889617908743435,0.3504032273408319,59,59,101,101,,5000,5000,1.0,3021694564,20260901
B2_feature,1.0,per_class,all,micro,shared_background_fraction,0.5206616540774957,0.4443476721927186,0.592508514662421,59,59,101,101,,5000,5000,1.0,3021694564,20260901
B2_feature,1.0,per_class,all,micro,shared_other_foreground_fraction,0.20288619521292792,0.15397438075155268,0.24765515429093912,59,59,101,101,,5000,5000,1.0,3021694564,20260901
B2_feature,1.0,per_class,all,micro,stability_spearman,0.11643884309256844,0.09780222479694228,0.13581558110783354,38,38,51,51,,5000,5000,1.0,3021694564,20260901
B2_feature,1.0,per_class,all,micro,top10_jaccard,0.05916449884570302,0.054904831685870625,0.06391714188151958,38,38,51,51,,5000,5000,1.0,3021694564,20260901
B2_feature,1.0,per_class,all,micro,top20_jaccard,0.1297693560232755,0.12501416746411817,0.13440382226555503,38,38,51,51,,5000,5000,1.0,3021694564,20260901
B2_feature,1.0,per_class,all,micro,shared_target_either_fraction,0.4684449537390714,0.37788579067990835,0.5579435178628994,38,38,51,51,,5000,5000,1.0,3021694564,20260901
B2_feature,1.0,per_class,all,micro,shared_background_fraction,0.5135111620405738,0.4285740025905467,0.6009045606930183,38,38,51,51,,5000,5000,1.0,3021694564,20260901
B2_feature,1.0,per_class,all,micro,shared_other_foreground_fraction,0.014775910364145658,0.0,0.03707792207792208,38,38,51,51,,5000,5000,1.0,3021694564,20260901
B2_feature,1.0,per_class,all,micro,stability_spearman,0.1471821831922418,0.11929194962803881,0.1769288028085059,62,62,81,81,,5000,5000,1.0,3021694564,20260901
B2_feature,1.0,per_class,all,micro,top10_jaccard,0.06552874762042102,0.06068277378276865,0.07081710747673636,62,62,81,81,,5000,5000,1.0,3021694564,20260901
B2_feature,1.0,per_class,all,micro,top20_jaccard,0.12942657775370478,0.12305466836843537,0.13588900214110286,62,62,81,81,,5000,5000,1.0,3021694564,20260901
B2_feature,1.0,per_class,all,micro,shared_target_either_fraction,0.23419301891524116,0.1781947982062872,0.2956362942612942,62,62,81,81,,5000,5000,1.0,3021694564,20260901
B2_feature,1.0,per_class,all,micro,shared_background_fraction,0.5686309061309063,0.48788660499598,0.6487234975915898,62,62,81,81,,5000,5000,1.0,3021694564,20260901
B2_feature,1.0,per_class,all,micro,shared_other_foreground_fraction,0.19717607495385273,0.1348572254682452,0.2635182552385607,62,62,81,81,,5000,5000,1.0,3021694564,20260901
B2_feature,1.0,per_class,all,micro,stability_spearman,0.20600898266584816,0.171048174039661,0.24629688629736662,29,29,41,41,,5000,5000,1.0,3021694564,20260901
B2_feature,1.0,per_class,all,micro,top10_jaccard,0.07107742564347075,0.06167461347173205,0.08158624676439181,29,29,41,41,,5000,5000,1.0,3021694564,20260901
B2_feature,1.0,per_class,all,micro,top20_jaccard,0.14361028167806345,0.13422111121934385,0.1543566579657745,29,29,41,41,,5000,5000,1.0,3021694564,20260901
B2_feature,1.0,per_class,all,micro,shared_target_either_fraction,0.3776247027323067,0.2881794539452642,0.48465010530540586,29,29,41,41,,5000,5000,1.0,3021694564,20260901
B2_feature,1.0,per_class,all,micro,shared_background_fraction,0.4397772719867411,0.3200825799518483,0.5677585541045008,29,29,41,41,,5000,5000,1.0,3021694564,20260901
B2_feature,1.0,per_class,all,micro,shared_other_foreground_fraction,0.1825980252809521,0.07876878908128909,0.27531469225219213,29,29,41,41,,5000,5000,1.0,3021694564,20260901
B2_feature,1.0,per_class,all,micro,stability_spearman,0.12879397323838288,0.11298701782867818,0.14518002308528385,103,103,167,167,,5000,5000,1.0,3021694564,20260901
B2_feature,1.0,per_class,all,micro,top10_jaccard,0.06263968476470486,0.059655575707450385,0.06573861082790415,103,103,167,167,,5000,5000,1.0,3021694564,20260901
B2_feature,1.0,per_class,all,micro,top20_jaccard,0.12783115759466826,0.12426499915721297,0.1315620614644799,103,103,167,167,,5000,5000,1.0,3021694564,20260901
B2_feature,1.0,per_class,all,micro,shared_target_either_fraction,0.17406253094875845,0.1437168972016355,0.2082355828133307,103,103,167,167,,5000,5000,1.0,3021694564,20260901
B2_feature,1.0,per_class,all,micro,shared_background_fraction,0.6854117605614611,0.6284478295929713,0.7378339396039317,103,103,167,167,,5000,5000,1.0,3021694564,20260901
B2_feature,1.0,per_class,all,micro,shared_other_foreground_fraction,0.1391118695010911,0.09980078246309583,0.1817882926548571,103,103,167,167,,5000,5000,1.0,3021694564,20260901
B2_feature,1.0,per_class,all,micro,stability_spearman,0.1570855876460118,0.10270461543516365,0.20737725358079218,14,14,16,16,,5000,5000,1.0,3021694564,20260901
B2_feature,1.0,per_class,all,micro,top10_jaccard,0.05260831544851795,0.04306086688952646,0.06225024722743934,14,14,16,16,,5000,5000,1.0,3021694564,20260901
B2_feature,1.0,per_class,all,micro,top20_jaccard,0.1285095627746935,0.11609594541954052,0.13955735927239843,14,14,16,16,,5000,5000,1.0,3021694564,20260901
B2_feature,1.0,per_class,all,micro,shared_target_either_fraction,0.2541982323232323,0.13495571035431717,0.4039682539682539,14,14,16,16,,5000,5000,1.0,3021694564,20260901
B2_feature,1.0,per_class,all,micro,shared_background_fraction,0.7208017676767677,0.5657458513708514,0.8503090958605665,14,14,16,16,,5000,5000,1.0,3021694564,20260901
B2_feature,1.0,per_class,all,micro,shared_other_foreground_fraction,0.025,0.0,0.08000000000000002,14,14,16,16,,5000,5000,1.0,3021694564,20260901
B2_feature,1.0,per_class,all,micro,stability_spearman,0.08545091957866019,0.0650902340107225,0.10628887747257555,55,55,67,67,,5000,5000,1.0,3021694564,20260901
B2_feature,1.0,per_class,all,micro,top10_jaccard,0.05650495959188414,0.051602917247855706,0.06093028775579078,55,55,67,67,,5000,5000,1.0,3021694564,20260901
B2_feature,1.0,per_class,all,micro,top20_jaccard,0.12273660873434378,0.11727388191792303,0.12839220825931638,55,55,67,67,,5000,5000,1.0,3021694564,20260901
B2_feature,1.0,per_class,all,micro,shared_target_either_fraction,0.41302565593610374,0.3221008500922769,0.5165873476881541,55,55,67,67,,5000,5000,1.0,3021694564,20260901
B2_feature,1.0,per_class,all,micro,shared_background_fraction,0.48915769139649723,0.3950436913685984,0.577004738935934,55,55,67,67,,5000,5000,1.0,3021694564,20260901
B2_feature,1.0,per_class,all,micro,shared_other_foreground_fraction,0.0959509810256079,0.052166347541347545,0.14270134785759783,55,55,67,67,,5000,5000,1.0,3021694564,20260901
B2_feature,1.0,per_class,all,micro,stability_spearman,0.16863165747746914,0.13233370951795728,0.20532365134147307,40,40,49,49,,5000,5000,1.0,3021694564,20260901
B2_feature,1.0,per_class,all,micro,top10_jaccard,0.0626221610858061,0.05601057083309682,0.06950749465151444,40,40,49,49,,5000,5000,1.0,3021694564,20260901
B2_feature,1.0,per_class,all,micro,top20_jaccard,0.13146330540811654,0.12356612390009108,0.1398512239510024,40,40,49,49,,5000,5000,1.0,3021694564,20260901
B2_feature,1.0,per_class,all,micro,shared_target_either_fraction,0.41481075613728674,0.3213556754667004,0.5114953680131387,40,40,49,49,,5000,5000,1.0,3021694564,20260901
B2_feature,1.0,per_class,all,micro,shared_background_fraction,0.5051924832537077,0.4012488090066399,0.6098341127316309,40,40,49,49,,5000,5000,1.0,3021694564,20260901
B2_feature,1.0,per_class,all,micro,shared_other_foreground_fraction,0.07853903466148364,0.03197399527186761,0.12752646280734514,40,40,49,49,,5000,5000,1.0,3021694564,20260901
B2_feature,1.0,per_class,all,micro,stability_spearman,0.15495932559772882,0.12934098488048582,0.1814842180999971,35,35,35,35,,5000,5000,1.0,3021694564,20260901
B2_feature,1.0,per_class,all,micro,top10_jaccard,0.06140704168265214,0.054516192465727906,0.06801984942307465,35,35,35,35,,5000,5000,1.0,3021694564,20260901
B2_feature,1.0,per_class,all,micro,top20_jaccard,0.12727648883037443,0.11980362880506569,0.13505304167466323,35,35,35,35,,5000,5000,1.0,3021694564,20260901
B2_feature,1.0,per_class,all,micro,shared_target_either_fraction,0.19971346114203256,0.13958828076685223,0.26460706555349406,35,35,35,35,,5000,5000,1.0,3021694564,20260901
B2_feature,1.0,per_class,all,micro,shared_background_fraction,0.7955246340960629,0.7327534013605442,0.8562313955885384,35,35,35,35,,5000,5000,1.0,3021694564,20260901
B2_feature,1.0,per_class,all,micro,shared_other_foreground_fraction,0.0047619047619047615,0.0,0.014285714285714285,35,35,35,35,,5000,5000,1.0,3021694564,20260901
B2_feature,1.0,per_class,all,micro,stability_spearman,0.12254839428407195,0.09837216100129294,0.14584920943602186,48,48,50,50,,5000,5000,1.0,3021694564,20260901
B2_feature,1.0,per_class,all,micro,top10_jaccard,0.05972420563669931,0.05444112542730424,0.06508565155385453,48,48,50,50,,5000,5000,1.0,3021694564,20260901
B2_feature,1.0,per_class,all,micro,top20_jaccard,0.12149741506061439,0.11594194602437222,0.12719378867826106,48,48,50,50,,5000,5000,1.0,3021694564,20260901
B2_feature,1.0,per_class,all,micro,shared_target_either_fraction,0.2497545232545232,0.18645208624575374,0.3136073489589114,48,48,50,50,,5000,5000,1.0,3021694564,20260901
B2_feature,1.0,per_class,all,micro,shared_background_fraction,0.7331899211899213,0.6664859350117003,0.7985504764676433,48,48,50,50,,5000,5000,1.0,3021694564,20260901
B2_feature,1.0,per_class,all,micro,shared_other_foreground_fraction,0.017055555555555556,0.0022222222222222222,0.03883246527777776,48,48,50,50,,5000,5000,1.0,3021694564,20260901
B2_feature,1.0,per_class,all,micro,stability_spearman,0.1289961219627491,0.10780867714436516,0.14990207919267337,82,82,89,89,,5000,5000,1.0,3021694564,20260901
B2_feature,1.0,per_class,all,micro,top10_jaccard,0.06041623038703478,0.05584168601712605,0.06509602236010091,82,82,89,89,,5000,5000,1.0,3021694564,20260901
B2_feature,1.0,per_class,all,micro,top20_jaccard,0.12707983801704711,0.12217470727957003,0.13209910258277938,82,82,89,89,,5000,5000,1.0,3021694564,20260901
B2_feature,1.0,per_class,all,micro,shared_target_either_fraction,0.28752193499384504,0.23331116059346393,0.34648912215045935,82,82,89,89,,5000,5000,1.0,3021694564,20260901
B2_feature,1.0,per_class,all,micro,shared_background_fraction,0.6517254748996322,0.5921898732741521,0.7108607033398698,82,82,89,89,,5000,5000,1.0,3021694564,20260901
B2_feature,1.0,per_class,all,micro,shared_other_foreground_fraction,0.060752590106522696,0.03143880305518236,0.09206884748849034,82,82,89,89,,5000,5000,1.0,3021694564,20260901
B2_feature,1.0,per_class,all,micro,stability_spearman,0.06542667614398118,0.04035508864373435,0.09189428699789662,26,26,27,27,,5000,5000,1.0,3021694564,20260901
B2_feature,1.0,per_class,all,micro,top10_jaccard,0.043595245753653825,0.03493346022626905,0.05299584679016726,26,26,27,27,,5000,5000,1.0,3021694564,20260901
B2_feature,1.0,per_class,all,micro,top20_jaccard,0.11251330051922476,0.1044573751279214,0.12083988272156586,26,26,27,27,,5000,5000,1.0,3021694564,20260901
B2_feature,1.0,per_class,all,micro,shared_target_either_fraction,0.17260435038212815,0.0715400096717301,0.2965032729616062,26,26,27,27,,5000,5000,1.0,3021694564,20260901
B2_feature,1.0,per_class,all,micro,shared_background_fraction,0.7814814814814816,0.6573736037624925,0.8846302910052911,26,26,27,27,,5000,5000,1.0,3021694564,20260901
B2_feature,1.0,per_class,all,micro,shared_other_foreground_fraction,0.04591416813639036,0.00874485596707819,0.09368513431013424,26,26,27,27,,5000,5000,1.0,3021694564,20260901
B2_feature,1.0,per_class,all,micro,stability_spearman,0.10831848183244466,0.07282376307272494,0.14120182056926364,10,10,10,10,,5000,5000,1.0,3021694564,20260901
B2_feature,1.0,per_class,all,micro,top10_jaccard,0.06808069412756533,0.05484490899946527,0.08256182367951465,10,10,10,10,,5000,5000,1.0,3021694564,20260901
B2_feature,1.0,per_class,all,micro,top20_jaccard,0.12795025968349907,0.1190042770740256,0.13528444283867794,10,10,10,10,,5000,5000,1.0,3021694564,20260901
B2_feature,1.0,per_class,all,micro,shared_target_either_fraction,0.19391025641025642,0.08365384615384616,0.31604166666666644,10,10,10,10,,5000,5000,1.0,3021694564,20260901
B2_feature,1.0,per_class,all,micro,shared_background_fraction,0.6435897435897436,0.4416666666666666,0.8291666666666666,10,10,10,10,,5000,5000,1.0,3021694564,20260901
B2_feature,1.0,per_class,all,micro,shared_other_foreground_fraction,0.1625,0.015384615384615385,0.35103365384615276,10,10,10,10,,5000,5000,1.0,3021694564,20260901
B3_spatial_feature,1.0,all_positive_classes,all,micro,stability_spearman,0.12858449418138346,0.12132463321922109,0.13632601878661907,522,522,906,906,,5000,5000,1.0,3021694564,20260901
B3_spatial_feature,1.0,all_positive_classes,all,micro,top10_jaccard,0.06090959589080242,0.05941451318661533,0.062371909514564464,522,522,906,906,,5000,5000,1.0,3021694564,20260901
B3_spatial_feature,1.0,all_positive_classes,all,micro,top20_jaccard,0.12690749530554998,0.1252486797736598,0.12859387129731248,522,522,906,906,,5000,5000,1.0,3021694564,20260901
B3_spatial_feature,1.0,all_positive_classes,all,micro,shared_target_either_fraction,0.27442182235228574,0.2527760271579277,0.2972387652780009,522,522,906,906,,5000,5000,1.0,3021694564,20260901
B3_spatial_feature,1.0,all_positive_classes,all,micro,shared_background_fraction,0.6154699650974481,0.584918724281485,0.6455029710133349,522,522,906,906,,5000,5000,1.0,3021694564,20260901
B3_spatial_feature,1.0,all_positive_classes,all,micro,shared_other_foreground_fraction,0.10956330430668178,0.09091693904977902,0.1283700394973318,522,522,906,906,,5000,5000,1.0,3021694564,20260901
B3_spatial_feature,1.0,all_positive_classes,all,macro_class,stability_spearman,0.13721291205819963,0.12807011557661319,0.14771518727758556,522,522,906,906,17,5000,5000,1.0,3021694564,20260901
B3_spatial_feature,1.0,all_positive_classes,all,macro_class,top10_jaccard,0.06054306264887627,0.058531639526698265,0.06269900350563345,522,522,906,906,17,5000,5000,1.0,3021694564,20260901
B3_spatial_feature,1.0,all_positive_classes,all,macro_class,top20_jaccard,0.12814087900314827,0.1260043029767585,0.1305489473152811,522,522,906,906,17,5000,5000,1.0,3021694564,20260901
B3_spatial_feature,1.0,all_positive_classes,all,macro_class,shared_target_either_fraction,0.2733575412976409,0.24988199399736613,0.30020216956464957,522,522,906,906,17,5000,5000,1.0,3021694564,20260901
B3_spatial_feature,1.0,all_positive_classes,all,macro_class,shared_background_fraction,0.63038104985668,0.5977744179448135,0.6630056338136421,522,522,906,906,17,5000,5000,1.0,3021694564,20260901
B3_spatial_feature,1.0,all_positive_classes,all,macro_class,shared_other_foreground_fraction,0.09598343599469106,0.07372172506459909,0.11751398462844329,522,522,906,906,17,5000,5000,1.0,3021694564,20260901
B3_spatial_feature,1.0,all_positive_classes,exactly_2_labels,micro,stability_spearman,0.1463210387489217,0.13486563000793925,0.15801496074479018,375,375,375,375,,5000,5000,1.0,3021694564,20260901
B3_spatial_feature,1.0,all_positive_classes,exactly_2_labels,micro,top10_jaccard,0.06190238717392458,0.05955830594859419,0.06422521094888956,375,375,375,375,,5000,5000,1.0,3021694564,20260901
B3_spatial_feature,1.0,all_positive_classes,exactly_2_labels,micro,top20_jaccard,0.12876066614260756,0.12613780479274697,0.13147466459368856,375,375,375,375,,5000,5000,1.0,3021694564,20260901
B3_spatial_feature,1.0,all_positive_classes,exactly_2_labels,micro,shared_target_either_fraction,0.35201899211899235,0.32112455803455797,0.38365970927220927,375,375,375,375,,5000,5000,1.0,3021694564,20260901
B3_spatial_feature,1.0,all_positive_classes,exactly_2_labels,micro,shared_background_fraction,0.6470921189921193,0.6154518289118289,0.6781140484515482,375,375,375,375,,5000,5000,1.0,3021694564,20260901
B3_spatial_feature,1.0,all_positive_classes,exactly_2_labels,micro,shared_other_foreground_fraction,0.0004444444444444444,0.0,0.0013333333333333333,375,375,375,375,,5000,5000,1.0,3021694564,20260901
B3_spatial_feature,1.0,all_positive_classes,exactly_2_labels,macro_class,stability_spearman,0.1519670665435293,0.13740747982973298,0.16652827404307868,375,375,375,375,17,5000,5000,1.0,3021694564,20260901
B3_spatial_feature,1.0,all_positive_classes,exactly_2_labels,macro_class,top10_jaccard,0.06300754607518529,0.059844461890231924,0.06654245333274332,375,375,375,375,17,5000,5000,1.0,3021694564,20260901
B3_spatial_feature,1.0,all_positive_classes,exactly_2_labels,macro_class,top20_jaccard,0.1310359336125402,0.12781913679818724,0.1342246760952288,375,375,375,375,17,5000,5000,1.0,3021694564,20260901
B3_spatial_feature,1.0,all_positive_classes,exactly_2_labels,macro_class,shared_target_either_fraction,0.35663507534937383,0.323324913119557,0.3924576789321412,375,375,375,375,17,5000,5000,1.0,3021694564,20260901
B3_spatial_feature,1.0,all_positive_classes,exactly_2_labels,macro_class,shared_background_fraction,0.6425793540121143,0.6067648516588171,0.6759490814704998,375,375,375,375,17,5000,5000,1.0,3021694564,20260901
B3_spatial_feature,1.0,all_positive_classes,exactly_2_labels,macro_class,shared_other_foreground_fraction,0.00040849673202614375,0.0,0.0014005602240896359,375,375,375,375,17,5000,5000,1.0,3021694564,20260901
B3_spatial_feature,1.0,all_positive_classes,3plus_labels,micro,stability_spearman,0.11605868587097526,0.10667258537451266,0.12578295329165512,147,147,531,531,,5000,5000,1.0,3021694564,20260901
B3_spatial_feature,1.0,all_positive_classes,3plus_labels,micro,top10_jaccard,0.06020847210328674,0.05821680854035756,0.062187221763973496,147,147,531,531,,5000,5000,1.0,3021694564,20260901
B3_spatial_feature,1.0,all_positive_classes,3plus_labels,micro,top20_jaccard,0.12559875883870153,0.12350612896292461,0.1277603868408589,147,147,531,531,,5000,5000,1.0,3021694564,20260901
B3_spatial_feature,1.0,all_positive_classes,3plus_labels,micro,shared_target_either_fraction,0.21962156121760645,0.19102906275539408,0.24848500009065508,147,147,531,531,,5000,5000,1.0,3021694564,20260901
B3_spatial_feature,1.0,all_positive_classes,3plus_labels,micro,shared_background_fraction,0.5931379355108166,0.5459521214235497,0.6414340295536276,147,147,531,531,,5000,5000,1.0,3021694564,20260901
B3_spatial_feature,1.0,all_positive_classes,3plus_labels,micro,shared_other_foreground_fraction,0.1866246460173014,0.15977386989594783,0.21301730142301084,147,147,531,531,,5000,5000,1.0,3021694564,20260901
B3_spatial_feature,1.0,all_positive_classes,3plus_labels,macro_class,stability_spearman,0.12281108645512562,0.10943400969477138,0.1314124966377905,147,147,531,531,17,5000,5000,1.0,3021694564,20260901
B3_spatial_feature,1.0,all_positive_classes,3plus_labels,macro_class,top10_jaccard,0.058355868452535306,0.05529643923126454,0.06176492170627478,147,147,531,531,17,5000,5000,1.0,3021694564,20260901
B3_spatial_feature,1.0,all_positive_classes,3plus_labels,macro_class,top20_jaccard,0.12531134867952726,0.12220226035620094,0.12771295030839847,147,147,531,531,17,5000,5000,1.0,3021694564,20260901
B3_spatial_feature,1.0,all_positive_classes,3plus_labels,macro_class,shared_target_either_fraction,0.21451120924626607,0.17784982118349327,0.2654274417804007,147,147,531,531,17,5000,5000,1.0,3021694564,20260901
B3_spatial_feature,1.0,all_positive_classes,3plus_labels,macro_class,shared_background_fraction,0.6116073498183268,0.5458687152704274,0.6646902911557235,147,147,531,531,17,5000,5000,1.0,3021694564,20260901
B3_spatial_feature,1.0,all_positive_classes,3plus_labels,macro_class,shared_other_foreground_fraction,0.1736378097200959,0.13692182777051978,0.21604127102777368,147,147,531,531,17,5000,5000,1.0,3021694564,20260901
B3_spatial_feature,1.0,per_class,all,micro,stability_spearman,0.23608320386650342,0.1771646289371017,0.2943453208588414,17,17,19,19,,5000,5000,1.0,3021694564,20260901
B3_spatial_feature,1.0,per_class,all,micro,top10_jaccard,0.06373523663324696,0.05645176208754687,0.0714917025319368,17,17,19,19,,5000,5000,1.0,3021694564,20260901
B3_spatial_feature,1.0,per_class,all,micro,top20_jaccard,0.1385902068405256,0.12506435413015674,0.15283057780412793,17,17,19,19,,5000,5000,1.0,3021694564,20260901
B3_spatial_feature,1.0,per_class,all,micro,shared_target_either_fraction,0.16144527986633248,0.07266224272803219,0.27636330936769515,17,17,19,19,,5000,5000,1.0,3021694564,20260901
B3_spatial_feature,1.0,per_class,all,micro,shared_background_fraction,0.8385547201336675,0.7236366906323045,0.9273377572719678,17,17,19,19,,5000,5000,1.0,3021694564,20260901
B3_spatial_feature,1.0,per_class,all,micro,shared_other_foreground_fraction,0.0,0.0,0.0,17,17,19,19,,5000,5000,1.0,3021694564,20260901
B3_spatial_feature,1.0,per_class,all,micro,stability_spearman,0.12666084565371064,0.10593080863885605,0.1492005332544942,50,50,67,67,,5000,5000,1.0,3021694564,20260901
B3_spatial_feature,1.0,per_class,all,micro,top10_jaccard,0.06149164000142324,0.0564198777006667,0.06630849652452407,50,50,67,67,,5000,5000,1.0,3021694564,20260901
B3_spatial_feature,1.0,per_class,all,micro,top20_jaccard,0.12957542095876326,0.12347149435022105,0.13565256596845138,50,50,67,67,,5000,5000,1.0,3021694564,20260901
B3_spatial_feature,1.0,per_class,all,micro,shared_target_either_fraction,0.2119952601295885,0.15426030156711973,0.27331548907441755,50,50,67,67,,5000,5000,1.0,3021694564,20260901
B3_spatial_feature,1.0,per_class,all,micro,shared_background_fraction,0.689335208738194,0.5940367800358209,0.7844283298839752,50,50,67,67,,5000,5000,1.0,3021694564,20260901
B3_spatial_feature,1.0,per_class,all,micro,shared_other_foreground_fraction,0.0986695311322177,0.03868528797217164,0.16268512590695688,50,50,67,67,,5000,5000,1.0,3021694564,20260901
B3_spatial_feature,1.0,per_class,all,micro,stability_spearman,0.1811336099550941,0.099035912796317,0.29472498466208613,9,9,12,12,,5000,5000,1.0,3021694564,20260901
B3_spatial_feature,1.0,per_class,all,micro,top10_jaccard,0.06936338999490738,0.05549949175321864,0.08539970473562232,9,9,12,12,,5000,5000,1.0,3021694564,20260901
B3_spatial_feature,1.0,per_class,all,micro,top20_jaccard,0.14259781784518197,0.12643492385107805,0.16468136009154233,9,9,12,12,,5000,5000,1.0,3021694564,20260901
B3_spatial_feature,1.0,per_class,all,micro,shared_target_either_fraction,0.34341491841491845,0.1808995549904641,0.5481897647806738,9,9,12,12,,5000,5000,1.0,3021694564,20260901
B3_spatial_feature,1.0,per_class,all,micro,shared_background_fraction,0.49554010804010806,0.30825302223029494,0.686650324633279,9,9,12,12,,5000,5000,1.0,3021694564,20260901
B3_spatial_feature,1.0,per_class,all,micro,shared_other_foreground_fraction,0.16104497354497352,0.04444444444444444,0.277281746031746,9,9,12,12,,5000,5000,1.0,3021694564,20260901
B3_spatial_feature,1.0,per_class,all,micro,stability_spearman,0.13321409016227362,0.09816353392520699,0.1728073430380284,21,21,24,24,,5000,5000,1.0,3021694564,20260901
B3_spatial_feature,1.0,per_class,all,micro,top10_jaccard,0.06694473553322033,0.05780418631504903,0.07819216489788888,21,21,24,24,,5000,5000,1.0,3021694564,20260901
B3_spatial_feature,1.0,per_class,all,micro,top20_jaccard,0.12956303215662385,0.11928493176254665,0.14175182869252662,21,21,24,24,,5000,5000,1.0,3021694564,20260901
B3_spatial_feature,1.0,per_class,all,micro,shared_target_either_fraction,0.17006523569023568,0.09099933871770054,0.2733978818800247,21,21,24,24,,5000,5000,1.0,3021694564,20260901
B3_spatial_feature,1.0,per_class,all,micro,shared_background_fraction,0.7466856060606061,0.6173521567717997,0.8751713564213562,21,21,24,24,,5000,5000,1.0,3021694564,20260901
B3_spatial_feature,1.0,per_class,all,micro,shared_other_foreground_fraction,0.08324915824915825,0.0,0.19595959595959594,21,21,24,24,,5000,5000,1.0,3021694564,20260901
B3_spatial_feature,1.0,per_class,all,micro,stability_spearman,0.09997467086854873,0.08385646624460019,0.11773863692903805,59,59,101,101,,5000,5000,1.0,3021694564,20260901
B3_spatial_feature,1.0,per_class,all,micro,top10_jaccard,0.05834054554989909,0.054425027759102323,0.062565004946294,59,59,101,101,,5000,5000,1.0,3021694564,20260901
B3_spatial_feature,1.0,per_class,all,micro,top20_jaccard,0.12276969694103976,0.11920966674918529,0.12644664689398077,59,59,101,101,,5000,5000,1.0,3021694564,20260901
B3_spatial_feature,1.0,per_class,all,micro,shared_target_either_fraction,0.2943778855907569,0.22589286399407366,0.3712144943152718,59,59,101,101,,5000,5000,1.0,3021694564,20260901
B3_spatial_feature,1.0,per_class,all,micro,shared_background_fraction,0.5092874809458967,0.437771401555271,0.5786124457818751,59,59,101,101,,5000,5000,1.0,3021694564,20260901
B3_spatial_feature,1.0,per_class,all,micro,shared_other_foreground_fraction,0.19468446844684467,0.14703844887113746,0.23930210813334507,59,59,101,101,,5000,5000,1.0,3021694564,20260901
B3_spatial_feature,1.0,per_class,all,micro,stability_spearman,0.11303109679650004,0.09529377884574637,0.13212780874176047,38,38,51,51,,5000,5000,1.0,3021694564,20260901
B3_spatial_feature,1.0,per_class,all,micro,top10_jaccard,0.057911312072818175,0.05348608788519086,0.06274061576045187,38,38,51,51,,5000,5000,1.0,3021694564,20260901
B3_spatial_feature,1.0,per_class,all,micro,top20_jaccard,0.12818149598165748,0.12297348561890892,0.1334343824480546,38,38,51,51,,5000,5000,1.0,3021694564,20260901
B3_spatial_feature,1.0,per_class,all,micro,shared_target_either_fraction,0.4643514981750275,0.3676452461084751,0.5606515634784501,38,38,51,51,,5000,5000,1.0,3021694564,20260901
B3_spatial_feature,1.0,per_class,all,micro,shared_background_fraction,0.5210826754944402,0.42951033148949813,0.6129639402922504,38,38,51,51,,5000,5000,1.0,3021694564,20260901
B3_spatial_feature,1.0,per_class,all,micro,shared_other_foreground_fraction,0.014565826330532213,0.0,0.03598595848595839,38,38,51,51,,5000,5000,1.0,3021694564,20260901
B3_spatial_feature,1.0,per_class,all,micro,stability_spearman,0.1432870967255809,0.11597509125721893,0.1727295929077736,62,62,81,81,,5000,5000,1.0,3021694564,20260901
B3_spatial_feature,1.0,per_class,all,micro,top10_jaccard,0.06414635629045895,0.059745325686053515,0.06885292022371124,62,62,81,81,,5000,5000,1.0,3021694564,20260901
B3_spatial_feature,1.0,per_class,all,micro,top20_jaccard,0.12855091866429527,0.12259412428475867,0.13461947653109657,62,62,81,81,,5000,5000,1.0,3021694564,20260901
B3_spatial_feature,1.0,per_class,all,micro,shared_target_either_fraction,0.23810065106361403,0.18050146737907158,0.30104624295140514,62,62,81,81,,5000,5000,1.0,3021694564,20260901
B3_spatial_feature,1.0,per_class,all,micro,shared_background_fraction,0.564724781391448,0.48204687632628795,0.6475873746298005,62,62,81,81,,5000,5000,1.0,3021694564,20260901
B3_spatial_feature,1.0,per_class,all,micro,shared_other_foreground_fraction,0.19717456754493792,0.13472345286011533,0.2616855346089337,62,62,81,81,,5000,5000,1.0,3021694564,20260901
B3_spatial_feature,1.0,per_class,all,micro,stability_spearman,0.2046917300154051,0.17031270273529117,0.24481752994699957,29,29,41,41,,5000,5000,1.0,3021694564,20260901
B3_spatial_feature,1.0,per_class,all,micro,top10_jaccard,0.07040386772596628,0.06187724850209826,0.08014491127845635,29,29,41,41,,5000,5000,1.0,3021694564,20260901
B3_spatial_feature,1.0,per_class,all,micro,top20_jaccard,0.14246520959210063,0.13255298037109184,0.15320107873099656,29,29,41,41,,5000,5000,1.0,3021694564,20260901
B3_spatial_feature,1.0,per_class,all,micro,shared_target_either_fraction,0.3892775923263728,0.30037709026237985,0.49311493433368436,29,29,41,41,,5000,5000,1.0,3021694564,20260901
B3_spatial_feature,1.0,per_class,all,micro,shared_background_fraction,0.4343135184598599,0.31258424572985016,0.5623234954484955,29,29,41,41,,5000,5000,1.0,3021694564,20260901
B3_spatial_feature,1.0,per_class,all,micro,shared_other_foreground_fraction,0.17640888921376727,0.07915211236009555,0.266104278463175,29,29,41,41,,5000,5000,1.0,3021694564,20260901
B3_spatial_feature,1.0,per_class,all,micro,stability_spearman,0.1258121670054214,0.11043922437660485,0.1419007846717562,103,103,167,167,,5000,5000,1.0,3021694564,20260901
B3_spatial_feature,1.0,per_class,all,micro,top10_jaccard,0.06367563698041519,0.0601672532860543,0.06720026887138159,103,103,167,167,,5000,5000,1.0,3021694564,20260901
B3_spatial_feature,1.0,per_class,all,micro,top20_jaccard,0.1270818790391577,0.12342008234241084,0.1308106003619522,103,103,167,167,,5000,5000,1.0,3021694564,20260901
B3_spatial_feature,1.0,per_class,all,micro,shared_target_either_fraction,0.17660138431096523,0.1460751486168153,0.21146964557535003,103,103,167,167,,5000,5000,1.0,3021694564,20260901
B3_spatial_feature,1.0,per_class,all,micro,shared_background_fraction,0.6826567643932914,0.6283449172430503,0.7348470793233572,103,103,167,167,,5000,5000,1.0,3021694564,20260901
B3_spatial_feature,1.0,per_class,all,micro,shared_other_foreground_fraction,0.13953214948723933,0.09954804904969758,0.1817597229103751,103,103,167,167,,5000,5000,1.0,3021694564,20260901
B3_spatial_feature,1.0,per_class,all,micro,stability_spearman,0.15536085618255158,0.10149173107203968,0.20449603606793615,14,14,16,16,,5000,5000,1.0,3021694564,20260901
B3_spatial_feature,1.0,per_class,all,micro,top10_jaccard,0.049277621525227744,0.04038676496226828,0.05787278698492207,14,14,16,16,,5000,5000,1.0,3021694564,20260901
B3_spatial_feature,1.0,per_class,all,micro,top20_jaccard,0.12753453658931876,0.11600629990151362,0.1386723222558291,14,14,16,16,,5000,5000,1.0,3021694564,20260901
B3_spatial_feature,1.0,per_class,all,micro,shared_target_either_fraction,0.2688244047619048,0.16015056022408966,0.3977780612244898,14,14,16,16,,5000,5000,1.0,3021694564,20260901
B3_spatial_feature,1.0,per_class,all,micro,shared_background_fraction,0.6843005952380952,0.5408986678004535,0.8059593837535013,14,14,16,16,,5000,5000,1.0,3021694564,20260901
B3_spatial_feature,1.0,per_class,all,micro,shared_other_foreground_fraction,0.046875,0.0,0.15,14,14,16,16,,5000,5000,1.0,3021694564,20260901
B3_spatial_feature,1.0,per_class,all,micro,stability_spearman,0.08272498286926198,0.06280615660635828,0.10347009965180251,55,55,67,67,,5000,5000,1.0,3021694564,20260901
B3_spatial_feature,1.0,per_class,all,micro,top10_jaccard,0.05844073721298086,0.05429238045422569,0.06254065717219306,55,55,67,67,,5000,5000,1.0,3021694564,20260901
B3_spatial_feature,1.0,per_class,all,micro,top20_jaccard,0.12339721169225505,0.11766587093215002,0.12896315414933995,55,55,67,67,,5000,5000,1.0,3021694564,20260901
B3_spatial_feature,1.0,per_class,all,micro,shared_target_either_fraction,0.40387038334799535,0.3116233296931826,0.5070049880778632,55,55,67,67,,5000,5000,1.0,3021694564,20260901
B3_spatial_feature,1.0,per_class,all,micro,shared_background_fraction,0.49389946703379567,0.40143753382034636,0.5798843718029584,55,55,67,67,,5000,5000,1.0,3021694564,20260901
B3_spatial_feature,1.0,per_class,all,micro,shared_other_foreground_fraction,0.10036447797641827,0.053325556718413866,0.15104608738472558,55,55,67,67,,5000,5000,1.0,3021694564,20260901
B3_spatial_feature,1.0,per_class,all,micro,stability_spearman,0.16689731246576256,0.13246583825025982,0.20220464145819242,40,40,49,49,,5000,5000,1.0,3021694564,20260901
B3_spatial_feature,1.0,per_class,all,micro,top10_jaccard,0.06091791108256212,0.055050767325342906,0.06716734252878065,40,40,49,49,,5000,5000,1.0,3021694564,20260901
B3_spatial_feature,1.0,per_class,all,micro,top20_jaccard,0.13060025188620925,0.12316841336428594,0.1380040280312296,40,40,49,49,,5000,5000,1.0,3021694564,20260901
B3_spatial_feature,1.0,per_class,all,micro,shared_target_either_fraction,0.4115180171302621,0.317443271116348,0.5108524321164943,40,40,49,49,,5000,5000,1.0,3021694564,20260901
B3_spatial_feature,1.0,per_class,all,micro,shared_background_fraction,0.4977697472595431,0.3960778016490674,0.5988586744471053,40,40,49,49,,5000,5000,1.0,3021694564,20260901
B3_spatial_feature,1.0,per_class,all,micro,shared_other_foreground_fraction,0.09071223561019479,0.036048066787428494,0.1457236423555868,40,40,49,49,,5000,5000,1.0,3021694564,20260901
B3_spatial_feature,1.0,per_class,all,micro,stability_spearman,0.15118314185018902,0.12722904991067951,0.1762137805244959,35,35,35,35,,5000,5000,1.0,3021694564,20260901
B3_spatial_feature,1.0,per_class,all,micro,top10_jaccard,0.062243553003822935,0.05542414320482636,0.06877453729882232,35,35,35,35,,5000,5000,1.0,3021694564,20260901
B3_spatial_feature,1.0,per_class,all,micro,top20_jaccard,0.12456286928631839,0.11843981071754367,0.1307792672249205,35,35,35,35,,5000,5000,1.0,3021694564,20260901
B3_spatial_feature,1.0,per_class,all,micro,shared_target_either_fraction,0.24903096903096902,0.17905878446949874,0.3238075733790019,35,35,35,35,,5000,5000,1.0,3021694564,20260901
B3_spatial_feature,1.0,per_class,all,micro,shared_background_fraction,0.7433499833499835,0.6685664613164614,0.81355402137545,35,35,35,35,,5000,5000,1.0,3021694564,20260901
B3_spatial_feature,1.0,per_class,all,micro,shared_other_foreground_fraction,0.007619047619047619,0.0,0.02,35,35,35,35,,5000,5000,1.0,3021694564,20260901
B3_spatial_feature,1.0,per_class,all,micro,stability_spearman,0.11692512963948676,0.09299878961108447,0.14008449378625804,48,48,50,50,,5000,5000,1.0,3021694564,20260901
B3_spatial_feature,1.0,per_class,all,micro,top10_jaccard,0.05759998722340391,0.052323348003915464,0.06324351542769814,48,48,50,50,,5000,5000,1.0,3021694564,20260901
B3_spatial_feature,1.0,per_class,all,micro,top20_jaccard,0.12052212029356349,0.11479666177245047,0.1261363620221982,48,48,50,50,,5000,5000,1.0,3021694564,20260901
B3_spatial_feature,1.0,per_class,all,micro,shared_target_either_fraction,0.24782978132978128,0.18234947691197692,0.31584163568857443,48,48,50,50,,5000,5000,1.0,3021694564,20260901
B3_spatial_feature,1.0,per_class,all,micro,shared_background_fraction,0.733963147963148,0.6646945149344702,0.8018595678364586,48,48,50,50,,5000,5000,1.0,3021694564,20260901
B3_spatial_feature,1.0,per_class,all,micro,shared_other_foreground_fraction,0.018207070707070706,0.00454059829059829,0.03598484848484849,48,48,50,50,,5000,5000,1.0,3021694564,20260901
B3_spatial_feature,1.0,per_class,all,micro,stability_spearman,0.1252041572100366,0.10416001160544643,0.14604629353829535,82,82,89,89,,5000,5000,1.0,3021694564,20260901
B3_spatial_feature,1.0,per_class,all,micro,top10_jaccard,0.0589436309771928,0.05496188620489065,0.06290181767455452,82,82,89,89,,5000,5000,1.0,3021694564,20260901
B3_spatial_feature,1.0,per_class,all,micro,top20_jaccard,0.12471263189002808,0.12003396519160202,0.12972327033169234,82,82,89,89,,5000,5000,1.0,3021694564,20260901
B3_spatial_feature,1.0,per_class,all,micro,shared_target_either_fraction,0.3056609121215862,0.24917919806118863,0.36605331110351674,82,82,89,89,,5000,5000,1.0,3021694564,20260901
B3_spatial_feature,1.0,per_class,all,micro,shared_background_fraction,0.6405275747972379,0.5774005193316915,0.7009265425952469,82,82,89,89,,5000,5000,1.0,3021694564,20260901
B3_spatial_feature,1.0,per_class,all,micro,shared_other_foreground_fraction,0.053811513081175995,0.025303245058810854,0.0861617342468406,82,82,89,89,,5000,5000,1.0,3021694564,20260901
B3_spatial_feature,1.0,per_class,all,micro,stability_spearman,0.0642453485542921,0.038611189005757385,0.0904713228659591,26,26,27,27,,5000,5000,1.0,3021694564,20260901
B3_spatial_feature,1.0,per_class,all,micro,top10_jaccard,0.04709520315897125,0.03688993335894783,0.05831084297042534,26,26,27,27,,5000,5000,1.0,3021694564,20260901
B3_spatial_feature,1.0,per_class,all,micro,top20_jaccard,0.10939201840446912,0.10081859761852716,0.1182552615840453,26,26,27,27,,5000,5000,1.0,3021694564,20260901
B3_spatial_feature,1.0,per_class,all,micro,shared_target_either_fraction,0.12094130149685703,0.043649140211640215,0.22127443213752726,26,26,27,27,,5000,5000,1.0,3021694564,20260901
B3_spatial_feature,1.0,per_class,all,micro,shared_background_fraction,0.7944907972685752,0.6825357538551983,0.8924331275720165,26,26,27,27,,5000,5000,1.0,3021694564,20260901
B3_spatial_feature,1.0,per_class,all,micro,shared_other_foreground_fraction,0.0845679012345679,0.0260989010989011,0.1538315999476713,26,26,27,27,,5000,5000,1.0,3021694564,20260901
B3_spatial_feature,1.0,per_class,all,micro,stability_spearman,0.1061900651687748,0.0696738132075998,0.14089343875108343,10,10,10,10,,5000,5000,1.0,3021694564,20260901
B3_spatial_feature,1.0,per_class,all,micro,top10_jaccard,0.058700700064379406,0.045481790685890436,0.07424523054766964,10,10,10,10,,5000,5000,1.0,3021694564,20260901
B3_spatial_feature,1.0,per_class,all,micro,top20_jaccard,0.12829762499201286,0.11982526180445979,0.13466185985531517,10,10,10,10,,5000,5000,1.0,3021694564,20260901
B3_spatial_feature,1.0,per_class,all,micro,shared_target_either_fraction,0.18977272727272726,0.0875,0.2981060606060606,10,10,10,10,,5000,5000,1.0,3021694564,20260901
B3_spatial_feature,1.0,per_class,all,micro,shared_background_fraction,0.645995670995671,0.45865800865800865,0.8285714285714285,10,10,10,10,,5000,5000,1.0,3021694564,20260901
B3_spatial_feature,1.0,per_class,all,micro,shared_other_foreground_fraction,0.16423160173160173,0.016666666666666666,0.34264069264069263,10,10,10,10,,5000,5000,1.0,3021694564,20260901
