selector,class_id,class_name,num_image_class,auc_target_bg,ap_target_bg,auc_target_other,ap_target_other,target_bg_mean_margin,target_other_mean_margin,auc_target_all,ap_target_all,target_top01_fraction,other_fg_top01_fraction,bg_top01_fraction,target_top05_fraction,other_fg_top05_fraction,bg_top05_fraction,target_top10_fraction,other_fg_top10_fraction,bg_top10_fraction
S0,0,aeroplane,90,0.9559642050276131,0.8494653155459306,0.9586428473906518,0.9959328879452796,11.632938805251742,14.18739087026282,0.9562239199081056,0.8478419939741925,0.8888888888888888,0.0,0.1111111111111111,0.8468678245432633,0.0,0.151121254279149,0.790020789829495,0.0004444444444444,0.2072375187473791
S0,1,bicycle,79,0.8799730037470768,0.4710536953219751,0.9209763559052851,0.8235154043804314,8.958169162914437,10.892719803195067,0.8848228153118337,0.4468431913860634,0.4810126582278481,0.0379746835443038,0.4810126582278481,0.3666527897471421,0.0495937393427302,0.5820123036459756,0.3181064798444438,0.0600310418964791,0.6206197479697692
S0,2,bird,103,0.9176044063927304,0.7393556458927739,0.9242121285633584,0.803117506938485,8.836129977678521,11.336811657640634,0.9186965954270192,0.7376994395237835,0.8543689320388349,0.029126213592233,0.116504854368932,0.7258258213994032,0.0190400589672434,0.2546486827401492,0.6408178428652603,0.0186156114389031,0.3400749640318326
S0,3,boat,72,0.9241937164292032,0.7241166395109684,0.8239631738382501,0.9492285988067828,8.450086247535333,8.3972793380823,0.9251810633595408,0.7204888322619074,0.8194444444444444,0.0,0.1805555555555555,0.6990632170246067,0.0043391063127905,0.2919601913265879,0.6153833767959979,0.0061364689321051,0.3754426222181697
S0,4,bottle,96,0.9441038263770374,0.7850577442176817,0.9558947629974872,0.788860294913207,10.839348856711704,12.725695858410509,0.9437906100370256,0.7342493174211805,0.71875,0.09375,0.1875,0.578871999378583,0.1912285107222898,0.2287365481111853,0.4934973604247327,0.227675305352579,0.2781122724118985
S0,5,bus,74,0.93497852781179,0.9123949156702116,0.9117964709668158,0.9839768754461988,10.50661152647832,8.862744760566498,0.9368414340049496,0.9107542778184232,0.918918918918919,0.0,0.081081081081081,0.9103569101435388,0.0031458584090163,0.0864972314474448,0.8792368085451977,0.0041832233704318,0.1165799680843705
S0,6,car,127,0.9255506737529412,0.7965869451222883,0.9246036105674386,0.8541442318565261,10.286837356036466,12.055811005859224,0.9321058440880038,0.7817666306166727,0.7795275590551181,0.0551181102362204,0.1653543307086614,0.6049477361433432,0.0660535348061249,0.328801878656831,0.5399134108322222,0.0744367990318944,0.385248550125354
S0,7,cat,119,0.9507800409253389,0.9286020944834332,0.9791304946722084,0.9378943823860432,13.074260677192218,15.09482589165349,0.95361360699541,0.9250726323270472,0.9831932773109244,0.0,0.0168067226890756,0.9448843889052868,0.0073600290318556,0.0477555820628576,0.90958908955831,0.0151829352835229,0.0752279751581673
S0,8,chair,123,0.8572570569317471,0.5909115757323308,0.880470451365639,0.7091277288817263,5.846737340769251,6.182117124241926,0.8763660326310606,0.522893841378338,0.5609756097560976,0.1707317073170731,0.2682926829268293,0.4657114761150856,0.1765769437544148,0.3566091194644958,0.4003981996609085,0.1814776183910466,0.4170462265644288
S0,9,cow,71,0.933069108391536,0.9024641628838912,0.9462264974982144,0.9450974424374552,10.864622715063636,13.555861757672258,0.9354766518017548,0.899239020206188,0.971830985915493,0.0,0.028169014084507,0.9190155100644352,0.0,0.0809844899355648,0.875041535355442,0.0020368364030335,0.1225604870353126
S0,10,diningtable,75,0.8475326019049404,0.7340013217896245,0.8201865396053593,0.7635407238700824,5.367171485067198,5.372457025208656,0.8492100174532423,0.6456221181750724,0.68,0.1866666666666666,0.1333333333333333,0.6790632884502853,0.1380415847466931,0.1821101340180287,0.62268189791188,0.157651714764368,0.2185667130004933
S0,11,dog,128,0.966944638561178,0.9435866318650372,0.9705245637481736,0.9634424897760042,12.946899898329074,15.426442831659918,0.9706165790646132,0.9352293141726744,0.984375,0.0078125,0.0078125,0.9470870909296074,0.0087416609106576,0.044171248159735,0.8981614794179664,0.0175070629928145,0.0842325651841556
S0,12,horse,79,0.9347819427350704,0.8665704910770633,0.9186335549543736,0.9641460398906908,12.56628044186959,13.282017021803142,0.933455905020189,0.8564684291154376,0.9240506329113924,0.0,0.0759493670886076,0.8857185761582832,0.005527119134714,0.1087543047070029,0.8454933863158667,0.0100644768155024,0.1441111886695947
S0,13,motorbike,76,0.9640066459614884,0.936792841024744,0.8341224494193529,0.8772366072490968,11.48892945051475,8.389092583290818,0.9463813107071362,0.8685696727229338,0.8947368421052632,0.0789473684210526,0.0263157894736842,0.8793543908186648,0.0579895965110646,0.0623186307539411,0.8389496380553073,0.0736070767748025,0.0869371568323159
S0,14,person,445,0.943030756784507,0.8597383507099764,0.9528257683762108,0.9097098241595788,11.587755956802532,12.5257388425537,0.951612577265764,0.8346401001069531,0.851685393258427,0.0651685393258427,0.0831460674157303,0.7546922263421812,0.0773803351671477,0.167469357246073,0.686972188072021,0.0883287250696862,0.2241197721434578
S0,15,pottedplant,85,0.910229098565407,0.6573443268812005,0.964454029053837,0.8720801383608545,7.513142589204979,10.838709815724313,0.9202809867059534,0.6500892875962968,0.611764705882353,0.0470588235294117,0.3411764705882353,0.4573348251090495,0.0559260072763988,0.4867391676145516,0.382292956460199,0.063207077059154,0.5541434602417877
S0,16,sheep,57,0.9359248803642908,0.869014347174971,0.9763975269527324,0.9862081250469724,12.228377903126123,19.0484121577988,0.9359833393123131,0.8683892355099183,0.9473684210526316,0.0,0.0526315789473684,0.854766555389824,0.0009233610341643,0.1438484030589293,0.7885429528919834,0.0016158818097876,0.209385403762135
S0,17,sofa,90,0.8536099158315299,0.7479709989528706,0.8521990644271263,0.8032815175783558,6.373270667038804,6.084109005761635,0.8632198221066212,0.7141299536230303,0.8,0.0888888888888888,0.1111111111111111,0.7670260372563004,0.0816108770714033,0.1513630856722962,0.7046544586886915,0.091847643476684,0.2031833488358648
S0,18,train,84,0.9153151537901218,0.8673641042371724,0.8941595555344861,0.9757121772019912,10.853397535867106,15.881533316985076,0.9085918726078752,0.8671073515591158,0.9761904761904762,0.0,0.0238095238095238,0.932855107855108,0.0015262515262515,0.0656186406186406,0.8998519305055424,0.001082251082251,0.0981499149729853
S0,19,tvmonitor,74,0.8894694924175097,0.7352270090432285,0.9734370867984196,0.941672141766208,8.810498587563327,12.155337487753904,0.8940432492329429,0.7303837887680009,0.8378378378378378,0.0135135135135135,0.1486486486486486,0.6827992356619669,0.0253743362029279,0.2877117365204136,0.5810197481580337,0.0385023809894024,0.3775345238885638
S1,0,aeroplane,90,0.567307292878362,0.3090421718555939,0.5815644471151472,0.8426644246831089,0.0871001221409692,0.120539808108497,0.5658294696933421,0.3066556229063572,0.3,0.0333333333333333,0.6666666666666666,0.3544077193638597,0.0239106312790523,0.6205491707246092,0.3320143565134129,0.0249715232194159,0.6409936486213773
S1,1,bicycle,79,0.6798575102747424,0.2682221209653794,0.7163630432801246,0.5203557335320339,0.2420864060359186,0.2903063676957521,0.6725252586366293,0.2268909266765308,0.3037974683544304,0.1645569620253164,0.5316455696202531,0.2201888748684638,0.1463654814812866,0.6321748858838222,0.2072551263320265,0.1526085155767643,0.6391509710009065
S1,2,bird,103,0.4824160401203717,0.2399015567704918,0.4705418685780939,0.3891475122854972,-0.0292538472029246,-0.1130597858144316,0.4811880774689613,0.2360203185419074,0.2912621359223301,0.058252427184466,0.6504854368932039,0.2291792502478501,0.0443337279502328,0.7264870218019173,0.1979198485319688,0.043500134211929,0.758580017256102
S1,3,boat,72,0.513527831433707,0.262056143618501,0.5961378704585018,0.7012351202281494,0.0147174538271071,0.082698005187909,0.5125224353931748,0.2593412777284623,0.3333333333333333,0.0555555555555555,0.6111111111111112,0.2871974290495317,0.0466828260687909,0.6639800250336241,0.2481297447305092,0.0427615031090431,0.7074934278262413
S1,4,bottle,96,0.589680237507792,0.2986236526830685,0.5033537058862336,0.1947786520481606,0.1523251624848419,0.0021379991358224,0.552556619795864,0.2441856446094862,0.2291666666666666,0.3229166666666667,0.4479166666666667,0.2439394770839556,0.2877144405898822,0.467255096983532,0.2375941341522159,0.2965731937613052,0.4651519841998657
S1,5,bus,74,0.371227521346719,0.4470803003258741,0.676784193944238,0.821190215825894,-0.1159459447242085,0.1930139827042298,0.3803923633609437,0.4393706405195058,0.3648648648648648,0.0405405405405405,0.5945945945945946,0.3161135476213713,0.028762831109915,0.6544215021455418,0.3168119149919571,0.024384490864045,0.6582792844091617
S1,6,car,127,0.4447103145541817,0.306868695856537,0.4720695436231009,0.375898235530505,-0.029963991314784,0.0161309948541343,0.4557336132550129,0.2788909511664188,0.1889763779527559,0.2204724409448819,0.5826771653543307,0.1939410163386906,0.1876988622088692,0.6177541622783085,0.2081633138396298,0.1856507017389421,0.6054739956909531
S1,7,cat,119,0.7912542168049912,0.6784642582296706,0.7713654973549448,0.5967854549255901,0.5583444758557949,0.4502941501658669,0.7961190101942921,0.6586291651692646,0.6386554621848739,0.0672268907563025,0.2941176470588235,0.6747298698822172,0.057830816894512,0.2669666241476407,0.6863029741710812,0.0539280041933535,0.2589925995991045
S1,8,chair,123,0.4559719830619987,0.1925179202382265,0.4555295724186178,0.3313225780568192,-0.020567089932281,-0.0286135733910898,0.4632500448061418,0.1501080468849051,0.1300813008130081,0.3089430894308943,0.5365853658536586,0.1214938683766208,0.2930029682148726,0.5832828762074747,0.1129708387928341,0.282230444827572,0.602625076338518
S1,9,cow,71,0.3318266678091817,0.3159950694758527,0.4378204276770533,0.494833517355851,-0.2243883483788239,-0.0950409374738499,0.3354564598851669,0.3090300133831579,0.2676056338028169,0.0422535211267605,0.6901408450704225,0.2075531288695724,0.0413501090691166,0.7510967620613109,0.2193499728109373,0.0366648424837464,0.7438046141022104
S1,10,diningtable,75,0.5870640010860094,0.4001743311261284,0.5553167943272214,0.4901930526731284,0.0698635493372965,0.0164250702287678,0.5758167758085402,0.3011698851699339,0.3866666666666666,0.3733333333333333,0.24,0.2889372005641354,0.3263064677344863,0.3840545773154132,0.2886364558783399,0.3074714145541249,0.4033703122036123
S1,11,dog,128,0.576978419611753,0.4841942095729761,0.5528302908298176,0.5312977018341628,0.1044697147385541,0.0822863059113193,0.5739080372149302,0.4549560092166288,0.578125,0.1171875,0.3046875,0.5090536540889363,0.1080175048796553,0.3825382160314082,0.4843227057125041,0.1043513037663814,0.4109252494019461
S1,12,horse,79,0.549684088184922,0.3605723928305838,0.5695247653262147,0.7550742319196766,0.0806172302790626,0.0881980258497947,0.5473587207761681,0.3442364091411887,0.3037974683544304,0.050632911392405,0.6455696202531646,0.2781360628296004,0.0695312118863085,0.6513590154496218,0.2823779925859268,0.0570116741309674,0.6596281930604592
S1,13,motorbike,76,0.3954841640264346,0.3112299248102688,0.5239450533011725,0.6427684664093017,-0.141006490138287,0.0120825835321901,0.4005180066312233,0.2744811256665427,0.1184210526315789,0.0921052631578947,0.7894736842105263,0.1659811740928329,0.1021002765340389,0.730569021707811,0.182253549015758,0.0988186628172359,0.7179112608346891
S1,14,person,445,0.5551980036453562,0.4033734647114554,0.5242431853028556,0.5316477786899734,0.1149793256945385,0.0567347085853734,0.5542964995117975,0.3525011103236454,0.4719101123595505,0.146067415730337,0.3775280898876405,0.3936188535742905,0.1633041491403867,0.4420802232629722,0.3631115982276435,0.1726632037154187,0.4633758299548514
S1,15,pottedplant,85,0.697204555452294,0.3563385124876139,0.6586548062351577,0.3922716711293553,0.3123288450551496,0.2546855783449159,0.6933307220868782,0.3282667950897313,0.3176470588235294,0.1176470588235294,0.5647058823529412,0.2821686416495664,0.1764103728536436,0.5403403259602478,0.2685333640436423,0.1798635852719338,0.5505620865919891
S1,16,sheep,57,0.3855905657308709,0.2863262894609312,0.4406612749552263,0.5385432326678788,-0.1277765651232619,-0.0420005865792328,0.386854052440545,0.2852050318319861,0.4035087719298245,0.0,0.5964912280701754,0.2765234885733501,0.0027345692165636,0.7198304191378984,0.2603193218162186,0.0038769325472926,0.7353419851747284
S1,17,sofa,90,0.5779272963654539,0.3573924700833118,0.5822638286243758,0.5788315315206364,0.1054343480702588,0.1030916474476473,0.5595759508911421,0.3226725254757596,0.3222222222222222,0.1777777777777777,0.5,0.2866384499750083,0.1685462875381606,0.5438051614767301,0.2818258972988725,0.1758044932752101,0.5415484976673055
S1,18,train,84,0.4383296410324379,0.3623192475780135,0.5094790384772605,0.7224016408173967,-0.0609414664672978,0.0022270605829481,0.4394826031200014,0.3667746076024513,0.3452380952380952,0.0357142857142857,0.6190476190476191,0.2977251904883484,0.0278374890216995,0.6741320701847018,0.2983568497923164,0.022923979253688,0.6781086703434949
S1,19,tvmonitor,74,0.735017683606536,0.4358419445356007,0.7299438137870512,0.6157602545754178,0.3454067693184557,0.4115863217360641,0.733093159852659,0.4237186728819915,0.4324324324324324,0.081081081081081,0.4864864864864865,0.3931424024418334,0.1168420362588214,0.4893225606063444,0.3769191956567983,0.1119074794313355,0.5096117663882823
S2,0,aeroplane,90,0.5831338098935686,0.3436986829666346,0.5780731436421543,0.8408767408274609,173.59043764602626,322.4916108576811,0.5814641883069998,0.3406937084307138,0.3555555555555555,0.0333333333333333,0.6111111111111112,0.4274079873202681,0.0297585844954266,0.5402581331090103,0.3952401912106867,0.0277713356901144,0.5746812511666545
S2,1,bicycle,79,0.7248483327043994,0.3308740071593971,0.7172814350979858,0.5070459274351253,522.6019077408024,512.0312455084063,0.7139388230738805,0.2770852492049567,0.3037974683544304,0.189873417721519,0.5063291139240507,0.2816548940059816,0.1768522843854975,0.5402220638420936,0.2549354713673155,0.1767771142248423,0.56746858294712
S2,2,bird,103,0.4839514433039218,0.2666378262059746,0.4800836371330758,0.4087388306710853,121.66544595719968,308.72590634852884,0.4829297552262405,0.2629644229904562,0.3980582524271844,0.058252427184466,0.5436893203883495,0.28689170258856,0.0409255315808713,0.6721827658305688,0.2392688984353522,0.0432911406776928,0.7174399608869549
S2,3,boat,72,0.5240597105795495,0.2991218536358341,0.5943842830994251,0.7007345556674489,173.62525451322236,150.63575726901323,0.5232612218995099,0.295560880463256,0.4444444444444444,0.0972222222222222,0.4583333333333333,0.3340330207203532,0.0558286585698866,0.6072863501494562,0.2799663266463287,0.0480276478441047,0.6700368297771852
S2,4,bottle,96,0.5948316316062735,0.3157079620586882,0.5044726837775902,0.1958689363754873,354.0452797274194,65.5090393277092,0.5571939786448014,0.2564342605010973,0.25,0.3020833333333333,0.4479166666666667,0.2619241705747685,0.3198816470871198,0.4173702910125755,0.2550370278699421,0.3206796123019756,0.4236026719414691
S2,5,bus,74,0.4098680668789642,0.4749389868582788,0.6901834762518894,0.8204843731591426,-120.6169955219798,317.29431664241,0.4202357942388693,0.4671794708468466,0.3918918918918919,0.0675675675675675,0.527027027027027,0.3960309691461896,0.0427159638575001,0.5602044475266381,0.3955736569613354,0.0296100173749308,0.5734301511429822
S2,6,car,127,0.4854174169597374,0.3371758204187859,0.4777765851617625,0.3840328588243035,84.20201878136508,137.1823862573318,0.4924418127796477,0.309448034057291,0.2362204724409448,0.2519685039370078,0.5118110236220472,0.2497375163351126,0.2232422835498089,0.5260104452615605,0.2556579471823854,0.2186033240040077,0.5248274987939608
S2,7,cat,119,0.8248618384937716,0.7446160983839699,0.7874670509085191,0.6235724341780183,1457.1318967020045,969.5344582283872,0.8278429241527918,0.7225886545745746,0.7983193277310925,0.0504201680672268,0.1512605042016806,0.7914514282017935,0.0550339721472028,0.1528264397716673,0.7776533994308057,0.0538444124486872,0.1677244023447821
S2,8,chair,123,0.4550471228762506,0.1968831162008335,0.4546137783164883,0.3306934160618707,53.13673257040886,79.33340335584636,0.4624619337618649,0.1530022475847886,0.1544715447154471,0.4065040650406504,0.4227642276422764,0.121813687654692,0.3411153647622914,0.5350970264820093,0.1173246079195344,0.3203084230085639,0.5600877435593868
S2,9,cow,71,0.2908385480894614,0.3042974798896019,0.4324067445248132,0.4927292539789017,-349.06554824709593,-154.75082999526495,0.2960303103397637,0.2977011660685533,0.2535211267605634,0.056338028169014,0.6901408450704225,0.2011193262098071,0.0453511734853033,0.7535295003048895,0.209587363580887,0.0392142476128402,0.7510178182031668
S2,10,diningtable,75,0.6068697253221839,0.4168922189706434,0.5437356096613454,0.4665525661902014,20.320362106266785,-48.833800075485264,0.583114603753175,0.3005433191402507,0.2666666666666666,0.48,0.2533333333333333,0.2760613773632349,0.3884871956822421,0.334749672568558,0.286705967893241,0.3533239274149998,0.3592705095500588
S2,11,dog,128,0.6197060104787621,0.5346466325669261,0.5678498909593583,0.5447942887518556,331.1880415078198,221.7757042341303,0.6135943788841423,0.5001402108528997,0.640625,0.140625,0.21875,0.5803261998142589,0.1153974954910398,0.3040809921947012,0.5462076879138854,0.1124267673978961,0.3408646433126397
S2,12,horse,79,0.5623645240085066,0.3814628307393231,0.5661942311247312,0.75281273146945,229.7614240410489,199.9808850243066,0.5595188838919867,0.3628659671600011,0.379746835443038,0.1139240506329113,0.5063291139240507,0.3351278365435594,0.0849740774957297,0.5789243761262416,0.3365616074588695,0.0671483367603485,0.5951456305857239
S2,13,motorbike,76,0.4335871572374564,0.3440797077215249,0.5193715056784797,0.6401426807526944,-149.84272518169809,0.494490010365906,0.4335251797831365,0.3002264794917464,0.1973684210526315,0.1447368421052631,0.6578947368421053,0.2479355777638733,0.1449470790873349,0.606105197399804,0.2610849920856157,0.1293028984409483,0.6084268911829545
S2,14,person,445,0.5840603929098647,0.4383850623591824,0.5232369376854338,0.5364853116992662,378.9753202060454,177.7237433131191,0.577838049801844,0.3824356346520929,0.5235955056179775,0.1865168539325842,0.2853932584269663,0.4352686637734626,0.1990124271367812,0.3646615579547883,0.3974520244448492,0.210063862534287,0.3915467780856893
S2,15,pottedplant,85,0.721679235122034,0.3842779882230334,0.6581130565810714,0.3830235069188232,625.7333516508979,443.2503483189592,0.7124701775062374,0.3450743771041566,0.3058823529411765,0.2470588235294117,0.4470588235294118,0.2932872185230369,0.233792146241609,0.4718399756988121,0.2754879909891967,0.2245340347762403,0.4989370101421283
S2,16,sheep,57,0.3591231326235718,0.2869660825971106,0.4444239282147089,0.5389501850946137,-233.40812776270388,-97.49912043942112,0.3603482561505938,0.2857977694718049,0.4736842105263157,0.0175438596491228,0.4912280701754385,0.3099853597776035,0.0095532353150081,0.6795498818352004,0.2786256424588764,0.0091211497028671,0.711791447376496
S2,17,sofa,90,0.6050919010207123,0.3836105363500515,0.5695843541777733,0.5624479001932279,179.12291121118702,218.05744502838496,0.5786049856058794,0.3393231535438242,0.2666666666666666,0.3111111111111111,0.4222222222222222,0.296715295811013,0.2223461513277045,0.4802651521878818,0.3060554433058853,0.211997732310436,0.4808426155065267
S2,18,train,84,0.4413130750012315,0.3760015958305436,0.5125708622300477,0.7223831015232719,-26.128706165078803,97.6792530872466,0.4428036297621781,0.37982021937961,0.4285714285714285,0.0476190476190476,0.5238095238095238,0.3579970912207755,0.0275322387164492,0.614165419757525,0.3418082362589058,0.0244661381195358,0.6331111085596729
S2,19,tvmonitor,74,0.7548518579190721,0.4871197800163707,0.7287048394239098,0.6133751499033855,795.9025299444969,812.2001418580982,0.7507018311312044,0.470737584142213,0.4459459459459459,0.1621621621621621,0.3918918918918919,0.444503237782043,0.1359730202902322,0.4184929033968863,0.4179079405554023,0.1275282573739162,0.4526534931983472
S3,0,aeroplane,90,0.5723440447895003,0.3512740593678207,0.5902727055885059,0.8431071927532111,407.7502181093688,899.0034239713268,0.5706554780622431,0.3481758452662464,0.3555555555555555,0.0333333333333333,0.6111111111111112,0.437409340611095,0.0297585844954266,0.5302567798181832,0.4049891657737853,0.0277638345180563,0.5649397777756142
S3,1,bicycle,79,0.7341441864564079,0.3376383022063696,0.715316769965703,0.5044930778323807,1498.1295653644277,1389.5017807381944,0.7212410008138677,0.2813374343602376,0.3164556962025316,0.2278481012658227,0.4556962025316455,0.2854939824876613,0.1895992279550299,0.5236360317908814,0.2585832280489317,0.1800194864305558,0.5605784540597902
S3,2,bird,103,0.4929662132396466,0.2725388554924705,0.5403247531812551,0.4234949864557258,280.09662785297456,-859.1329288400909,0.4915527476826147,0.2681601724150935,0.3980582524271844,0.0485436893203883,0.5533980582524272,0.296091092025558,0.0420314477353312,0.6618774602391109,0.2466920662229292,0.0427522569470615,0.710431205831752
S3,3,boat,72,0.5343294344116735,0.3079170321338373,0.6015773778797212,0.7055473237852448,463.8989909545628,411.6262190669752,0.5330762182484652,0.3040107356047825,0.4444444444444444,0.0972222222222222,0.4583333333333333,0.3428373143382433,0.0573032317549861,0.5966602611242444,0.2900816116315887,0.0492834583104415,0.6586657343255884
S3,4,bottle,96,0.541751869910108,0.3028506356625421,0.3752489451707734,0.154073730276421,656.3098638890269,-659.7749883263657,0.4962177793788259,0.245806051584087,0.2291666666666666,0.4375,0.3333333333333333,0.2574544399155881,0.4283575213367849,0.3136534992739427,0.2537081680518518,0.4165557376631013,0.3292000823243595
S3,5,bus,74,0.4384177411851729,0.4891026845972344,0.6939598531301141,0.8278888158026518,-374.8629528159252,548.0011617445709,0.4479527121943589,0.4795873811344855,0.4189189189189189,0.0675675675675675,0.5,0.4171621711984443,0.0432749236269862,0.5381677853583969,0.4202381309838951,0.033201062937995,0.5450035744242758
S3,6,car,127,0.449623372835207,0.3222842766670377,0.3942190540281434,0.3474329076156592,41.92317328825344,-261.3501363621492,0.4532927372723662,0.3026247001333366,0.2204724409448819,0.2362204724409448,0.5354330708661418,0.2505936651898476,0.2439943567884135,0.5039984274888348,0.2593553688594867,0.2334555915648326,0.5058673897506709
S3,7,cat,119,0.8167735941318806,0.7412609906851911,0.7325802742335148,0.5973320587024189,3930.878143800507,2289.0981447493195,0.8169752298884692,0.7183644140936148,0.7815126050420168,0.0840336134453781,0.134453781512605,0.7869503701128997,0.0696366824827032,0.1429402583287669,0.7728414278117213,0.0653371732227897,0.1611527477526801
S3,8,chair,123,0.429296811840045,0.2004557224594046,0.3464505541492313,0.2827112075608641,-154.9719837823587,-656.0342185918479,0.4008586963143811,0.1471458542327175,0.1869918699186991,0.4878048780487805,0.3170731707317073,0.1180733482275747,0.4452887988661605,0.4342415186742438,0.1154122326051306,0.4186846796742814,0.463412655642566
S3,9,cow,71,0.2990959001252642,0.3075526507502962,0.3987234102279949,0.4699864985860741,-1120.8389355481236,-452.4968169826075,0.302944551839093,0.3010220444472646,0.2535211267605634,0.056338028169014,0.6901408450704225,0.2121773295791086,0.054430576473048,0.7333920939478433,0.2181177774526115,0.0465276652323995,0.735173986711883
S3,10,diningtable,75,0.5229807261619949,0.3676778858388086,0.4032104847792703,0.3874964883053515,6.511964027632152,-464.358644153022,0.4719957197995419,0.2508858738114494,0.1866666666666666,0.6266666666666667,0.1733333333333333,0.2216421841414101,0.5075677290228374,0.2692802516417067,0.2282379499296688,0.4676227175269088,0.3028336767956611
S3,11,dog,128,0.617102588084017,0.5359089953874654,0.5562884055975134,0.5381117721830557,771.6885301838042,454.072083461874,0.6108474488277099,0.5012675172475592,0.625,0.140625,0.234375,0.5805034211674671,0.1166273528269827,0.3026739135055501,0.5467869684505038,0.1119180556914468,0.3407940744824707
S3,12,horse,79,0.5589095015347717,0.3842216025284553,0.57401024033834,0.7571285353268218,615.495292409212,613.9061007771357,0.5559057142359636,0.3654257752488203,0.379746835443038,0.1139240506329113,0.5063291139240507,0.3470427969095524,0.0849903059929708,0.5669931872630075,0.3473629525050025,0.0666215011787937,0.5848711211211458
S3,13,motorbike,76,0.4572411314271129,0.358950775383327,0.531812596039255,0.6444948997292161,-280.44258421857904,33.42055189514115,0.4548248002047476,0.312190356366018,0.1973684210526315,0.1710526315789473,0.631578947368421,0.2786759280933959,0.1484922962721561,0.5714822479691307,0.2879397804835795,0.1341934756813767,0.5768524072943916
S3,14,person,445,0.5576762287632218,0.4244457995390048,0.4895710914340879,0.5214877297590238,676.7550184012896,136.76495882846692,0.5476734985871882,0.370573723805034,0.5146067415730337,0.1910112359550561,0.2921348314606741,0.423432712876562,0.2165674597522285,0.3588877369680191,0.3858397133176761,0.222272037817747,0.3909232073165728
S3,15,pottedplant,85,0.6751537947847646,0.3696643725000961,0.5673671501704425,0.3350576111205701,1444.6548603695892,461.5816070618881,0.6626191669657664,0.3353596167230083,0.3058823529411765,0.3529411764705882,0.3411764705882353,0.2939693409427755,0.2990496079803583,0.4059003915403242,0.2785048203560051,0.2805301846508507,0.4399240309007095
S3,16,sheep,57,0.347873165541774,0.2924219187465114,0.4547578917896436,0.5413930570740559,-865.1636834129622,-868.9099663805152,0.3490551983298243,0.2912004120739038,0.5087719298245614,0.0350877192982456,0.4385964912280701,0.3394421582094712,0.0150934015199943,0.6445529171983465,0.2958591668623577,0.013513033596136,0.6901660390797457
S3,17,sofa,90,0.5974254130429911,0.384055521685803,0.5028579374673302,0.5250313927049225,483.35112431083866,-53.01141569365897,0.5570186224304051,0.3351691154052211,0.2222222222222222,0.3777777777777777,0.4,0.2893913117874676,0.2923301827016997,0.4176051048374319,0.2979553807161677,0.2727902838104132,0.4281830907312881
S3,18,train,84,0.4563860418491084,0.3847040435453314,0.4811715001545627,0.7007522471285638,12.414540735883785,188.89483316977572,0.4546159508914765,0.3869734125224324,0.4404761904761904,0.0476190476190476,0.5119047619047619,0.3726759147811779,0.0291856778698883,0.5978331570436833,0.3553463869007648,0.0295508873302249,0.6144882087071247
S3,19,tvmonitor,74,0.7300696235676011,0.4706133622768076,0.6663585514494936,0.5584818500119156,1878.882685373268,1687.7875573009046,0.7238230219691235,0.4540358693780688,0.4324324324324324,0.1891891891891892,0.3783783783783784,0.4283813973180971,0.1570163486059645,0.4135714155450998,0.4094271013103694,0.1465625425789352,0.4422732974116113
S4,0,aeroplane,90,0.5558943180278031,0.3359904032356617,0.69518218809922,0.9015026174123316,294.7596797765621,979.057803506037,0.5565205704208558,0.334313083454561,0.3444444444444444,0.0111111111111111,0.6444444444444445,0.4154496278619086,0.0031357774778827,0.5788392995849135,0.3849453549732617,0.0068113819931159,0.6059340917833395
S4,1,bicycle,79,0.5471557536159274,0.234594810914692,0.5650735598054278,0.3908000534960847,567.4640465652215,444.0852446884797,0.5650801241303941,0.2220313493750998,0.2784810126582278,0.0379746835443038,0.6835443037974683,0.2241103829444524,0.0653991009097408,0.7095528696385399,0.2020566517690646,0.0740965645337042,0.7231945078660892
S4,2,bird,103,0.4784266808350451,0.2660731716564818,0.359049626903652,0.3526067449145685,258.16871824501925,-849.1123673118902,0.47734886140266,0.2631827957431827,0.3980582524271844,0.0388349514563106,0.5631067961165048,0.2878092940529067,0.0316033368217834,0.68058736912531,0.2410032563311284,0.0353762559093915,0.7236204877594802
S4,3,boat,72,0.4856960053712241,0.2807077542393507,0.5706145631058149,0.696354848043411,153.2045517326491,288.14090756624563,0.4876171784300804,0.2789598455020611,0.4166666666666667,0.0,0.5833333333333334,0.3000392787447741,0.0144539782697677,0.6830108977812795,0.2496678502213794,0.0211773032496716,0.7275417761526928
S4,4,bottle,96,0.5401933160187274,0.2979282547168287,0.5274460116311679,0.2340116874629281,519.537093349985,-79.908061508299,0.5411404767723708,0.2622672667893844,0.3229166666666667,0.1458333333333333,0.53125,0.2763172045683374,0.1926937417124977,0.530461543035404,0.2638328069198938,0.2112092847069437,0.5245606482844466
S4,5,bus,74,0.3885642427555413,0.4478612735148308,0.7041385020692896,0.8429471612881979,-328.9739863229553,453.5335321478319,0.3988005860879546,0.4419976728727152,0.3378378378378378,0.0135135135135135,0.6486486486486487,0.3316832507088552,0.0090842360579202,0.6588860128867242,0.3460076339046665,0.0106901622805434,0.6429557034682897
S4,6,car,127,0.5300733780038782,0.3518939428744158,0.6048288095461701,0.4933130639025127,159.5438254505746,190.07820934537017,0.54592486503239,0.3321109744139557,0.3228346456692913,0.1496062992125984,0.5275590551181102,0.2939300477738107,0.1636426172231003,0.5420336342156873,0.293059482514604,0.1674988895021727,0.5391413368925407
S4,7,cat,119,0.7997945128171297,0.7226444003937064,0.7430321511027327,0.6013041195481161,3368.541404549151,1367.1221010537588,0.8039715490452026,0.7035781412198637,0.7899159663865546,0.0252100840336134,0.1848739495798319,0.766434622660038,0.0430032318952825,0.190352061411066,0.7553815003019614,0.047508437767673,0.1964414107175567
S4,8,chair,123,0.4371218912740522,0.1868326941641394,0.5199133152572512,0.3783692783090566,-106.73476936635652,-2.7553017159339848,0.4628290840106046,0.1581146425282907,0.2195121951219512,0.1056910569105691,0.6666666666666666,0.1614543773015007,0.1271301759734327,0.7103297402478325,0.1455076792111891,0.1508303942710028,0.7025794432161558
S4,9,cow,71,0.3015748948137849,0.3053641757883297,0.4602530988284236,0.5081079726680607,-1215.494054925557,-212.2808950652741,0.3068907439518643,0.2988664062591606,0.2253521126760563,0.028169014084507,0.7464788732394366,0.1978570520420692,0.013077672193357,0.7890652757645736,0.20861295023193,0.0149883838211289,0.7762180953438352
S4,10,diningtable,75,0.5264278580191598,0.3988501159323727,0.5676052366373588,0.5114027866221128,-83.13379880541908,-134.96482695556392,0.5467877292950843,0.3190574218370501,0.64,0.16,0.2,0.4197321053497523,0.1858886777408449,0.3940283397164202,0.3512906424817225,0.2114614032012026,0.4367237977718657
S4,11,dog,128,0.6204634081318603,0.5457913487154056,0.6391076100810186,0.6209502946341928,597.3759036447124,410.8752577567751,0.6227134103685256,0.5181918674619357,0.671875,0.09375,0.234375,0.611274215222993,0.0789339422126223,0.3095965300643847,0.5700654843490265,0.0775685663883348,0.3521668966011652
S4,12,horse,79,0.5006396557418014,0.3451970001644276,0.6584627211718083,0.8110837083796907,589.3586401462537,680.7082862803745,0.5055973773385989,0.334509911879324,0.3164556962025316,0.0126582278481012,0.6708860759493671,0.2816372245252991,0.0159304399977284,0.7021077655321493,0.2700834604292764,0.0171130369234078,0.7124789327024927
S4,13,motorbike,76,0.3401794371286452,0.2806992971385968,0.5635261381982808,0.6625054754029728,-435.8637768309689,-2.381185802082196,0.3675219275503262,0.2575542843137132,0.1052631578947368,0.0263157894736842,0.868421052631579,0.1385339497599152,0.0314267495707938,0.8297019187529616,0.1560325609537089,0.0363657930223173,0.8069246913996507
S4,14,person,445,0.6218192118629016,0.4911538556060519,0.5679344982430288,0.5791471136403487,469.4599293806324,244.03938459857557,0.6140084034566111,0.4277214206946745,0.6202247191011236,0.1707865168539326,0.2089887640449438,0.4895233884710369,0.2079881355237162,0.3016757267596176,0.4403673559046856,0.214465943043794,0.3444065555104961
S4,15,pottedplant,85,0.698382191620757,0.3974790120396606,0.7306317316424376,0.5407584283884344,923.245290850528,512.6549079310602,0.709280196867792,0.3842913265687989,0.4470588235294118,0.0470588235294117,0.5058823529411764,0.3207916953889689,0.0724649735369549,0.6067433310740761,0.281938061899959,0.09337549433846,0.6238491975199228
S4,16,sheep,57,0.3568955116061004,0.2845960970235375,0.4836995682096648,0.5711118539973074,-1006.4175984766532,-1097.5610155125432,0.3583530400439936,0.2833824725771911,0.4385964912280701,0.0,0.543859649122807,0.3091722243384293,0.0082392215356204,0.6816770310537623,0.2796474665842455,0.0088784714823495,0.7110123014716445
S4,17,sofa,90,0.6095876056711225,0.3966374504340434,0.6769720360115384,0.6330976376267374,303.2955351238106,366.6578538026752,0.633917509483896,0.3905199815226587,0.5555555555555556,0.0888888888888888,0.3555555555555555,0.4245002611275831,0.0838305238743835,0.4916692149980334,0.4000889709276553,0.0886313753672921,0.5111372035626025
S4,18,train,84,0.4362084944339318,0.370657634413522,0.5537131358293579,0.7413095482569785,45.40782103915476,495.6420241539546,0.4397288367261081,0.375631390559796,0.4285714285714285,0.0119047619047619,0.5595238095238095,0.3481181948287211,0.0035612535612535,0.648015301304775,0.3278857609107306,0.0032257755472041,0.6684305880841899
S4,19,tvmonitor,74,0.7311005260870262,0.508665326283877,0.7747280597426339,0.6534819495400114,1143.699773197273,812.2479907288637,0.73846910579589,0.5005969750755488,0.5540540540540541,0.0405405405405405,0.4054054054054054,0.4654278129207005,0.0477994763556641,0.485404034354959,0.4200281983078568,0.060942530673046,0.5169500980538483
S5,0,aeroplane,90,0.9132540865556196,0.7988100080336034,0.954202848199384,0.9945830211276884,0.3894416981226707,0.5078050122246399,0.9135052502734492,0.7973116419289505,0.8777777777777778,0.0,0.1222222222222222,0.8226288598218423,0.0,0.1759466387536563,0.7641723919918028,0.0002962962962962,0.2328049111395088
S5,1,bicycle,79,0.8672999304035794,0.4780035741823966,0.9144913369155624,0.8097049510719764,0.337206815260448,0.3974366407928145,0.8744491791099627,0.4568865022543734,0.5443037974683544,0.0253164556962025,0.430379746835443,0.3868300092454182,0.0485298840150507,0.5639553780401454,0.3297651389481448,0.0610261591414019,0.6083159798282343
S5,2,bird,103,0.8947368881681417,0.7202479726345461,0.8625393534290049,0.7465865383571321,0.3088313685805899,0.3412400558118239,0.8957030399570003,0.7189218105363645,0.8932038834951457,0.0097087378640776,0.0970873786407767,0.7117832817979727,0.0149663976727083,0.2727648836361151,0.6362103689296968,0.015436180483572,0.3481076597547292
S5,3,boat,72,0.872696511078976,0.6885421467818866,0.8014044129918223,0.9370144376730156,0.30330628489522,0.3415043159839763,0.8744097763102339,0.6837222010445394,0.7916666666666666,0.0,0.1944444444444444,0.6983135062516763,0.0043578497525865,0.2937417284602922,0.5957998730438263,0.0076934711553299,0.392915352752112
S5,4,bottle,96,0.9028096864059604,0.7316950102611954,0.925677936716538,0.7086553020465061,0.4010418074846136,0.4363461681066216,0.9014215664935664,0.6672928611876254,0.6875,0.125,0.1875,0.5497679640777599,0.1960620592749996,0.2532885663908303,0.4701014031012096,0.2168050593233305,0.3123038758482981
S5,5,bus,74,0.902389049148166,0.89710670625335,0.8990777927723549,0.9748846407429372,0.3461941222047808,0.3570759468535444,0.9042843717514732,0.8948000599553394,0.918918918918919,0.0,0.081081081081081,0.9083394574681914,0.003847977532188,0.0878125649996204,0.8745674064493051,0.0045296645063467,0.1209029290443482
S5,6,car,127,0.8864015659685744,0.7570545478105443,0.9124142134685852,0.8177486791340131,0.345468444227044,0.4251865820585182,0.898095443296635,0.7451989814071279,0.7952755905511811,0.0393700787401574,0.1653543307086614,0.5976221896378645,0.0612924003413021,0.3408885596271325,0.5346620934779315,0.0661821749670615,0.3986548204590596
S5,7,cat,119,0.9435305285346846,0.9231401025625152,0.9595274301870096,0.9198458737587248,0.492347814622273,0.5100668678249517,0.946795697463811,0.919565407748473,0.9747899159663864,0.0,0.0252100840336134,0.9431085503647424,0.0071113870649474,0.0497800625703102,0.910114953427168,0.0142761687528866,0.0756088778199455
S5,8,chair,123,0.8158989792456175,0.5374579455677247,0.8518003395342092,0.6896399189287733,0.2436851570416826,0.2990843515380771,0.8397581176305914,0.4810946530416174,0.5365853658536586,0.1463414634146341,0.3170731707317073,0.442610018748356,0.167109439164959,0.3889696177975835,0.3812249562334458,0.1725582499795011,0.4451388384034371
S5,9,cow,71,0.8515071929209931,0.7993956364461099,0.9120625104474208,0.8720494527588502,0.2969018527760597,0.4087988462084891,0.8567131218652545,0.7947350420490269,0.971830985915493,0.0,0.028169014084507,0.8802850164414284,0.0036114120621162,0.1161035714964551,0.8289011371770644,0.0043793123111136,0.1661730868445279
S5,10,diningtable,75,0.8035330772631467,0.6998980698712478,0.7858558477733364,0.7302128022849024,0.241704077584323,0.2380317947157506,0.8087959720208375,0.6064687527233619,0.7066666666666667,0.1466666666666666,0.1466666666666666,0.6752746244704448,0.1397998303965796,0.1841742223816527,0.605898653467784,0.1659491158661128,0.2269036385939267
S5,11,dog,128,0.9492372581701308,0.924925755072603,0.9593992140397,0.956413963816046,0.4334787108644262,0.4751688215297988,0.9525114901269248,0.9165706620218886,0.9765625,0.0078125,0.015625,0.9420138190003526,0.008249976277834,0.0497362047218132,0.8917391302205151,0.0157026624339052,0.0922576264828213
S5,12,horse,79,0.9080975660219652,0.8408044623353574,0.913343219695598,0.961945881867878,0.3887616874199954,0.406470846072446,0.907010008326392,0.8313514789670838,0.9240506329113924,0.0,0.0759493670886076,0.8763363694243108,0.0045534093002447,0.1191102212754444,0.8329640551491541,0.0094020605628553,0.1573029360889543
S5,13,motorbike,76,0.9110056834299864,0.891708321887154,0.8075495724672564,0.8662754500818798,0.380742683254811,0.2890360735513513,0.895450103310329,0.8262111297466064,0.9078947368421052,0.0657894736842105,0.0263157894736842,0.8726410105942042,0.0606787735423469,0.0663428339471194,0.8288900997437123,0.0753043445821452,0.095468118294733
S5,14,person,445,0.9161917991468508,0.8321815773761487,0.9265126124524834,0.8882470447852224,0.4146982453520406,0.4321000463842807,0.9248527679394074,0.8061335595908838,0.849438202247191,0.0674157303370786,0.0831460674157303,0.7481361614125512,0.0773261317591595,0.1743086662059901,0.6800517353764144,0.0894702912680879,0.2299566629269344
S5,15,pottedplant,85,0.8897172786402052,0.6521295580436884,0.9464392005501148,0.8473098864739737,0.3557603084510116,0.4839584975757681,0.9028523419179492,0.6455421327559442,0.611764705882353,0.0235294117647058,0.3647058823529411,0.4559625299109925,0.0493959009866859,0.4946415691023216,0.384557330703033,0.0560201960922977,0.55906596696581
S5,16,sheep,57,0.8539381814613908,0.7723182551300238,0.9032813820772267,0.8799794121164519,0.293814537421048,0.40671376267628,0.8549040825761426,0.7712974764930757,0.9473684210526316,0.0,0.0526315789473684,0.8181813339015555,0.0018467220683287,0.17952210147501,0.7603732244550647,0.0011542012927054,0.2382447319191244
S5,17,sofa,90,0.8422892332511391,0.7334355865464821,0.853145361677753,0.8090235100819753,0.3011503271519685,0.3090132376724859,0.8539956953338645,0.7045780978616164,0.7888888888888889,0.0777777777777777,0.1333333333333333,0.7644282111058427,0.0766318469278995,0.158647544305439,0.7017978660384234,0.0810538181328365,0.2168337668299804
S5,18,train,84,0.8818798548179158,0.8274633686140476,0.8686340787639487,0.9682315884563906,0.3297822374970225,0.4519014777745388,0.8763516408111004,0.8275418006239526,0.9642857142857144,0.0,0.0357142857142857,0.9136852548036758,0.0015262515262515,0.0847884936700726,0.8771311830756723,0.0015548274476845,0.1205467970812503
S5,19,tvmonitor,74,0.8755122658697494,0.7335845989188056,0.9408020694929984,0.9126452366673272,0.3544694041068347,0.467501612423275,0.8784080203229377,0.727633636643731,0.8108108108108109,0.027027027027027,0.1486486486486486,0.6817651317473509,0.0264800937276043,0.2876400829103532,0.5835976819129226,0.0390915247778166,0.3743674463452609
