graph,score,presence,aggregation,metric,estimate,ci_low,ci_high,num_images,num_images_total,num_rows,num_rows_total,num_classes,bootstrap_repeats,bootstrap_valid_repeats,bootstrap_valid_fraction,bootstrap_seed,bootstrap_base_seed
B1_spatial,relevance,absent,micro,mean_score,0.0014166037345437526,0.001262993251922142,0.0015741526812917005,1449,1449,26833,26833,,5000,5000,1.0,3021694564,20260901
B1_spatial,relevance,absent,micro,top10_mean_score,0.009630308232346597,0.00884729426648114,0.010458375798797477,1449,1449,26833,26833,,5000,5000,1.0,3021694564,20260901
B1_spatial,relevance,absent,micro,max_score,0.05432472117108087,0.05101897673515307,0.05776698055727949,1449,1449,26833,26833,,5000,5000,1.0,3021694564,20260901
B1_spatial,relevance,absent,micro,spatial_entropy,0.9567586776927934,0.9539826932280362,0.959441288158109,1449,1449,26833,26833,,5000,5000,1.0,3021694564,20260901
B1_spatial,relevance,absent,micro,high_score_fraction,0.00026410062347728295,0.0002370131953332556,0.0002934976277750661,1449,1449,26833,26833,,5000,5000,1.0,3021694564,20260901
B1_spatial,relevance,absent,macro_class,mean_score,0.0014706790331685533,0.0013106519338851926,0.0016365800536154817,1449,1449,26833,26833,20,5000,5000,1.0,3021694564,20260901
B1_spatial,relevance,absent,macro_class,top10_mean_score,0.009959667662635537,0.009143840919986695,0.010824549203690328,1449,1449,26833,26833,20,5000,5000,1.0,3021694564,20260901
B1_spatial,relevance,absent,macro_class,max_score,0.05622324844129264,0.05270360973784516,0.05980403728111577,1449,1449,26833,26833,20,5000,5000,1.0,3021694564,20260901
B1_spatial,relevance,absent,macro_class,spatial_entropy,0.9552179738320936,0.95229898099275,0.9580016932379337,1449,1449,26833,26833,20,5000,5000,1.0,3021694564,20260901
B1_spatial,relevance,absent,macro_class,high_score_fraction,0.0002733987934602303,0.0002448260985698536,0.00030553712883420284,1449,1449,26833,26833,20,5000,5000,1.0,3021694564,20260901
B1_spatial,relevance,positive,micro,mean_score,0.3011376920978564,0.2919631752162475,0.31012609588785084,1449,1449,2147,2147,,5000,5000,1.0,3021694564,20260901
B1_spatial,relevance,positive,micro,top10_mean_score,0.7110007231788558,0.6996225993824744,0.7223730056335296,1449,1449,2147,2147,,5000,5000,1.0,3021694564,20260901
B1_spatial,relevance,positive,micro,max_score,0.95889060643323,0.9508549702103225,0.9665269133607347,1449,1449,2147,2147,,5000,5000,1.0,3021694564,20260901
B1_spatial,relevance,positive,micro,spatial_entropy,0.8226730715062036,0.8131640698477608,0.8318140619074144,1449,1449,2147,2147,,5000,5000,1.0,3021694564,20260901
B1_spatial,relevance,positive,micro,high_score_fraction,0.09741167148859985,0.09271829510102553,0.10206502291470107,1449,1449,2147,2147,,5000,5000,1.0,3021694564,20260901
B1_spatial,relevance,positive,macro_class,mean_score,0.3081457078974638,0.3001478524425475,0.3161642930217623,1449,1449,2147,2147,20,5000,5000,1.0,3021694564,20260901
B1_spatial,relevance,positive,macro_class,top10_mean_score,0.7152739687715884,0.7042109433723119,0.7262640160150349,1449,1449,2147,2147,20,5000,5000,1.0,3021694564,20260901
B1_spatial,relevance,positive,macro_class,max_score,0.9595050170243871,0.9508492814393761,0.9676438831399511,1449,1449,2147,2147,20,5000,5000,1.0,3021694564,20260901
B1_spatial,relevance,positive,macro_class,spatial_entropy,0.8280677996876271,0.8184948020242274,0.8371728853723862,1449,1449,2147,2147,20,5000,5000,1.0,3021694564,20260901
B1_spatial,relevance,positive,macro_class,high_score_fraction,0.09761166868435651,0.09352807136380104,0.10167420082013819,1449,1449,2147,2147,20,5000,5000,1.0,3021694564,20260901
B1_spatial,relevance_x_stability,absent,micro,mean_score,0.000573268369750444,0.0005023245975568917,0.0006471292500779582,1449,1449,26833,26833,,5000,5000,1.0,3021694564,20260901
B1_spatial,relevance_x_stability,absent,micro,top10_mean_score,0.0036460690890300265,0.003306806463363304,0.003995320046263667,1449,1449,26833,26833,,5000,5000,1.0,3021694564,20260901
B1_spatial,relevance_x_stability,absent,micro,max_score,0.015743686939269672,0.014695665454002985,0.016850089320347462,1449,1449,26833,26833,,5000,5000,1.0,3021694564,20260901
B1_spatial,relevance_x_stability,absent,micro,spatial_entropy,0.9560319136597524,0.9531832191151027,0.9587385991316044,1449,1449,26833,26833,,5000,5000,1.0,3021694564,20260901
B1_spatial,relevance_x_stability,absent,micro,high_score_fraction,9.562200432718264e-07,1.913116750611434e-07,1.9610231320557737e-06,1449,1449,26833,26833,,5000,5000,1.0,3021694564,20260901
B1_spatial,relevance_x_stability,absent,macro_class,mean_score,0.0005961110184713592,0.0005215960920720191,0.000673523840488204,1449,1449,26833,26833,20,5000,5000,1.0,3021694564,20260901
B1_spatial,relevance_x_stability,absent,macro_class,top10_mean_score,0.0037751784083046003,0.0034231658326029386,0.00414583311920874,1449,1449,26833,26833,20,5000,5000,1.0,3021694564,20260901
B1_spatial,relevance_x_stability,absent,macro_class,max_score,0.01632683767133911,0.01523459108044852,0.017490227570059476,1449,1449,26833,26833,20,5000,5000,1.0,3021694564,20260901
B1_spatial,relevance_x_stability,absent,macro_class,spatial_entropy,0.9544582594771358,0.951530884066353,0.9572956434231968,1449,1449,26833,26833,20,5000,5000,1.0,3021694564,20260901
B1_spatial,relevance_x_stability,absent,macro_class,high_score_fraction,1.0446527078439002e-06,1.9076229209498664e-07,2.2284926140266206e-06,1449,1449,26833,26833,20,5000,5000,1.0,3021694564,20260901
B1_spatial,relevance_x_stability,positive,micro,mean_score,0.15462279987434246,0.14952436415887949,0.15957924708494112,1449,1449,2147,2147,,5000,5000,1.0,3021694564,20260901
B1_spatial,relevance_x_stability,positive,micro,top10_mean_score,0.4218598865045142,0.41240975923995393,0.43155390048825665,1449,1449,2147,2147,,5000,5000,1.0,3021694564,20260901
B1_spatial,relevance_x_stability,positive,micro,max_score,0.6799642291881729,0.669589262078329,0.6900263846021308,1449,1449,2147,2147,,5000,5000,1.0,3021694564,20260901
B1_spatial,relevance_x_stability,positive,micro,spatial_entropy,0.7503391634294291,0.7397443164596234,0.7604091295439704,1449,1449,2147,2147,,5000,5000,1.0,3021694564,20260901
B1_spatial,relevance_x_stability,positive,micro,high_score_fraction,0.003678117166911986,0.0033480861087897707,0.004012074356202944,1449,1449,2147,2147,,5000,5000,1.0,3021694564,20260901
B1_spatial,relevance_x_stability,positive,macro_class,mean_score,0.15953867039783076,0.15514419995816156,0.1639774750830773,1449,1449,2147,2147,20,5000,5000,1.0,3021694564,20260901
B1_spatial,relevance_x_stability,positive,macro_class,top10_mean_score,0.43071202648797124,0.4220957794832443,0.4394115928989545,1449,1449,2147,2147,20,5000,5000,1.0,3021694564,20260901
B1_spatial,relevance_x_stability,positive,macro_class,max_score,0.6846553398309577,0.6745095544218938,0.6945010602042134,1449,1449,2147,2147,20,5000,5000,1.0,3021694564,20260901
B1_spatial,relevance_x_stability,positive,macro_class,spatial_entropy,0.7596827917283008,0.7493711379509971,0.7698535109785175,1449,1449,2147,2147,20,5000,5000,1.0,3021694564,20260901
B1_spatial,relevance_x_stability,positive,macro_class,high_score_fraction,0.0037007119547353127,0.003389603361822301,0.0040056911434824816,1449,1449,2147,2147,20,5000,5000,1.0,3021694564,20260901
B1_spatial,stability,absent,micro,mean_score,0.5283120407680346,0.5279508087120246,0.5286929189818148,1449,1449,26833,26833,,5000,5000,1.0,3021694564,20260901
B1_spatial,stability,absent,micro,top10_mean_score,0.9191108568650809,0.9189066957061885,0.9193203519197571,1449,1449,26833,26833,,5000,5000,1.0,3021694564,20260901
B1_spatial,stability,absent,micro,max_score,0.9976534359241773,0.9976228397786367,0.9976840262041009,1449,1449,26833,26833,,5000,5000,1.0,3021694564,20260901
B1_spatial,stability,absent,micro,spatial_entropy,0.9258051765671605,0.9256540656305855,0.9259570042537465,1449,1449,26833,26833,,5000,5000,1.0,3021694564,20260901
B1_spatial,stability,absent,micro,high_score_fraction,0.13981901617898806,0.13943347179305818,0.14021942890780037,1449,1449,26833,26833,,5000,5000,1.0,3021694564,20260901
B1_spatial,stability,absent,macro_class,mean_score,0.5283363801470443,0.5279768519134552,0.5287177364774321,1449,1449,26833,26833,20,5000,5000,1.0,3021694564,20260901
B1_spatial,stability,absent,macro_class,top10_mean_score,0.9190927087788099,0.9188886040245492,0.9193011907958306,1449,1449,26833,26833,20,5000,5000,1.0,3021694564,20260901
B1_spatial,stability,absent,macro_class,max_score,0.9976534893036699,0.9976227207105487,0.9976839028861691,1449,1449,26833,26833,20,5000,5000,1.0,3021694564,20260901
B1_spatial,stability,absent,macro_class,spatial_entropy,0.9257908547662128,0.9256407092605177,0.9259423441445632,1449,1449,26833,26833,20,5000,5000,1.0,3021694564,20260901
B1_spatial,stability,absent,macro_class,high_score_fraction,0.13977785771346646,0.1393928516896969,0.14017880481263248,1449,1449,26833,26833,20,5000,5000,1.0,3021694564,20260901
B1_spatial,stability,positive,micro,mean_score,0.5293834245823583,0.5290435782552686,0.529708183193867,1449,1449,2147,2147,,5000,5000,1.0,3021694564,20260901
B1_spatial,stability,positive,micro,top10_mean_score,0.9175088399674848,0.9170709011311283,0.9179200316909641,1449,1449,2147,2147,,5000,5000,1.0,3021694564,20260901
B1_spatial,stability,positive,micro,max_score,0.9976072239498233,0.9975048365113988,0.997707655009122,1449,1449,2147,2147,,5000,5000,1.0,3021694564,20260901
B1_spatial,stability,positive,micro,spatial_entropy,0.9251962142546453,0.9250379902227363,0.925348139136992,1449,1449,2147,2147,,5000,5000,1.0,3021694564,20260901
B1_spatial,stability,positive,micro,high_score_fraction,0.13695576067592324,0.1364121328233664,0.13750489724208653,1449,1449,2147,2147,,5000,5000,1.0,3021694564,20260901
B1_spatial,stability,positive,macro_class,mean_score,0.5299494279085885,0.5296147881359171,0.5302839491923554,1449,1449,2147,2147,20,5000,5000,1.0,3021694564,20260901
B1_spatial,stability,positive,macro_class,top10_mean_score,0.9174644710118068,0.9170248639223062,0.9179070042647645,1449,1449,2147,2147,20,5000,5000,1.0,3021694564,20260901
B1_spatial,stability,positive,macro_class,max_score,0.9976259329582696,0.997515898634068,0.9977339253302603,1449,1449,2147,2147,20,5000,5000,1.0,3021694564,20260901
B1_spatial,stability,positive,macro_class,spatial_entropy,0.925015434611549,0.9248616572143149,0.9251576326687727,1449,1449,2147,2147,20,5000,5000,1.0,3021694564,20260901
B1_spatial,stability,positive,macro_class,high_score_fraction,0.13676929227933368,0.1361913582595136,0.1373524693128829,1449,1449,2147,2147,20,5000,5000,1.0,3021694564,20260901
B2_feature,relevance,absent,micro,mean_score,0.0014166037345437526,0.001262993251922142,0.0015741526812917005,1449,1449,26833,26833,,5000,5000,1.0,3021694564,20260901
B2_feature,relevance,absent,micro,top10_mean_score,0.009630308232346597,0.00884729426648114,0.010458375798797477,1449,1449,26833,26833,,5000,5000,1.0,3021694564,20260901
B2_feature,relevance,absent,micro,max_score,0.05432472117108087,0.05101897673515307,0.05776698055727949,1449,1449,26833,26833,,5000,5000,1.0,3021694564,20260901
B2_feature,relevance,absent,micro,spatial_entropy,0.9567586776927934,0.9539826932280362,0.959441288158109,1449,1449,26833,26833,,5000,5000,1.0,3021694564,20260901
B2_feature,relevance,absent,micro,high_score_fraction,0.00026410062347728295,0.0002370131953332556,0.0002934976277750661,1449,1449,26833,26833,,5000,5000,1.0,3021694564,20260901
B2_feature,relevance,absent,macro_class,mean_score,0.0014706790331685533,0.0013106519338851926,0.0016365800536154817,1449,1449,26833,26833,20,5000,5000,1.0,3021694564,20260901
B2_feature,relevance,absent,macro_class,top10_mean_score,0.009959667662635537,0.009143840919986695,0.010824549203690328,1449,1449,26833,26833,20,5000,5000,1.0,3021694564,20260901
B2_feature,relevance,absent,macro_class,max_score,0.05622324844129264,0.05270360973784516,0.05980403728111577,1449,1449,26833,26833,20,5000,5000,1.0,3021694564,20260901
B2_feature,relevance,absent,macro_class,spatial_entropy,0.9552179738320936,0.95229898099275,0.9580016932379337,1449,1449,26833,26833,20,5000,5000,1.0,3021694564,20260901
B2_feature,relevance,absent,macro_class,high_score_fraction,0.0002733987934602303,0.0002448260985698536,0.00030553712883420284,1449,1449,26833,26833,20,5000,5000,1.0,3021694564,20260901
B2_feature,relevance,positive,micro,mean_score,0.3011376920978564,0.2919631752162475,0.31012609588785084,1449,1449,2147,2147,,5000,5000,1.0,3021694564,20260901
B2_feature,relevance,positive,micro,top10_mean_score,0.7110007231788558,0.6996225993824744,0.7223730056335296,1449,1449,2147,2147,,5000,5000,1.0,3021694564,20260901
B2_feature,relevance,positive,micro,max_score,0.95889060643323,0.9508549702103225,0.9665269133607347,1449,1449,2147,2147,,5000,5000,1.0,3021694564,20260901
B2_feature,relevance,positive,micro,spatial_entropy,0.8226730715062036,0.8131640698477608,0.8318140619074144,1449,1449,2147,2147,,5000,5000,1.0,3021694564,20260901
B2_feature,relevance,positive,micro,high_score_fraction,0.09741167148859985,0.09271829510102553,0.10206502291470107,1449,1449,2147,2147,,5000,5000,1.0,3021694564,20260901
B2_feature,relevance,positive,macro_class,mean_score,0.3081457078974638,0.3001478524425475,0.3161642930217623,1449,1449,2147,2147,20,5000,5000,1.0,3021694564,20260901
B2_feature,relevance,positive,macro_class,top10_mean_score,0.7152739687715884,0.7042109433723119,0.7262640160150349,1449,1449,2147,2147,20,5000,5000,1.0,3021694564,20260901
B2_feature,relevance,positive,macro_class,max_score,0.9595050170243871,0.9508492814393761,0.9676438831399511,1449,1449,2147,2147,20,5000,5000,1.0,3021694564,20260901
B2_feature,relevance,positive,macro_class,spatial_entropy,0.8280677996876271,0.8184948020242274,0.8371728853723862,1449,1449,2147,2147,20,5000,5000,1.0,3021694564,20260901
B2_feature,relevance,positive,macro_class,high_score_fraction,0.09761166868435651,0.09352807136380104,0.10167420082013819,1449,1449,2147,2147,20,5000,5000,1.0,3021694564,20260901
B2_feature,relevance_x_stability,absent,micro,mean_score,0.0005717591508813286,0.0005009388066089599,0.000645782974510414,1449,1449,26833,26833,,5000,5000,1.0,3021694564,20260901
B2_feature,relevance_x_stability,absent,micro,top10_mean_score,0.0036245665668562573,0.0032869230714770046,0.003971736848931871,1449,1449,26833,26833,,5000,5000,1.0,3021694564,20260901
B2_feature,relevance_x_stability,absent,micro,max_score,0.015536625891058748,0.014501059174749751,0.016628399024416464,1449,1449,26833,26833,,5000,5000,1.0,3021694564,20260901
B2_feature,relevance_x_stability,absent,micro,spatial_entropy,0.956063333003493,0.9532183138716205,0.9587446632825586,1449,1449,26833,26833,,5000,5000,1.0,3021694564,20260901
B2_feature,relevance_x_stability,absent,micro,high_score_fraction,9.091882057649294e-07,2.3942117562080335e-07,1.811521157733191e-06,1449,1449,26833,26833,,5000,5000,1.0,3021694564,20260901
B2_feature,relevance_x_stability,absent,macro_class,mean_score,0.0005945718718854034,0.0005196874086948028,0.0006723019433571005,1449,1449,26833,26833,20,5000,5000,1.0,3021694564,20260901
B2_feature,relevance_x_stability,absent,macro_class,top10_mean_score,0.0037529607117524726,0.0034027028219874994,0.004122423781328671,1449,1449,26833,26833,20,5000,5000,1.0,3021694564,20260901
B2_feature,relevance_x_stability,absent,macro_class,max_score,0.016113855544403456,0.01503372667709094,0.017255160390503912,1449,1449,26833,26833,20,5000,5000,1.0,3021694564,20260901
B2_feature,relevance_x_stability,absent,macro_class,spatial_entropy,0.9544861081386143,0.9515379690929783,0.957323475666192,1449,1449,26833,26833,20,5000,5000,1.0,3021694564,20260901
B2_feature,relevance_x_stability,absent,macro_class,high_score_fraction,1.0159884287838789e-06,2.389928544311103e-07,2.1151432461843735e-06,1449,1449,26833,26833,20,5000,5000,1.0,3021694564,20260901
B2_feature,relevance_x_stability,positive,micro,mean_score,0.15513627198872224,0.15004918400319908,0.1600906106208565,1449,1449,2147,2147,,5000,5000,1.0,3021694564,20260901
B2_feature,relevance_x_stability,positive,micro,top10_mean_score,0.4235324435116728,0.41414271370293126,0.43323314798184726,1449,1449,2147,2147,,5000,5000,1.0,3021694564,20260901
B2_feature,relevance_x_stability,positive,micro,max_score,0.6804077257554253,0.6699994613416596,0.6905624562397132,1449,1449,2147,2147,,5000,5000,1.0,3021694564,20260901
B2_feature,relevance_x_stability,positive,micro,spatial_entropy,0.7525074999822622,0.7417986234974981,0.7626676249596153,1449,1449,2147,2147,,5000,5000,1.0,3021694564,20260901
B2_feature,relevance_x_stability,positive,micro,high_score_fraction,0.003705234304724299,0.0033796033506433122,0.004038640426779357,1449,1449,2147,2147,,5000,5000,1.0,3021694564,20260901
B2_feature,relevance_x_stability,positive,macro_class,mean_score,0.15993326664795057,0.15551294954481967,0.16438207425830426,1449,1449,2147,2147,20,5000,5000,1.0,3021694564,20260901
B2_feature,relevance_x_stability,positive,macro_class,top10_mean_score,0.4319170595313938,0.4232842598781351,0.44070212415934606,1449,1449,2147,2147,20,5000,5000,1.0,3021694564,20260901
B2_feature,relevance_x_stability,positive,macro_class,max_score,0.6847941989216095,0.6748624879108817,0.6948408514757891,1449,1449,2147,2147,20,5000,5000,1.0,3021694564,20260901
B2_feature,relevance_x_stability,positive,macro_class,spatial_entropy,0.7617234270182323,0.7516428541913436,0.7717635780713585,1449,1449,2147,2147,20,5000,5000,1.0,3021694564,20260901
B2_feature,relevance_x_stability,positive,macro_class,high_score_fraction,0.003660395954902307,0.0033552385079411396,0.003961196367029317,1449,1449,2147,2147,20,5000,5000,1.0,3021694564,20260901
B2_feature,stability,absent,micro,mean_score,0.5278784976823169,0.5275422984496652,0.5282239038687482,1449,1449,26833,26833,,5000,5000,1.0,3021694564,20260901
B2_feature,stability,absent,micro,top10_mean_score,0.9189081758410999,0.9187120889205392,0.9191019485614872,1449,1449,26833,26833,,5000,5000,1.0,3021694564,20260901
B2_feature,stability,absent,micro,max_score,0.9976425668762599,0.9976108790283645,0.9976735088600807,1449,1449,26833,26833,,5000,5000,1.0,3021694564,20260901
B2_feature,stability,absent,micro,spatial_entropy,0.9262248825568239,0.9260802814189747,0.9263722415919272,1449,1449,26833,26833,,5000,5000,1.0,3021694564,20260901
B2_feature,stability,absent,micro,high_score_fraction,0.13942009581378467,0.13906097912579526,0.1397854664218392,1449,1449,26833,26833,,5000,5000,1.0,3021694564,20260901
B2_feature,stability,absent,macro_class,mean_score,0.5278932780357973,0.5275562890968195,0.5282393230543644,1449,1449,26833,26833,20,5000,5000,1.0,3021694564,20260901
B2_feature,stability,absent,macro_class,top10_mean_score,0.9188947427902707,0.9187008244626699,0.9190890271157132,1449,1449,26833,26833,20,5000,5000,1.0,3021694564,20260901
B2_feature,stability,absent,macro_class,max_score,0.9976425130617598,0.9976109931610687,0.9976735895336478,1449,1449,26833,26833,20,5000,5000,1.0,3021694564,20260901
B2_feature,stability,absent,macro_class,spatial_entropy,0.926215150267238,0.9260718759437946,0.9263615712464132,1449,1449,26833,26833,20,5000,5000,1.0,3021694564,20260901
B2_feature,stability,absent,macro_class,high_score_fraction,0.13938882032781708,0.13902789119015607,0.13975299731462873,1449,1449,26833,26833,20,5000,5000,1.0,3021694564,20260901
B2_feature,stability,positive,micro,mean_score,0.5293285969224191,0.5290044165015579,0.5296447863227621,1449,1449,2147,2147,,5000,5000,1.0,3021694564,20260901
B2_feature,stability,positive,micro,top10_mean_score,0.9175309964287375,0.9171100226367025,0.9179467817908449,1449,1449,2147,2147,,5000,5000,1.0,3021694564,20260901
B2_feature,stability,positive,micro,max_score,0.9976518986166273,0.9975505930949612,0.9977490312962098,1449,1449,2147,2147,,5000,5000,1.0,3021694564,20260901
B2_feature,stability,positive,micro,spatial_entropy,0.9253514952483837,0.9251944851339244,0.9255017173390936,1449,1449,2147,2147,,5000,5000,1.0,3021694564,20260901
B2_feature,stability,positive,micro,high_score_fraction,0.13699857683511063,0.13644332689860297,0.13755861281888118,1449,1449,2147,2147,,5000,5000,1.0,3021694564,20260901
B2_feature,stability,positive,macro_class,mean_score,0.5298057923970486,0.5294917322873609,0.5301218638166191,1449,1449,2147,2147,20,5000,5000,1.0,3021694564,20260901
B2_feature,stability,positive,macro_class,top10_mean_score,0.9174367839408972,0.917006952361558,0.9178773273556905,1449,1449,2147,2147,20,5000,5000,1.0,3021694564,20260901
B2_feature,stability,positive,macro_class,max_score,0.9976321723929533,0.997515167385289,0.997739296592005,1449,1449,2147,2147,20,5000,5000,1.0,3021694564,20260901
B2_feature,stability,positive,macro_class,spatial_entropy,0.9252250593395768,0.9250820077027323,0.9253598019798616,1449,1449,2147,2147,20,5000,5000,1.0,3021694564,20260901
B2_feature,stability,positive,macro_class,high_score_fraction,0.13680567039585967,0.13622749843456075,0.13738897348212029,1449,1449,2147,2147,20,5000,5000,1.0,3021694564,20260901
B3_spatial_feature,relevance,absent,micro,mean_score,0.0014166037345437526,0.001262993251922142,0.0015741526812917005,1449,1449,26833,26833,,5000,5000,1.0,3021694564,20260901
B3_spatial_feature,relevance,absent,micro,top10_mean_score,0.009630308232346597,0.00884729426648114,0.010458375798797477,1449,1449,26833,26833,,5000,5000,1.0,3021694564,20260901
B3_spatial_feature,relevance,absent,micro,max_score,0.05432472117108087,0.05101897673515307,0.05776698055727949,1449,1449,26833,26833,,5000,5000,1.0,3021694564,20260901
B3_spatial_feature,relevance,absent,micro,spatial_entropy,0.9567586776927934,0.9539826932280362,0.959441288158109,1449,1449,26833,26833,,5000,5000,1.0,3021694564,20260901
B3_spatial_feature,relevance,absent,micro,high_score_fraction,0.00026410062347728295,0.0002370131953332556,0.0002934976277750661,1449,1449,26833,26833,,5000,5000,1.0,3021694564,20260901
B3_spatial_feature,relevance,absent,macro_class,mean_score,0.0014706790331685533,0.0013106519338851926,0.0016365800536154817,1449,1449,26833,26833,20,5000,5000,1.0,3021694564,20260901
B3_spatial_feature,relevance,absent,macro_class,top10_mean_score,0.009959667662635537,0.009143840919986695,0.010824549203690328,1449,1449,26833,26833,20,5000,5000,1.0,3021694564,20260901
B3_spatial_feature,relevance,absent,macro_class,max_score,0.05622324844129264,0.05270360973784516,0.05980403728111577,1449,1449,26833,26833,20,5000,5000,1.0,3021694564,20260901
B3_spatial_feature,relevance,absent,macro_class,spatial_entropy,0.9552179738320936,0.95229898099275,0.9580016932379337,1449,1449,26833,26833,20,5000,5000,1.0,3021694564,20260901
B3_spatial_feature,relevance,absent,macro_class,high_score_fraction,0.0002733987934602303,0.0002448260985698536,0.00030553712883420284,1449,1449,26833,26833,20,5000,5000,1.0,3021694564,20260901
B3_spatial_feature,relevance,positive,micro,mean_score,0.3011376920978564,0.2919631752162475,0.31012609588785084,1449,1449,2147,2147,,5000,5000,1.0,3021694564,20260901
B3_spatial_feature,relevance,positive,micro,top10_mean_score,0.7110007231788558,0.6996225993824744,0.7223730056335296,1449,1449,2147,2147,,5000,5000,1.0,3021694564,20260901
B3_spatial_feature,relevance,positive,micro,max_score,0.95889060643323,0.9508549702103225,0.9665269133607347,1449,1449,2147,2147,,5000,5000,1.0,3021694564,20260901
B3_spatial_feature,relevance,positive,micro,spatial_entropy,0.8226730715062036,0.8131640698477608,0.8318140619074144,1449,1449,2147,2147,,5000,5000,1.0,3021694564,20260901
B3_spatial_feature,relevance,positive,micro,high_score_fraction,0.09741167148859985,0.09271829510102553,0.10206502291470107,1449,1449,2147,2147,,5000,5000,1.0,3021694564,20260901
B3_spatial_feature,relevance,positive,macro_class,mean_score,0.3081457078974638,0.3001478524425475,0.3161642930217623,1449,1449,2147,2147,20,5000,5000,1.0,3021694564,20260901
B3_spatial_feature,relevance,positive,macro_class,top10_mean_score,0.7152739687715884,0.7042109433723119,0.7262640160150349,1449,1449,2147,2147,20,5000,5000,1.0,3021694564,20260901
B3_spatial_feature,relevance,positive,macro_class,max_score,0.9595050170243871,0.9508492814393761,0.9676438831399511,1449,1449,2147,2147,20,5000,5000,1.0,3021694564,20260901
B3_spatial_feature,relevance,positive,macro_class,spatial_entropy,0.8280677996876271,0.8184948020242274,0.8371728853723862,1449,1449,2147,2147,20,5000,5000,1.0,3021694564,20260901
B3_spatial_feature,relevance,positive,macro_class,high_score_fraction,0.09761166868435651,0.09352807136380104,0.10167420082013819,1449,1449,2147,2147,20,5000,5000,1.0,3021694564,20260901
B3_spatial_feature,relevance_x_stability,absent,micro,mean_score,0.0005764891160139421,0.0005051462432948973,0.0006505230677147432,1449,1449,26833,26833,,5000,5000,1.0,3021694564,20260901
B3_spatial_feature,relevance_x_stability,absent,micro,top10_mean_score,0.0036723843057162,0.003331672852863349,0.004023572377297649,1449,1449,26833,26833,,5000,5000,1.0,3021694564,20260901
B3_spatial_feature,relevance_x_stability,absent,micro,max_score,0.01588235987253799,0.014827820168990747,0.01700006102699846,1449,1449,26833,26833,,5000,5000,1.0,3021694564,20260901
B3_spatial_feature,relevance_x_stability,absent,micro,spatial_entropy,0.9559394517858422,0.9531012480545182,0.9586470971473129,1449,1449,26833,26833,,5000,5000,1.0,3021694564,20260901
B3_spatial_feature,relevance_x_stability,absent,micro,high_score_fraction,7.656522103780482e-07,9.683997120910283e-08,1.6693283535570329e-06,1449,1449,26833,26833,,5000,5000,1.0,3021694564,20260901
B3_spatial_feature,relevance_x_stability,absent,macro_class,mean_score,0.0005993995457920848,0.0005244692910677408,0.000676995753995117,1449,1449,26833,26833,20,5000,5000,1.0,3021694564,20260901
B3_spatial_feature,relevance_x_stability,absent,macro_class,top10_mean_score,0.003802180233970865,0.0034489068265345225,0.004175853179642545,1449,1449,26833,26833,20,5000,5000,1.0,3021694564,20260901
B3_spatial_feature,relevance_x_stability,absent,macro_class,max_score,0.01647000703832215,0.015370464285796557,0.017633028772362447,1449,1449,26833,26833,20,5000,5000,1.0,3021694564,20260901
B3_spatial_feature,relevance_x_stability,absent,macro_class,spatial_entropy,0.9543599591602172,0.9514308054653621,0.9572088893930567,1449,1449,26833,26833,20,5000,5000,1.0,3021694564,20260901
B3_spatial_feature,relevance_x_stability,absent,macro_class,high_score_fraction,8.201783569550684e-07,9.734235762867443e-08,1.7697370468245386e-06,1449,1449,26833,26833,20,5000,5000,1.0,3021694564,20260901
B3_spatial_feature,relevance_x_stability,positive,micro,mean_score,0.15522048389892149,0.15013381152673677,0.16018831763163066,1449,1449,2147,2147,,5000,5000,1.0,3021694564,20260901
B3_spatial_feature,relevance_x_stability,positive,micro,top10_mean_score,0.4253769105351481,0.4159123938452039,0.4351175048202575,1449,1449,2147,2147,,5000,5000,1.0,3021694564,20260901
B3_spatial_feature,relevance_x_stability,positive,micro,max_score,0.6849402776704965,0.6746896176723503,0.6950736908449938,1449,1449,2147,2147,,5000,5000,1.0,3021694564,20260901
B3_spatial_feature,relevance_x_stability,positive,micro,spatial_entropy,0.7504268433965346,0.7399383191236611,0.7605810728972285,1449,1449,2147,2147,,5000,5000,1.0,3021694564,20260901
B3_spatial_feature,relevance_x_stability,positive,micro,high_score_fraction,0.003882607633448541,0.003547547609014765,0.004222918745026217,1449,1449,2147,2147,,5000,5000,1.0,3021694564,20260901
B3_spatial_feature,relevance_x_stability,positive,macro_class,mean_score,0.16003019717168238,0.1556208581404998,0.16447822420303496,1449,1449,2147,2147,20,5000,5000,1.0,3021694564,20260901
B3_spatial_feature,relevance_x_stability,positive,macro_class,top10_mean_score,0.4338477853555641,0.42517945784851074,0.4426280755260579,1449,1449,2147,2147,20,5000,5000,1.0,3021694564,20260901
B3_spatial_feature,relevance_x_stability,positive,macro_class,max_score,0.689558345422318,0.6794664666469518,0.699498848927074,1449,1449,2147,2147,20,5000,5000,1.0,3021694564,20260901
B3_spatial_feature,relevance_x_stability,positive,macro_class,spatial_entropy,0.7602142594489764,0.7500232180013376,0.7704250141005423,1449,1449,2147,2147,20,5000,5000,1.0,3021694564,20260901
B3_spatial_feature,relevance_x_stability,positive,macro_class,high_score_fraction,0.0038447905690589352,0.0035301995508419514,0.004145636901418706,1449,1449,2147,2147,20,5000,5000,1.0,3021694564,20260901
B3_spatial_feature,stability,absent,micro,mean_score,0.5270690553367005,0.5267043330935443,0.5274480355101124,1449,1449,26833,26833,,5000,5000,1.0,3021694564,20260901
B3_spatial_feature,stability,absent,micro,top10_mean_score,0.9195163098929031,0.9193151766711569,0.9197108417789096,1449,1449,26833,26833,,5000,5000,1.0,3021694564,20260901
B3_spatial_feature,stability,absent,micro,max_score,0.9976682418818729,0.9976357660544554,0.9976997871755113,1449,1449,26833,26833,,5000,5000,1.0,3021694564,20260901
B3_spatial_feature,stability,absent,micro,spatial_entropy,0.9266687280794802,0.9265160167700225,0.9268230194122287,1449,1449,26833,26833,,5000,5000,1.0,3021694564,20260901
B3_spatial_feature,stability,absent,micro,high_score_fraction,0.1405265093216515,0.14014217701981171,0.14090594607373885,1449,1449,26833,26833,,5000,5000,1.0,3021694564,20260901
B3_spatial_feature,stability,absent,macro_class,mean_score,0.5270937509399758,0.5267271860206767,0.5274729312094839,1449,1449,26833,26833,20,5000,5000,1.0,3021694564,20260901
B3_spatial_feature,stability,absent,macro_class,top10_mean_score,0.9194994393572886,0.9192967162046866,0.9196957213470718,1449,1449,26833,26833,20,5000,5000,1.0,3021694564,20260901
B3_spatial_feature,stability,absent,macro_class,max_score,0.9976680450362506,0.9976356622019966,0.9976996564237746,1449,1449,26833,26833,20,5000,5000,1.0,3021694564,20260901
B3_spatial_feature,stability,absent,macro_class,spatial_entropy,0.9266542757836753,0.9265023686710873,0.9268077153317931,1449,1449,26833,26833,20,5000,5000,1.0,3021694564,20260901
B3_spatial_feature,stability,absent,macro_class,high_score_fraction,0.14048922559313204,0.14010534145387837,0.14086864656959694,1449,1449,26833,26833,20,5000,5000,1.0,3021694564,20260901
B3_spatial_feature,stability,positive,micro,mean_score,0.5292935788001278,0.5289692951257355,0.5296095472664882,1449,1449,2147,2147,,5000,5000,1.0,3021694564,20260901
B3_spatial_feature,stability,positive,micro,top10_mean_score,0.9175444720022797,0.9171093742611407,0.9179564024139352,1449,1449,2147,2147,,5000,5000,1.0,3021694564,20260901
B3_spatial_feature,stability,positive,micro,max_score,0.9976385504243315,0.9975333029913948,0.9977392830177289,1449,1449,2147,2147,,5000,5000,1.0,3021694564,20260901
B3_spatial_feature,stability,positive,micro,spatial_entropy,0.9252762122068751,0.9251225558149898,0.9254255001435616,1449,1449,2147,2147,,5000,5000,1.0,3021694564,20260901
B3_spatial_feature,stability,positive,micro,high_score_fraction,0.1368320235415736,0.13629104840552803,0.13738521965994657,1449,1449,2147,2147,,5000,5000,1.0,3021694564,20260901
B3_spatial_feature,stability,positive,macro_class,mean_score,0.5297791270383302,0.52945498136683,0.5300854308890431,1449,1449,2147,2147,20,5000,5000,1.0,3021694564,20260901
B3_spatial_feature,stability,positive,macro_class,top10_mean_score,0.9174884230981837,0.9170502580347856,0.9179131319148687,1449,1449,2147,2147,20,5000,5000,1.0,3021694564,20260901
B3_spatial_feature,stability,positive,macro_class,max_score,0.99767213264793,0.9975616589917228,0.9977771231848466,1449,1449,2147,2147,20,5000,5000,1.0,3021694564,20260901
B3_spatial_feature,stability,positive,macro_class,spatial_entropy,0.9251364349081239,0.9249905157173817,0.9252722488226824,1449,1449,2147,2147,20,5000,5000,1.0,3021694564,20260901
B3_spatial_feature,stability,positive,macro_class,high_score_fraction,0.13673522432491897,0.13617948478774075,0.13729798767912416,1449,1449,2147,2147,20,5000,5000,1.0,3021694564,20260901
