row_type,graph,relevance_quintile,stability_level,metric,estimate,ci_low,ci_high,num_images,num_images_total,bootstrap_repeats,bootstrap_valid_repeats,bootstrap_seed,bootstrap_unit
target_rate,B1_spatial,0,high,target_probability,0.041042214370635814,0.03503838844406083,0.04740585704103744,1449,1449,5000,5000,20260901,whole image
target_rate,B1_spatial,0,low,target_probability,0.08526107936341881,0.07634962651161097,0.0943497020236517,1449,1449,5000,5000,20260901,whole image
paired_high_minus_low,B1_spatial,0,high_minus_low,target_probability,-0.044218864992783,-0.05132213295351952,-0.03713203092763957,1449,1449,5000,5000,20260901,whole image
within_relevance_band_auc,B1_spatial,0,continuous,stability_auc_target_bg,0.32863545337330097,0.31373149174552356,0.3429553152894521,718,1449,5000,5000,3021694564,
within_relevance_band_auc,B1_spatial,0,continuous,stability_ap_target_bg,0.1576196637159541,0.14230153296326908,0.17338264833475164,718,1449,5000,5000,3021694564,
within_relevance_band_auc,B1_spatial,0,continuous,stability_auc_target_other,0.45660953455448083,0.43120695711721546,0.48237374487965606,256,1449,5000,5000,3021694564,
within_relevance_band_auc,B1_spatial,0,continuous,stability_ap_target_other,0.33726016346375454,0.3034954549506208,0.3721413196860521,256,1449,5000,5000,3021694564,
within_relevance_band_auc,B1_spatial,0,continuous,stability_auc_target_bg,0.3305931814503188,0.31376444887826066,0.3474442337354483,718,1449,5000,5000,3021694564,
within_relevance_band_auc,B1_spatial,0,continuous,stability_ap_target_bg,0.16374887566186744,0.14648717076215517,0.18189430563720807,718,1449,5000,5000,3021694564,
within_relevance_band_auc,B1_spatial,0,continuous,stability_auc_target_other,0.4912718504126291,0.4394142643399898,0.5396088216171412,256,1449,5000,5000,3021694564,
within_relevance_band_auc,B1_spatial,0,continuous,stability_ap_target_other,0.3922372221335755,0.3318219900676864,0.4446275638587407,256,1449,5000,5000,3021694564,
target_rate,B1_spatial,1,high,target_probability,0.06919155134741442,0.06193473048389421,0.07694215843305292,1449,1449,5000,5000,20260901,whole image
target_rate,B1_spatial,1,low,target_probability,0.15780432575935036,0.14507620940844046,0.17078056463393024,1449,1449,5000,5000,20260901,whole image
paired_high_minus_low,B1_spatial,1,high_minus_low,target_probability,-0.08861277441193594,-0.09769741252271438,-0.07962610225015368,1449,1449,5000,5000,20260901,whole image
within_relevance_band_auc,B1_spatial,1,continuous,stability_auc_target_bg,0.3539108634291068,0.3418022711984693,0.3661780364581009,939,1449,5000,5000,3021694564,
within_relevance_band_auc,B1_spatial,1,continuous,stability_ap_target_bg,0.20572909969859798,0.19036952901001697,0.22129783526277322,939,1449,5000,5000,3021694564,
within_relevance_band_auc,B1_spatial,1,continuous,stability_auc_target_other,0.4416954399102451,0.41675676647446247,0.4664475551515384,288,1449,5000,5000,3021694564,
within_relevance_band_auc,B1_spatial,1,continuous,stability_ap_target_other,0.37945180069752504,0.3466007543691907,0.41318438319756823,288,1449,5000,5000,3021694564,
within_relevance_band_auc,B1_spatial,1,continuous,stability_auc_target_bg,0.35375744865456765,0.3407861315933733,0.3676149005837156,939,1449,5000,5000,3021694564,
within_relevance_band_auc,B1_spatial,1,continuous,stability_ap_target_bg,0.20810982396654043,0.19190647470953812,0.22482346465890832,939,1449,5000,5000,3021694564,
within_relevance_band_auc,B1_spatial,1,continuous,stability_auc_target_other,0.44336998648372905,0.4034905421170424,0.4869549149074773,288,1449,5000,5000,3021694564,
within_relevance_band_auc,B1_spatial,1,continuous,stability_ap_target_other,0.40778183874796337,0.3659703789944324,0.4508630052575897,288,1449,5000,5000,3021694564,
target_rate,B1_spatial,2,high,target_probability,0.1569910499418652,0.1441801532395535,0.16961168611524674,1449,1449,5000,5000,20260901,whole image
target_rate,B1_spatial,2,low,target_probability,0.23077583247511158,0.21580187361579348,0.24543317248046026,1449,1449,5000,5000,20260901,whole image
paired_high_minus_low,B1_spatial,2,high_minus_low,target_probability,-0.07378478253324638,-0.08382155124349819,-0.06362001126508507,1449,1449,5000,5000,20260901,whole image
within_relevance_band_auc,B1_spatial,2,continuous,stability_auc_target_bg,0.4042101763150986,0.3940831229426471,0.41450082746044636,1112,1449,5000,5000,3021694564,
within_relevance_band_auc,B1_spatial,2,continuous,stability_ap_target_bg,0.296663143760388,0.27868339264589637,0.3147242577651863,1112,1449,5000,5000,3021694564,
within_relevance_band_auc,B1_spatial,2,continuous,stability_auc_target_other,0.45680798155987334,0.43542040768251755,0.478027326856593,312,1449,5000,5000,3021694564,
within_relevance_band_auc,B1_spatial,2,continuous,stability_ap_target_other,0.48770010119110113,0.45744654924369854,0.5182917325827593,312,1449,5000,5000,3021694564,
within_relevance_band_auc,B1_spatial,2,continuous,stability_auc_target_bg,0.4012714331038382,0.38990571077481706,0.41227218618139616,1112,1449,5000,5000,3021694564,
within_relevance_band_auc,B1_spatial,2,continuous,stability_ap_target_bg,0.28554876343016533,0.2675871408407398,0.3033837193980276,1112,1449,5000,5000,3021694564,
within_relevance_band_auc,B1_spatial,2,continuous,stability_auc_target_other,0.46198874616114105,0.42645143145777553,0.49176562870012547,312,1449,5000,5000,3021694564,
within_relevance_band_auc,B1_spatial,2,continuous,stability_ap_target_other,0.5037385384541949,0.445024694610506,0.559911644712364,312,1449,5000,5000,3021694564,
target_rate,B1_spatial,3,high,target_probability,0.3213648142816009,0.303642369287963,0.3386984436185562,1449,1449,5000,5000,20260901,whole image
target_rate,B1_spatial,3,low,target_probability,0.3429792266753143,0.3264191095482149,0.3593161665846305,1449,1449,5000,5000,20260901,whole image
paired_high_minus_low,B1_spatial,3,high_minus_low,target_probability,-0.021614412393713367,-0.0332096825135592,-0.009858436546470012,1449,1449,5000,5000,20260901,whole image
within_relevance_band_auc,B1_spatial,3,continuous,stability_auc_target_bg,0.4708408238337815,0.46100073700225713,0.4802537685585488,1175,1449,5000,5000,3021694564,
within_relevance_band_auc,B1_spatial,3,continuous,stability_ap_target_bg,0.4232743850686946,0.40419780369516467,0.4420198541069056,1175,1449,5000,5000,3021694564,
within_relevance_band_auc,B1_spatial,3,continuous,stability_auc_target_other,0.4705329919233235,0.4522831981988534,0.4889259877867151,310,1449,5000,5000,3021694564,
within_relevance_band_auc,B1_spatial,3,continuous,stability_ap_target_other,0.5645598840958729,0.5391927339327393,0.5901815014020362,310,1449,5000,5000,3021694564,
within_relevance_band_auc,B1_spatial,3,continuous,stability_auc_target_bg,0.472254681118911,0.46177208182372653,0.48270166205880327,1175,1449,5000,5000,3021694564,
within_relevance_band_auc,B1_spatial,3,continuous,stability_ap_target_bg,0.41359482415233934,0.3945992590936331,0.4332479171425555,1175,1449,5000,5000,3021694564,
within_relevance_band_auc,B1_spatial,3,continuous,stability_auc_target_other,0.4754018378236421,0.4284988606849473,0.5209839610429384,310,1449,5000,5000,3021694564,
within_relevance_band_auc,B1_spatial,3,continuous,stability_ap_target_other,0.5732351502288171,0.5166668126488763,0.6256857330347123,310,1449,5000,5000,3021694564,
target_rate,B1_spatial,4,high,target_probability,0.5654179963007379,0.5460217311630697,0.5843012788518883,1449,1449,5000,5000,20260901,whole image
target_rate,B1_spatial,4,low,target_probability,0.6118781957066264,0.5960825046246148,0.6272884195004678,1449,1449,5000,5000,20260901,whole image
paired_high_minus_low,B1_spatial,4,high_minus_low,target_probability,-0.046460199405888525,-0.059175836628316394,-0.03378319574731485,1449,1449,5000,5000,20260901,whole image
within_relevance_band_auc,B1_spatial,4,continuous,stability_auc_target_bg,0.4208895636443066,0.41054228427848327,0.4310915135289008,1165,1449,5000,5000,3021694564,
within_relevance_band_auc,B1_spatial,4,continuous,stability_ap_target_bg,0.5554545069822645,0.5374790724090737,0.5729662069359374,1165,1449,5000,5000,3021694564,
within_relevance_band_auc,B1_spatial,4,continuous,stability_auc_target_other,0.38059348628839534,0.3644084683432569,0.3962383684966862,384,1449,5000,5000,3021694564,
within_relevance_band_auc,B1_spatial,4,continuous,stability_ap_target_other,0.6362015050158886,0.6123585572710646,0.6598421620029671,384,1449,5000,5000,3021694564,
within_relevance_band_auc,B1_spatial,4,continuous,stability_auc_target_bg,0.434921299456537,0.4237969936167664,0.4459548312595204,1165,1449,5000,5000,3021694564,
within_relevance_band_auc,B1_spatial,4,continuous,stability_ap_target_bg,0.5715885889013169,0.5534851006266915,0.589911005081836,1165,1449,5000,5000,3021694564,
within_relevance_band_auc,B1_spatial,4,continuous,stability_auc_target_other,0.3773341048771955,0.34756718486898713,0.4155444153903348,384,1449,5000,5000,3021694564,
within_relevance_band_auc,B1_spatial,4,continuous,stability_ap_target_other,0.706020314814332,0.6638084354756246,0.7440060374920227,384,1449,5000,5000,3021694564,
target_rate,B2_feature,0,high,target_probability,0.04037598441866373,0.034497262194766176,0.04658404853568941,1449,1449,5000,5000,20260901,whole image
target_rate,B2_feature,0,low,target_probability,0.08448025495714304,0.07570136669005892,0.09347504199500761,1449,1449,5000,5000,20260901,whole image
paired_high_minus_low,B2_feature,0,high_minus_low,target_probability,-0.044104270538479304,-0.0511416069250237,-0.03720847642735764,1449,1449,5000,5000,20260901,whole image
within_relevance_band_auc,B2_feature,0,continuous,stability_auc_target_bg,0.3314259790883357,0.31680508010245184,0.3459636974574712,718,1449,5000,5000,3021694564,
within_relevance_band_auc,B2_feature,0,continuous,stability_ap_target_bg,0.15693411369288612,0.14219303715878157,0.1724476564837472,718,1449,5000,5000,3021694564,
within_relevance_band_auc,B2_feature,0,continuous,stability_auc_target_other,0.4502405204118212,0.4245336116231461,0.4762413684354293,256,1449,5000,5000,3021694564,
within_relevance_band_auc,B2_feature,0,continuous,stability_ap_target_other,0.3325237805367473,0.29931560961750664,0.36722828694098403,256,1449,5000,5000,3021694564,
within_relevance_band_auc,B2_feature,0,continuous,stability_auc_target_bg,0.3336159522068276,0.316982610844245,0.35041529099206004,718,1449,5000,5000,3021694564,
within_relevance_band_auc,B2_feature,0,continuous,stability_ap_target_bg,0.1627406566635849,0.14566581581241364,0.18043496358465141,718,1449,5000,5000,3021694564,
within_relevance_band_auc,B2_feature,0,continuous,stability_auc_target_other,0.48285916417742786,0.43053945065873994,0.5310571913436911,256,1449,5000,5000,3021694564,
within_relevance_band_auc,B2_feature,0,continuous,stability_ap_target_other,0.38927039722660395,0.33064282419584906,0.4416531756921212,256,1449,5000,5000,3021694564,
target_rate,B2_feature,1,high,target_probability,0.06994420523612399,0.0624480465356969,0.07776071253274505,1449,1449,5000,5000,20260901,whole image
target_rate,B2_feature,1,low,target_probability,0.15713687894696796,0.1444527023008059,0.17001221956627705,1449,1449,5000,5000,20260901,whole image
paired_high_minus_low,B2_feature,1,high_minus_low,target_probability,-0.08719267371084397,-0.09598588854401831,-0.07863704469690062,1449,1449,5000,5000,20260901,whole image
within_relevance_band_auc,B2_feature,1,continuous,stability_auc_target_bg,0.3588768653398869,0.3472460324732952,0.3707970493541919,939,1449,5000,5000,3021694564,
within_relevance_band_auc,B2_feature,1,continuous,stability_ap_target_bg,0.20599494070471355,0.1908255399355621,0.2214594331015549,939,1449,5000,5000,3021694564,
within_relevance_band_auc,B2_feature,1,continuous,stability_auc_target_other,0.4298975711626027,0.40590009351085016,0.4545014333387417,288,1449,5000,5000,3021694564,
within_relevance_band_auc,B2_feature,1,continuous,stability_ap_target_other,0.3799794182658133,0.34662058778900634,0.4140679267774025,288,1449,5000,5000,3021694564,
within_relevance_band_auc,B2_feature,1,continuous,stability_auc_target_bg,0.3577459423268855,0.34495382483684506,0.37112068297193956,939,1449,5000,5000,3021694564,
within_relevance_band_auc,B2_feature,1,continuous,stability_ap_target_bg,0.20856151660853567,0.1922840543836764,0.22528698366615438,939,1449,5000,5000,3021694564,
within_relevance_band_auc,B2_feature,1,continuous,stability_auc_target_other,0.4282334518579999,0.38721383486915706,0.47475821674443786,288,1449,5000,5000,3021694564,
within_relevance_band_auc,B2_feature,1,continuous,stability_ap_target_other,0.4083436158781256,0.36532464897303774,0.4524578275357295,288,1449,5000,5000,3021694564,
target_rate,B2_feature,2,high,target_probability,0.15751835060449051,0.1449458603134727,0.17011844896213643,1449,1449,5000,5000,20260901,whole image
target_rate,B2_feature,2,low,target_probability,0.23161016949152544,0.2165663134037458,0.24650647485896965,1449,1449,5000,5000,20260901,whole image
paired_high_minus_low,B2_feature,2,high_minus_low,target_probability,-0.07409181888703492,-0.08393754588206316,-0.06422880107257144,1449,1449,5000,5000,20260901,whole image
within_relevance_band_auc,B2_feature,2,continuous,stability_auc_target_bg,0.40783637783591065,0.3978620032126051,0.41787965868742966,1112,1449,5000,5000,3021694564,
within_relevance_band_auc,B2_feature,2,continuous,stability_ap_target_bg,0.2966872669876635,0.27844151591553196,0.31473033392910427,1112,1449,5000,5000,3021694564,
within_relevance_band_auc,B2_feature,2,continuous,stability_auc_target_other,0.46253722669054415,0.4412096727780588,0.4836031501070257,312,1449,5000,5000,3021694564,
within_relevance_band_auc,B2_feature,2,continuous,stability_ap_target_other,0.48801637806911624,0.45756238008213995,0.5189139141159292,312,1449,5000,5000,3021694564,
within_relevance_band_auc,B2_feature,2,continuous,stability_auc_target_bg,0.4050895785538242,0.3939800917309868,0.4161132254088361,1112,1449,5000,5000,3021694564,
within_relevance_band_auc,B2_feature,2,continuous,stability_ap_target_bg,0.28623126338637905,0.26812159788200074,0.3041863074038994,1112,1449,5000,5000,3021694564,
within_relevance_band_auc,B2_feature,2,continuous,stability_auc_target_other,0.4604878587333975,0.420850758969405,0.4941367864999477,312,1449,5000,5000,3021694564,
within_relevance_band_auc,B2_feature,2,continuous,stability_ap_target_other,0.502908759052242,0.4442864906681966,0.5576037044970459,312,1449,5000,5000,3021694564,
target_rate,B2_feature,3,high,target_probability,0.3217030411449016,0.30406717807964223,0.3389461198576415,1449,1449,5000,5000,20260901,whole image
target_rate,B2_feature,3,low,target_probability,0.34141887865915777,0.32508232778225615,0.3577054812949382,1449,1449,5000,5000,20260901,whole image
paired_high_minus_low,B2_feature,3,high_minus_low,target_probability,-0.01971583751425615,-0.031279264613098635,-0.00807268748309837,1449,1449,5000,5000,20260901,whole image
within_relevance_band_auc,B2_feature,3,continuous,stability_auc_target_bg,0.47317663675154936,0.46362429030978547,0.48230309055932585,1175,1449,5000,5000,3021694564,
within_relevance_band_auc,B2_feature,3,continuous,stability_ap_target_bg,0.42318101760118815,0.4042172924318368,0.44204713631853754,1175,1449,5000,5000,3021694564,
within_relevance_band_auc,B2_feature,3,continuous,stability_auc_target_other,0.4763877354791232,0.4582960912146787,0.49476860987606214,310,1449,5000,5000,3021694564,
within_relevance_band_auc,B2_feature,3,continuous,stability_ap_target_other,0.563833773056016,0.5377503888153607,0.5899638967302969,310,1449,5000,5000,3021694564,
within_relevance_band_auc,B2_feature,3,continuous,stability_auc_target_bg,0.4735636426261495,0.4631973496023915,0.4838508348722494,1175,1449,5000,5000,3021694564,
within_relevance_band_auc,B2_feature,3,continuous,stability_ap_target_bg,0.4129619293748073,0.39397237064808416,0.4326308730063702,1175,1449,5000,5000,3021694564,
within_relevance_band_auc,B2_feature,3,continuous,stability_auc_target_other,0.4868715272345766,0.4447436003760985,0.5279550890290355,310,1449,5000,5000,3021694564,
within_relevance_band_auc,B2_feature,3,continuous,stability_ap_target_other,0.5752478817575513,0.5175484219304556,0.6285663354535058,310,1449,5000,5000,3021694564,
target_rate,B2_feature,4,high,target_probability,0.5724344058412902,0.5533338115046449,0.5912562559857606,1449,1449,5000,5000,20260901,whole image
target_rate,B2_feature,4,low,target_probability,0.6014851485148515,0.5858736787237295,0.6167997240733374,1449,1449,5000,5000,20260901,whole image
paired_high_minus_low,B2_feature,4,high_minus_low,target_probability,-0.029050742673561225,-0.04195449052639721,-0.016441220038074248,1449,1449,5000,5000,20260901,whole image
within_relevance_band_auc,B2_feature,4,continuous,stability_auc_target_bg,0.43170660439060254,0.4212918867708689,0.44207119934721184,1165,1449,5000,5000,3021694564,
within_relevance_band_auc,B2_feature,4,continuous,stability_ap_target_bg,0.5578601821473179,0.5398549788852397,0.5753758845174737,1165,1449,5000,5000,3021694564,
within_relevance_band_auc,B2_feature,4,continuous,stability_auc_target_other,0.39342440935116796,0.3770072002190497,0.4096176718443483,384,1449,5000,5000,3021694564,
within_relevance_band_auc,B2_feature,4,continuous,stability_ap_target_other,0.6402129413858919,0.6164963137557194,0.6639701679919413,384,1449,5000,5000,3021694564,
within_relevance_band_auc,B2_feature,4,continuous,stability_auc_target_bg,0.4437386550292051,0.43234359219293295,0.4548253351555741,1165,1449,5000,5000,3021694564,
within_relevance_band_auc,B2_feature,4,continuous,stability_ap_target_bg,0.5732914333199032,0.5549274418283356,0.5916875424054158,1165,1449,5000,5000,3021694564,
within_relevance_band_auc,B2_feature,4,continuous,stability_auc_target_other,0.3890399462902089,0.35930998798766606,0.42788914203176714,384,1449,5000,5000,3021694564,
within_relevance_band_auc,B2_feature,4,continuous,stability_ap_target_other,0.710096397266545,0.668426478104007,0.747775590514869,384,1449,5000,5000,3021694564,
target_rate,B3_spatial_feature,0,high,target_probability,0.04101555879461713,0.035093302721666095,0.047332688027273154,1448,1449,5000,5000,20260901,whole image
target_rate,B3_spatial_feature,0,low,target_probability,0.08435600634896055,0.07551693467479241,0.09337265763120549,1449,1449,5000,5000,20260901,whole image
paired_high_minus_low,B3_spatial_feature,0,high_minus_low,target_probability,-0.04334044755434342,-0.05042511500444001,-0.036388562190281935,1449,1449,5000,5000,20260901,whole image
within_relevance_band_auc,B3_spatial_feature,0,continuous,stability_auc_target_bg,0.33201910981070804,0.3173748934777586,0.3466010137050964,718,1449,5000,5000,3021694564,
within_relevance_band_auc,B3_spatial_feature,0,continuous,stability_ap_target_bg,0.157762352862157,0.14279195797223332,0.1735630059864902,718,1449,5000,5000,3021694564,
within_relevance_band_auc,B3_spatial_feature,0,continuous,stability_auc_target_other,0.4516411871920361,0.42586943554935686,0.47765588249337376,256,1449,5000,5000,3021694564,
within_relevance_band_auc,B3_spatial_feature,0,continuous,stability_ap_target_other,0.3373940738474933,0.30399754768945597,0.37173883587218765,256,1449,5000,5000,3021694564,
within_relevance_band_auc,B3_spatial_feature,0,continuous,stability_auc_target_bg,0.3338697245153836,0.3171804036216972,0.35084329849043205,718,1449,5000,5000,3021694564,
within_relevance_band_auc,B3_spatial_feature,0,continuous,stability_ap_target_bg,0.16394306031236625,0.14668301938533537,0.18175229488685313,718,1449,5000,5000,3021694564,
within_relevance_band_auc,B3_spatial_feature,0,continuous,stability_auc_target_other,0.48404518745468017,0.4309901447758227,0.5325421686889119,256,1449,5000,5000,3021694564,
within_relevance_band_auc,B3_spatial_feature,0,continuous,stability_ap_target_other,0.39561689758781204,0.33573608318531845,0.4478409945699824,256,1449,5000,5000,3021694564,
target_rate,B3_spatial_feature,1,high,target_probability,0.06945272528112478,0.06208682890095022,0.07729560480626568,1449,1449,5000,5000,20260901,whole image
target_rate,B3_spatial_feature,1,low,target_probability,0.15841922441774386,0.14554969526128148,0.17151994688074312,1449,1449,5000,5000,20260901,whole image
paired_high_minus_low,B3_spatial_feature,1,high_minus_low,target_probability,-0.08896649913661908,-0.0979842088130841,-0.08011426542389669,1449,1449,5000,5000,20260901,whole image
within_relevance_band_auc,B3_spatial_feature,1,continuous,stability_auc_target_bg,0.35769361170743136,0.34580068695309985,0.36959021023569727,939,1449,5000,5000,3021694564,
within_relevance_band_auc,B3_spatial_feature,1,continuous,stability_ap_target_bg,0.20626238936272687,0.1912297949411279,0.22196910319739752,939,1449,5000,5000,3021694564,
within_relevance_band_auc,B3_spatial_feature,1,continuous,stability_auc_target_other,0.429034998945609,0.4051288981469034,0.4535252641917893,288,1449,5000,5000,3021694564,
within_relevance_band_auc,B3_spatial_feature,1,continuous,stability_ap_target_other,0.3776016282388126,0.3448959231940526,0.4108206829608705,288,1449,5000,5000,3021694564,
within_relevance_band_auc,B3_spatial_feature,1,continuous,stability_auc_target_bg,0.35717508369824974,0.3442983168761229,0.3705651938580855,939,1449,5000,5000,3021694564,
within_relevance_band_auc,B3_spatial_feature,1,continuous,stability_ap_target_bg,0.21006266758342335,0.19366115881948723,0.22665279918117623,939,1449,5000,5000,3021694564,
within_relevance_band_auc,B3_spatial_feature,1,continuous,stability_auc_target_other,0.4278676449382056,0.38691943091344755,0.4743986238347829,288,1449,5000,5000,3021694564,
within_relevance_band_auc,B3_spatial_feature,1,continuous,stability_ap_target_other,0.4079276014898741,0.3662861980580839,0.45047458089091275,288,1449,5000,5000,3021694564,
target_rate,B3_spatial_feature,2,high,target_probability,0.15588833175226996,0.14331000377230338,0.16843870708401137,1449,1449,5000,5000,20260901,whole image
target_rate,B3_spatial_feature,2,low,target_probability,0.2352386934673367,0.22004550943217235,0.2503588413381301,1449,1449,5000,5000,20260901,whole image
paired_high_minus_low,B3_spatial_feature,2,high_minus_low,target_probability,-0.07935036171506674,-0.0893218405926973,-0.06948833865903029,1449,1449,5000,5000,20260901,whole image
within_relevance_band_auc,B3_spatial_feature,2,continuous,stability_auc_target_bg,0.40534376987245463,0.395174587800086,0.4154964264704132,1112,1449,5000,5000,3021694564,
within_relevance_band_auc,B3_spatial_feature,2,continuous,stability_ap_target_bg,0.29675728949674773,0.2786195904907075,0.3147746540146599,1112,1449,5000,5000,3021694564,
within_relevance_band_auc,B3_spatial_feature,2,continuous,stability_auc_target_other,0.462015449983708,0.4410334204497425,0.48313080569125566,312,1449,5000,5000,3021694564,
within_relevance_band_auc,B3_spatial_feature,2,continuous,stability_ap_target_other,0.4872087221860181,0.4565865348839776,0.518599444705778,312,1449,5000,5000,3021694564,
within_relevance_band_auc,B3_spatial_feature,2,continuous,stability_auc_target_bg,0.4031260510729028,0.3918490124721868,0.4140997207403765,1112,1449,5000,5000,3021694564,
within_relevance_band_auc,B3_spatial_feature,2,continuous,stability_ap_target_bg,0.2865886761678968,0.26841735348912904,0.30428436675242465,1112,1449,5000,5000,3021694564,
within_relevance_band_auc,B3_spatial_feature,2,continuous,stability_auc_target_other,0.4698686804143419,0.42787605811405516,0.500019091407845,312,1449,5000,5000,3021694564,
within_relevance_band_auc,B3_spatial_feature,2,continuous,stability_ap_target_other,0.5122653652729848,0.451129466348427,0.5667040316721904,312,1449,5000,5000,3021694564,
target_rate,B3_spatial_feature,3,high,target_probability,0.3204294593004062,0.30278389660158067,0.3380063488643578,1449,1449,5000,5000,20260901,whole image
target_rate,B3_spatial_feature,3,low,target_probability,0.34332134771607403,0.3269642398238206,0.35958413199689543,1449,1449,5000,5000,20260901,whole image
paired_high_minus_low,B3_spatial_feature,3,high_minus_low,target_probability,-0.022891888415667805,-0.03457718799478909,-0.01107840882668358,1449,1449,5000,5000,20260901,whole image
within_relevance_band_auc,B3_spatial_feature,3,continuous,stability_auc_target_bg,0.4705741503465528,0.46094588798537683,0.4796230974547258,1175,1449,5000,5000,3021694564,
within_relevance_band_auc,B3_spatial_feature,3,continuous,stability_ap_target_bg,0.4236707299828084,0.40469882477381824,0.4425821672944522,1175,1449,5000,5000,3021694564,
within_relevance_band_auc,B3_spatial_feature,3,continuous,stability_auc_target_other,0.47465116438736127,0.45656303299725104,0.49277645764874267,310,1449,5000,5000,3021694564,
within_relevance_band_auc,B3_spatial_feature,3,continuous,stability_ap_target_other,0.5624921607415682,0.5368149112603579,0.5886441412276948,310,1449,5000,5000,3021694564,
within_relevance_band_auc,B3_spatial_feature,3,continuous,stability_auc_target_bg,0.4712621806197109,0.46091690419059217,0.4815399865956867,1175,1449,5000,5000,3021694564,
within_relevance_band_auc,B3_spatial_feature,3,continuous,stability_ap_target_bg,0.4132835398411189,0.3942970610462037,0.4329909101957087,1175,1449,5000,5000,3021694564,
within_relevance_band_auc,B3_spatial_feature,3,continuous,stability_auc_target_other,0.48800321310445005,0.447019732204939,0.5282720758397338,310,1449,5000,5000,3021694564,
within_relevance_band_auc,B3_spatial_feature,3,continuous,stability_ap_target_other,0.5737408205659126,0.5155044993505191,0.6269399528583051,310,1449,5000,5000,3021694564,
target_rate,B3_spatial_feature,4,high,target_probability,0.5770517108309751,0.5581306780919412,0.5958857681304545,1449,1449,5000,5000,20260901,whole image
target_rate,B3_spatial_feature,4,low,target_probability,0.5985136517852334,0.5828114188062208,0.6139325478648048,1449,1449,5000,5000,20260901,whole image
paired_high_minus_low,B3_spatial_feature,4,high_minus_low,target_probability,-0.02146194095425835,-0.03399483039797328,-0.009110936542867933,1449,1449,5000,5000,20260901,whole image
within_relevance_band_auc,B3_spatial_feature,4,continuous,stability_auc_target_bg,0.43570543145094787,0.4254477243548121,0.4459100259222518,1165,1449,5000,5000,3021694564,
within_relevance_band_auc,B3_spatial_feature,4,continuous,stability_ap_target_bg,0.5591245666897434,0.5412477738897604,0.5766262705668426,1165,1449,5000,5000,3021694564,
within_relevance_band_auc,B3_spatial_feature,4,continuous,stability_auc_target_other,0.3981518293328656,0.38182214006392917,0.4140245279320985,384,1449,5000,5000,3021694564,
within_relevance_band_auc,B3_spatial_feature,4,continuous,stability_ap_target_other,0.6416021077901403,0.6178183681040509,0.6654231619871882,384,1449,5000,5000,3021694564,
within_relevance_band_auc,B3_spatial_feature,4,continuous,stability_auc_target_bg,0.44779115987693424,0.4365649433508896,0.45878367597887454,1165,1449,5000,5000,3021694564,
within_relevance_band_auc,B3_spatial_feature,4,continuous,stability_ap_target_bg,0.5747406835809283,0.5564976707965749,0.5931001816010357,1165,1449,5000,5000,3021694564,
within_relevance_band_auc,B3_spatial_feature,4,continuous,stability_auc_target_other,0.39216928789644717,0.36259693152850253,0.43123710438872637,384,1449,5000,5000,3021694564,
within_relevance_band_auc,B3_spatial_feature,4,continuous,stability_ap_target_other,0.7105553225129072,0.6684437969801501,0.7485448425273045,384,1449,5000,5000,3021694564,
