comparison,graph,stratum,aggregation,metric,estimate,ci_low,ci_high,num_images,num_images_total,num_rows,num_rows_total,num_classes,bootstrap_repeats,bootstrap_valid_repeats,bootstrap_valid_fraction,bootstrap_seed,bootstrap_base_seed
relevance_x_stability_minus_relevance,B1_spatial,all,micro,target_hit,-0.10060549604098742,-0.11762108967674662,-0.08426842805817117,1449,1449,2147,2147,,5000,5000,1.0,3021694564,20260901
relevance_x_stability_minus_relevance,B1_spatial,all,micro,target_tail_enrich_05,-2.20804438595286,-2.4021796943652514,-2.032113307123831,1441,1449,2031,2147,,5000,5000,1.0,3021694564,20260901
relevance_x_stability_minus_relevance,B1_spatial,all,micro,target_tail_enrich_10,-1.343012065704207,-1.4413657384749614,-1.2464789655545498,1441,1449,2031,2147,,5000,5000,1.0,3021694564,20260901
relevance_x_stability_minus_relevance,B1_spatial,all,micro,bg_tail_enrich_05,0.17016714722591425,0.15542791215457022,0.1835038990798987,1432,1449,2120,2147,,5000,5000,1.0,3021694564,20260901
relevance_x_stability_minus_relevance,B1_spatial,all,micro,auc_target_bg,-0.08269918570411332,-0.0870640517941689,-0.07857864320322054,1424,1449,2004,2147,,5000,5000,1.0,3021694564,20260901
relevance_x_stability_minus_relevance,B1_spatial,all,micro,auc_target_other,-0.03064254012693206,-0.036745094704931244,-0.025628179127040684,462,1449,1052,2147,,5000,5000,1.0,3021694564,20260901
relevance_x_stability_minus_relevance,B1_spatial,all,micro,ap_target_bg,-0.19120283776454303,-0.20171494860157974,-0.18079649247780946,1424,1449,2004,2147,,5000,5000,1.0,3021694564,20260901
relevance_x_stability_minus_relevance,B1_spatial,all,micro,ap_target_other,-0.06348008661432901,-0.07174124054553664,-0.05577633080024323,462,1449,1052,2147,,5000,5000,1.0,3021694564,20260901
relevance_x_stability_minus_relevance,B1_spatial,all,macro_class,target_hit,-0.09522622375339773,-0.11321422958672524,-0.07750972356719878,1449,1449,2147,2147,20,5000,5000,1.0,3021694564,20260901
relevance_x_stability_minus_relevance,B1_spatial,all,macro_class,target_tail_enrich_05,-2.1443612879696294,-2.3380942160703215,-1.9599950073173964,1441,1449,2031,2147,20,5000,5000,1.0,3021694564,20260901
relevance_x_stability_minus_relevance,B1_spatial,all,macro_class,target_tail_enrich_10,-1.3256998075936397,-1.4221654591335635,-1.2322253856685066,1441,1449,2031,2147,20,5000,5000,1.0,3021694564,20260901
relevance_x_stability_minus_relevance,B1_spatial,all,macro_class,bg_tail_enrich_05,0.16376732245465614,0.15281839737661065,0.17431887394010986,1432,1449,2120,2147,20,5000,5000,1.0,3021694564,20260901
relevance_x_stability_minus_relevance,B1_spatial,all,macro_class,auc_target_bg,-0.08236559614967015,-0.08634267734921096,-0.07856658753282146,1424,1449,2004,2147,20,5000,5000,1.0,3021694564,20260901
relevance_x_stability_minus_relevance,B1_spatial,all,macro_class,auc_target_other,-0.024027562069184803,-0.03029057853517637,-0.018791811729049382,462,1449,1052,2147,20,5000,5000,1.0,3021694564,20260901
relevance_x_stability_minus_relevance,B1_spatial,all,macro_class,ap_target_bg,-0.1868788867797015,-0.19658417116408783,-0.177110385798003,1424,1449,2004,2147,20,5000,5000,1.0,3021694564,20260901
relevance_x_stability_minus_relevance,B1_spatial,all,macro_class,ap_target_other,-0.04297526668619338,-0.0504177788213132,-0.03603371523051443,462,1449,1052,2147,20,5000,5000,1.0,3021694564,20260901
relevance_x_stability_minus_relevance,B1_spatial,single_label,micro,target_hit,-0.08414239482200647,-0.10679611650485436,-0.06256742179072276,927,927,927,927,,5000,5000,1.0,3021694564,20260901
relevance_x_stability_minus_relevance,B1_spatial,single_label,micro,target_tail_enrich_05,-1.985044583852602,-2.243218776035642,-1.745629076246227,921,927,921,927,,5000,5000,1.0,3021694564,20260901
relevance_x_stability_minus_relevance,B1_spatial,single_label,micro,target_tail_enrich_10,-1.404258981149296,-1.5451911733407917,-1.269332329958347,921,927,921,927,,5000,5000,1.0,3021694564,20260901
relevance_x_stability_minus_relevance,B1_spatial,single_label,micro,bg_tail_enrich_05,0.182829163029804,0.16723951564855605,0.19897820219860649,918,927,918,927,,5000,5000,1.0,3021694564,20260901
relevance_x_stability_minus_relevance,B1_spatial,single_label,micro,auc_target_bg,-0.10663598695946255,-0.11337373813136846,-0.10024386734670643,912,927,912,927,,5000,5000,1.0,3021694564,20260901
relevance_x_stability_minus_relevance,B1_spatial,single_label,micro,ap_target_bg,-0.20955005477653568,-0.22391538123684993,-0.1961116105096496,912,927,912,927,,5000,5000,1.0,3021694564,20260901
relevance_x_stability_minus_relevance,B1_spatial,single_label,macro_class,target_hit,-0.07792521411390388,-0.1037098937536716,-0.05347960704472512,927,927,927,927,20,5000,5000,1.0,3021694564,20260901
relevance_x_stability_minus_relevance,B1_spatial,single_label,macro_class,target_tail_enrich_05,-1.7731767226422577,-2.0412422079969064,-1.532097024050584,921,927,921,927,20,5000,5000,1.0,3021694564,20260901
relevance_x_stability_minus_relevance,B1_spatial,single_label,macro_class,target_tail_enrich_10,-1.2086022714807014,-1.3371621323637393,-1.085256074379591,921,927,921,927,20,5000,5000,1.0,3021694564,20260901
relevance_x_stability_minus_relevance,B1_spatial,single_label,macro_class,bg_tail_enrich_05,0.1632264823621467,0.14869601257527587,0.17823785237551804,918,927,918,927,20,5000,5000,1.0,3021694564,20260901
relevance_x_stability_minus_relevance,B1_spatial,single_label,macro_class,auc_target_bg,-0.08936303490291,-0.09469179760451679,-0.08431546343351548,912,927,912,927,20,5000,5000,1.0,3021694564,20260901
relevance_x_stability_minus_relevance,B1_spatial,single_label,macro_class,ap_target_bg,-0.18208849792408746,-0.19571240291305572,-0.1692458995788868,912,927,912,927,20,5000,5000,1.0,3021694564,20260901
relevance_x_stability_minus_relevance,B1_spatial,exactly_2_labels,micro,target_hit,-0.12533333333333332,-0.1547,-0.096,375,375,750,750,,5000,5000,1.0,3021694564,20260901
relevance_x_stability_minus_relevance,B1_spatial,exactly_2_labels,micro,target_tail_enrich_05,-2.469680470398284,-2.8149369467449605,-2.1380407514205593,373,375,695,750,,5000,5000,1.0,3021694564,20260901
relevance_x_stability_minus_relevance,B1_spatial,exactly_2_labels,micro,target_tail_enrich_10,-1.3902632699358437,-1.5588261932192953,-1.2343170166035127,373,375,695,750,,5000,5000,1.0,3021694564,20260901
relevance_x_stability_minus_relevance,B1_spatial,exactly_2_labels,micro,bg_tail_enrich_05,0.17320358116945914,0.13905798412725093,0.2039625627688509,369,375,738,750,,5000,5000,1.0,3021694564,20260901
relevance_x_stability_minus_relevance,B1_spatial,exactly_2_labels,micro,auc_target_bg,-0.07145009817691035,-0.07873645904964464,-0.06482083660663217,367,375,683,750,,5000,5000,1.0,3021694564,20260901
relevance_x_stability_minus_relevance,B1_spatial,exactly_2_labels,micro,auc_target_other,-0.03704122656643173,-0.046052352346552236,-0.029289072024554722,322,375,644,750,,5000,5000,1.0,3021694564,20260901
relevance_x_stability_minus_relevance,B1_spatial,exactly_2_labels,micro,ap_target_bg,-0.18960458221488102,-0.2076082371184329,-0.17150587702508122,367,375,683,750,,5000,5000,1.0,3021694564,20260901
relevance_x_stability_minus_relevance,B1_spatial,exactly_2_labels,micro,ap_target_other,-0.06647501371640607,-0.07661706610737479,-0.05626913347462156,322,375,644,750,,5000,5000,1.0,3021694564,20260901
relevance_x_stability_minus_relevance,B1_spatial,exactly_2_labels,macro_class,target_hit,-0.10590956296119339,-0.14288390334207612,-0.07211106060226105,375,375,750,750,20,5000,5000,1.0,3021694564,20260901
relevance_x_stability_minus_relevance,B1_spatial,exactly_2_labels,macro_class,target_tail_enrich_05,-2.1796261245632644,-2.5410082720498006,-1.8335838681394758,373,375,695,750,20,5000,5000,1.0,3021694564,20260901
relevance_x_stability_minus_relevance,B1_spatial,exactly_2_labels,macro_class,target_tail_enrich_10,-1.2909000845650518,-1.4773319128468294,-1.1043639025584255,373,375,695,750,20,5000,5000,1.0,3021694564,20260901
relevance_x_stability_minus_relevance,B1_spatial,exactly_2_labels,macro_class,bg_tail_enrich_05,0.18302409616003174,0.1420272290504132,0.22697168429334866,369,375,738,750,20,5000,5000,1.0,3021694564,20260901
relevance_x_stability_minus_relevance,B1_spatial,exactly_2_labels,macro_class,auc_target_bg,-0.07413370696622543,-0.0839973544480067,-0.06342222439659585,367,375,683,750,20,5000,5000,1.0,3021694564,20260901
relevance_x_stability_minus_relevance,B1_spatial,exactly_2_labels,macro_class,auc_target_other,-0.029260440459688,-0.03762102462316334,-0.022312842843870258,322,375,644,750,20,5000,5000,1.0,3021694564,20260901
relevance_x_stability_minus_relevance,B1_spatial,exactly_2_labels,macro_class,ap_target_bg,-0.18346880190814444,-0.2046634541302404,-0.16251337496640872,367,375,683,750,20,5000,5000,1.0,3021694564,20260901
relevance_x_stability_minus_relevance,B1_spatial,exactly_2_labels,macro_class,ap_target_other,-0.04496429034399037,-0.054506948695756785,-0.035944392499417714,322,375,644,750,20,5000,5000,1.0,3021694564,20260901
relevance_x_stability_minus_relevance,B1_spatial,3plus_labels,micro,target_hit,-0.09361702127659574,-0.1349036402569593,-0.05603448275862069,147,147,470,470,,5000,5000,1.0,3021694564,20260901
relevance_x_stability_minus_relevance,B1_spatial,3plus_labels,micro,target_tail_enrich_05,-2.26478110654267,-2.7284092996048286,-1.8448326867046918,147,147,415,470,,5000,5000,1.0,3021694564,20260901
relevance_x_stability_minus_relevance,B1_spatial,3plus_labels,micro,target_tail_enrich_10,-1.1279566534971908,-1.340512105070178,-0.9312514495919789,147,147,415,470,,5000,5000,1.0,3021694564,20260901
relevance_x_stability_minus_relevance,B1_spatial,3plus_labels,micro,bg_tail_enrich_05,0.1402865033502519,0.12066052451962765,0.1605196847895229,145,147,464,470,,5000,5000,1.0,3021694564,20260901
relevance_x_stability_minus_relevance,B1_spatial,3plus_labels,micro,auc_target_bg,-0.04810936672172011,-0.05506227517649137,-0.04185502508210967,145,147,409,470,,5000,5000,1.0,3021694564,20260901
relevance_x_stability_minus_relevance,B1_spatial,3plus_labels,micro,auc_target_other,-0.020542652707721865,-0.025486684114019588,-0.015939067920645367,140,147,408,470,,5000,5000,1.0,3021694564,20260901
relevance_x_stability_minus_relevance,B1_spatial,3plus_labels,micro,ap_target_bg,-0.15296065347476548,-0.177519448058538,-0.13013099247160814,145,147,409,470,,5000,5000,1.0,3021694564,20260901
relevance_x_stability_minus_relevance,B1_spatial,3plus_labels,micro,ap_target_other,-0.05875279971791323,-0.07177748393124081,-0.04620177482214449,140,147,408,470,,5000,5000,1.0,3021694564,20260901
relevance_x_stability_minus_relevance,B1_spatial,3plus_labels,macro_class,target_hit,-0.12234947813072816,-0.17016476138862144,-0.0559184842912284,147,147,470,470,20,5000,5000,1.0,3021694564,20260901
relevance_x_stability_minus_relevance,B1_spatial,3plus_labels,macro_class,target_tail_enrich_05,-2.360697709036888,-2.896395185985998,-1.8240867977433481,147,147,415,470,19,5000,5000,1.0,3021694564,20260901
relevance_x_stability_minus_relevance,B1_spatial,3plus_labels,macro_class,target_tail_enrich_10,-1.319790811323882,-1.5421856525923903,-0.9393263355800288,147,147,415,470,19,5000,5000,1.0,3021694564,20260901
relevance_x_stability_minus_relevance,B1_spatial,3plus_labels,macro_class,bg_tail_enrich_05,0.15739142985091456,0.11131868034563182,0.1841263529240179,145,147,464,470,20,5000,5000,1.0,3021694564,20260901
relevance_x_stability_minus_relevance,B1_spatial,3plus_labels,macro_class,auc_target_bg,-0.05667353423246554,-0.06621709238658387,-0.04194193932749069,145,147,409,470,19,5000,5000,1.0,3021694564,20260901
relevance_x_stability_minus_relevance,B1_spatial,3plus_labels,macro_class,auc_target_other,-0.013807479877348816,-0.020840027597061633,-0.007787531732516872,140,147,408,470,19,5000,5000,1.0,3021694564,20260901
relevance_x_stability_minus_relevance,B1_spatial,3plus_labels,macro_class,ap_target_bg,-0.1822500303921099,-0.21305440625856015,-0.13801734586288916,145,147,409,470,19,5000,5000,1.0,3021694564,20260901
relevance_x_stability_minus_relevance,B1_spatial,3plus_labels,macro_class,ap_target_other,-0.03782901735898945,-0.05413313265437079,-0.024311016082803172,140,147,408,470,19,5000,5000,1.0,3021694564,20260901
relevance_x_stability_minus_stability,B1_spatial,all,micro,target_hit,0.5156031672100605,0.49187916175885804,0.5377186016811728,1449,1449,2147,2147,,5000,5000,1.0,3021694564,20260901
relevance_x_stability_minus_stability,B1_spatial,all,micro,target_tail_enrich_05,3.359355170960938,3.1868290379028346,3.533993750083976,1441,1449,2031,2147,,5000,5000,1.0,3021694564,20260901
relevance_x_stability_minus_stability,B1_spatial,all,micro,target_tail_enrich_10,2.629649922503048,2.517889725326376,2.7415089335250697,1441,1449,2031,2147,,5000,5000,1.0,3021694564,20260901
relevance_x_stability_minus_stability,B1_spatial,all,micro,bg_tail_enrich_05,-0.5073003240886068,-0.5413493879354371,-0.46986355569087274,1432,1449,2120,2147,,5000,5000,1.0,3021694564,20260901
relevance_x_stability_minus_stability,B1_spatial,all,micro,auc_target_bg,0.44855794606045263,0.43928761247124465,0.45796582359873267,1424,1449,2004,2147,,5000,5000,1.0,3021694564,20260901
relevance_x_stability_minus_stability,B1_spatial,all,micro,auc_target_other,0.49181385401211,0.47597692667959796,0.5078777372319154,462,1449,1052,2147,,5000,5000,1.0,3021694564,20260901
relevance_x_stability_minus_stability,B1_spatial,all,micro,ap_target_bg,0.3381149471856262,0.32829686096426786,0.3478736003430234,1424,1449,2004,2147,,5000,5000,1.0,3021694564,20260901
relevance_x_stability_minus_stability,B1_spatial,all,micro,ap_target_other,0.36342554942143157,0.34642894099728805,0.38080131885273444,462,1449,1052,2147,,5000,5000,1.0,3021694564,20260901
relevance_x_stability_minus_stability,B1_spatial,all,macro_class,target_hit,0.5085366282961254,0.48359660571409313,0.5323403623566049,1449,1449,2147,2147,20,5000,5000,1.0,3021694564,20260901
relevance_x_stability_minus_stability,B1_spatial,all,macro_class,target_tail_enrich_05,3.300438158541314,3.114143504724083,3.4884210213813787,1441,1449,2031,2147,20,5000,5000,1.0,3021694564,20260901
relevance_x_stability_minus_stability,B1_spatial,all,macro_class,target_tail_enrich_10,2.5666433185603776,2.4487444179682125,2.6862318908977714,1441,1449,2031,2147,20,5000,5000,1.0,3021694564,20260901
relevance_x_stability_minus_stability,B1_spatial,all,macro_class,bg_tail_enrich_05,-0.5152842112838834,-0.5491974338783778,-0.47488727259526525,1432,1449,2120,2147,20,5000,5000,1.0,3021694564,20260901
relevance_x_stability_minus_stability,B1_spatial,all,macro_class,auc_target_bg,0.4319132923075574,0.42232655581691775,0.4419042991432463,1424,1449,2004,2147,20,5000,5000,1.0,3021694564,20260901
relevance_x_stability_minus_stability,B1_spatial,all,macro_class,auc_target_other,0.44587349906650015,0.41777445256583057,0.4731776651201095,462,1449,1052,2147,20,5000,5000,1.0,3021694564,20260901
relevance_x_stability_minus_stability,B1_spatial,all,macro_class,ap_target_bg,0.33118207083475687,0.3211311283890955,0.3412192883031663,1424,1449,2004,2147,20,5000,5000,1.0,3021694564,20260901
relevance_x_stability_minus_stability,B1_spatial,all,macro_class,ap_target_other,0.34612464678749655,0.3141906769404581,0.377806211513866,462,1449,1052,2147,20,5000,5000,1.0,3021694564,20260901
relevance_x_stability_minus_stability,B1_spatial,single_label,micro,target_hit,0.5393743257820928,0.505933117583603,0.5717637540453071,927,927,927,927,,5000,5000,1.0,3021694564,20260901
relevance_x_stability_minus_stability,B1_spatial,single_label,micro,target_tail_enrich_05,2.0670140369639274,1.9311035015180233,2.212606401189421,921,927,921,927,,5000,5000,1.0,3021694564,20260901
relevance_x_stability_minus_stability,B1_spatial,single_label,micro,target_tail_enrich_10,1.7074851782968465,1.6052732854286322,1.8172923983841185,921,927,921,927,,5000,5000,1.0,3021694564,20260901
relevance_x_stability_minus_stability,B1_spatial,single_label,micro,bg_tail_enrich_05,-0.7039970192349196,-0.730200595923897,-0.6775277432304425,918,927,918,927,,5000,5000,1.0,3021694564,20260901
relevance_x_stability_minus_stability,B1_spatial,single_label,micro,auc_target_bg,0.3812956201905579,0.3704616190957247,0.39240362708194154,912,927,912,927,,5000,5000,1.0,3021694564,20260901
relevance_x_stability_minus_stability,B1_spatial,single_label,micro,ap_target_bg,0.3044558804528751,0.2923662392825468,0.3165556479202005,912,927,912,927,,5000,5000,1.0,3021694564,20260901
relevance_x_stability_minus_stability,B1_spatial,single_label,macro_class,target_hit,0.532340809911042,0.4873567177370792,0.5761486134844608,927,927,927,927,20,5000,5000,1.0,3021694564,20260901
relevance_x_stability_minus_stability,B1_spatial,single_label,macro_class,target_tail_enrich_05,2.1612783234139896,1.972110943311342,2.3614302150162123,921,927,921,927,20,5000,5000,1.0,3021694564,20260901
relevance_x_stability_minus_stability,B1_spatial,single_label,macro_class,target_tail_enrich_10,1.8115391454499759,1.6575787143327012,1.9697819944171242,921,927,921,927,20,5000,5000,1.0,3021694564,20260901
relevance_x_stability_minus_stability,B1_spatial,single_label,macro_class,bg_tail_enrich_05,-0.7245028115283016,-0.7619645823829392,-0.6894507981945733,918,927,918,927,20,5000,5000,1.0,3021694564,20260901
relevance_x_stability_minus_stability,B1_spatial,single_label,macro_class,auc_target_bg,0.3904259406971531,0.37215024307324,0.40790596783293337,912,927,912,927,20,5000,5000,1.0,3021694564,20260901
relevance_x_stability_minus_stability,B1_spatial,single_label,macro_class,ap_target_bg,0.31077290498986837,0.2906893299722361,0.33074939631183614,912,927,912,927,20,5000,5000,1.0,3021694564,20260901
relevance_x_stability_minus_stability,B1_spatial,exactly_2_labels,micro,target_hit,0.496,0.45866666666666667,0.5333333333333333,375,375,750,750,,5000,5000,1.0,3021694564,20260901
relevance_x_stability_minus_stability,B1_spatial,exactly_2_labels,micro,target_tail_enrich_05,4.011759654982507,3.72834102646408,4.289937876495095,373,375,695,750,,5000,5000,1.0,3021694564,20260901
relevance_x_stability_minus_stability,B1_spatial,exactly_2_labels,micro,target_tail_enrich_10,3.138217496191861,2.9655581900368713,3.3059166975606864,373,375,695,750,,5000,5000,1.0,3021694564,20260901
relevance_x_stability_minus_stability,B1_spatial,exactly_2_labels,micro,bg_tail_enrich_05,-0.4104916146204255,-0.47769803765942515,-0.33218335538046856,369,375,738,750,,5000,5000,1.0,3021694564,20260901
relevance_x_stability_minus_stability,B1_spatial,exactly_2_labels,micro,auc_target_bg,0.49263675666024453,0.4770298450491563,0.5077691861610371,367,375,683,750,,5000,5000,1.0,3021694564,20260901
relevance_x_stability_minus_stability,B1_spatial,exactly_2_labels,micro,auc_target_other,0.47446091671218343,0.4549443992777181,0.49339834185201215,322,375,644,750,,5000,5000,1.0,3021694564,20260901
relevance_x_stability_minus_stability,B1_spatial,exactly_2_labels,micro,ap_target_bg,0.3583962963857129,0.3402594415717977,0.37592158853592567,367,375,683,750,,5000,5000,1.0,3021694564,20260901
relevance_x_stability_minus_stability,B1_spatial,exactly_2_labels,micro,ap_target_other,0.33332501081398663,0.31315041383269326,0.3530376695912175,322,375,644,750,,5000,5000,1.0,3021694564,20260901
relevance_x_stability_minus_stability,B1_spatial,exactly_2_labels,macro_class,target_hit,0.520604698441655,0.4691486095015204,0.5683328975436998,375,375,750,750,20,5000,5000,1.0,3021694564,20260901
relevance_x_stability_minus_stability,B1_spatial,exactly_2_labels,macro_class,target_tail_enrich_05,3.940522846676946,3.5023932463707514,4.466588330535833,373,375,695,750,20,5000,5000,1.0,3021694564,20260901
relevance_x_stability_minus_stability,B1_spatial,exactly_2_labels,macro_class,target_tail_enrich_10,3.0098108597149102,2.7454751249111293,3.3084735997336687,373,375,695,750,20,5000,5000,1.0,3021694564,20260901
relevance_x_stability_minus_stability,B1_spatial,exactly_2_labels,macro_class,bg_tail_enrich_05,-0.41344747853470676,-0.5203107427001221,-0.28582094901723437,369,375,738,750,20,5000,5000,1.0,3021694564,20260901
relevance_x_stability_minus_stability,B1_spatial,exactly_2_labels,macro_class,auc_target_bg,0.4574783362061413,0.4352736969013323,0.4823824634792633,367,375,683,750,20,5000,5000,1.0,3021694564,20260901
relevance_x_stability_minus_stability,B1_spatial,exactly_2_labels,macro_class,auc_target_other,0.42198525267788867,0.3916899173768519,0.4518851639780664,322,375,644,750,20,5000,5000,1.0,3021694564,20260901
relevance_x_stability_minus_stability,B1_spatial,exactly_2_labels,macro_class,ap_target_bg,0.3516994324288693,0.3281341144402332,0.3777476136667045,367,375,683,750,20,5000,5000,1.0,3021694564,20260901
relevance_x_stability_minus_stability,B1_spatial,exactly_2_labels,macro_class,ap_target_other,0.3162449852835937,0.2815681308745119,0.35171712055695986,322,375,644,750,20,5000,5000,1.0,3021694564,20260901
relevance_x_stability_minus_stability,B1_spatial,3plus_labels,micro,target_hit,0.5,0.44989339019189767,0.5491452991452992,147,147,470,470,,5000,5000,1.0,3021694564,20260901
relevance_x_stability_minus_stability,B1_spatial,3plus_labels,micro,target_tail_enrich_05,5.134837262566377,4.647221953057867,5.627916143464256,147,147,415,470,,5000,5000,1.0,3021694564,20260901
relevance_x_stability_minus_stability,B1_spatial,3plus_labels,micro,target_tail_enrich_10,3.824491526599888,3.5238242673691724,4.1279215346331,147,147,415,470,,5000,5000,1.0,3021694564,20260901
relevance_x_stability_minus_stability,B1_spatial,3plus_labels,micro,bg_tail_enrich_05,-0.272122008233439,-0.36397545011545307,-0.1749194470753936,145,147,464,470,,5000,5000,1.0,3021694564,20260901
relevance_x_stability_minus_stability,B1_spatial,3plus_labels,micro,auc_target_bg,0.5249330403237396,0.49987079295376946,0.5488309469177304,145,147,409,470,,5000,5000,1.0,3021694564,20260901
relevance_x_stability_minus_stability,B1_spatial,3plus_labels,micro,auc_target_other,0.519204274652191,0.4924879458260107,0.5448896087505546,140,147,408,470,,5000,5000,1.0,3021694564,20260901
relevance_x_stability_minus_stability,B1_spatial,3plus_labels,micro,ap_target_bg,0.3793005397445726,0.3525116350400674,0.40647567221501874,145,147,409,470,,5000,5000,1.0,3021694564,20260901
relevance_x_stability_minus_stability,B1_spatial,3plus_labels,micro,ap_target_other,0.4109371838900454,0.38018601182081124,0.4415163698411206,140,147,408,470,,5000,5000,1.0,3021694564,20260901
relevance_x_stability_minus_stability,B1_spatial,3plus_labels,macro_class,target_hit,0.4712135209837416,0.3918123464441516,0.527297799759021,147,147,470,470,20,5000,5000,1.0,3021694564,20260901
relevance_x_stability_minus_stability,B1_spatial,3plus_labels,macro_class,target_tail_enrich_05,5.526375439728077,4.756983687722692,6.250613500009925,147,147,415,470,19,5000,5000,1.0,3021694564,20260901
relevance_x_stability_minus_stability,B1_spatial,3plus_labels,macro_class,target_tail_enrich_10,4.130651660462106,3.6482611939805465,4.625702435026534,147,147,415,470,19,5000,5000,1.0,3021694564,20260901
relevance_x_stability_minus_stability,B1_spatial,3plus_labels,macro_class,bg_tail_enrich_05,-0.17469794094500457,-0.38711515787180206,0.13148915810030629,145,147,464,470,20,5000,5000,1.0,3021694564,20260901
relevance_x_stability_minus_stability,B1_spatial,3plus_labels,macro_class,auc_target_bg,0.5245040759113573,0.48278572068942993,0.5611102397014185,145,147,409,470,19,5000,5000,1.0,3021694564,20260901
relevance_x_stability_minus_stability,B1_spatial,3plus_labels,macro_class,auc_target_other,0.4881534095560577,0.45356912656847903,0.5376639855104274,140,147,408,470,19,5000,5000,1.0,3021694564,20260901
relevance_x_stability_minus_stability,B1_spatial,3plus_labels,macro_class,ap_target_bg,0.38908660586655036,0.34078473293232764,0.4310867040112787,145,147,409,470,19,5000,5000,1.0,3021694564,20260901
relevance_x_stability_minus_stability,B1_spatial,3plus_labels,macro_class,ap_target_other,0.39316638788244834,0.3510556102202075,0.4590745660544588,140,147,408,470,19,5000,5000,1.0,3021694564,20260901
relevance_x_stability_minus_relevance,B2_feature,all,micro,target_hit,-0.08430367955286447,-0.10060026192692857,-0.06861836460028649,1449,1449,2147,2147,,5000,5000,1.0,3021694564,20260901
relevance_x_stability_minus_relevance,B2_feature,all,micro,target_tail_enrich_05,-2.142587014746737,-2.3351709464585015,-1.9656396095614,1441,1449,2031,2147,,5000,5000,1.0,3021694564,20260901
relevance_x_stability_minus_relevance,B2_feature,all,micro,target_tail_enrich_10,-1.3034292960231548,-1.40081798599084,-1.2085695174639608,1441,1449,2031,2147,,5000,5000,1.0,3021694564,20260901
relevance_x_stability_minus_relevance,B2_feature,all,micro,bg_tail_enrich_05,0.16198197875247983,0.1475492762214277,0.1749065834719012,1432,1449,2120,2147,,5000,5000,1.0,3021694564,20260901
relevance_x_stability_minus_relevance,B2_feature,all,micro,auc_target_bg,-0.08074818976206903,-0.0851385651593388,-0.0765951297544826,1424,1449,2004,2147,,5000,5000,1.0,3021694564,20260901
relevance_x_stability_minus_relevance,B2_feature,all,micro,auc_target_other,-0.029259318858536526,-0.0352537789117209,-0.0242902751916796,462,1449,1052,2147,,5000,5000,1.0,3021694564,20260901
relevance_x_stability_minus_relevance,B2_feature,all,micro,ap_target_bg,-0.18565010359146503,-0.1961879046589742,-0.17538007898774616,1424,1449,2004,2147,,5000,5000,1.0,3021694564,20260901
relevance_x_stability_minus_relevance,B2_feature,all,micro,ap_target_other,-0.05885504556713332,-0.06670771887026795,-0.05121277114436398,462,1449,1052,2147,,5000,5000,1.0,3021694564,20260901
relevance_x_stability_minus_relevance,B2_feature,all,macro_class,target_hit,-0.08013605520278527,-0.09748542329458444,-0.06325723570712902,1449,1449,2147,2147,20,5000,5000,1.0,3021694564,20260901
relevance_x_stability_minus_relevance,B2_feature,all,macro_class,target_tail_enrich_05,-2.0934195410863508,-2.2868530458358416,-1.9042092257475112,1441,1449,2031,2147,20,5000,5000,1.0,3021694564,20260901
relevance_x_stability_minus_relevance,B2_feature,all,macro_class,target_tail_enrich_10,-1.2908629507835037,-1.389203087151677,-1.1958632443499793,1441,1449,2031,2147,20,5000,5000,1.0,3021694564,20260901
relevance_x_stability_minus_relevance,B2_feature,all,macro_class,bg_tail_enrich_05,0.15854626123079424,0.1474972727377066,0.16901159194642149,1432,1449,2120,2147,20,5000,5000,1.0,3021694564,20260901
relevance_x_stability_minus_relevance,B2_feature,all,macro_class,auc_target_bg,-0.08118358621909165,-0.0852199299767839,-0.07728101843854676,1424,1449,2004,2147,20,5000,5000,1.0,3021694564,20260901
relevance_x_stability_minus_relevance,B2_feature,all,macro_class,auc_target_other,-0.023033683998112946,-0.02938208193509192,-0.017809115084461997,462,1449,1052,2147,20,5000,5000,1.0,3021694564,20260901
relevance_x_stability_minus_relevance,B2_feature,all,macro_class,ap_target_bg,-0.18300831135344203,-0.19258527296192735,-0.17332422515923168,1424,1449,2004,2147,20,5000,5000,1.0,3021694564,20260901
relevance_x_stability_minus_relevance,B2_feature,all,macro_class,ap_target_other,-0.03938538374225096,-0.04660150388164547,-0.03273404178893934,462,1449,1052,2147,20,5000,5000,1.0,3021694564,20260901
relevance_x_stability_minus_relevance,B2_feature,single_label,micro,target_hit,-0.06796116504854369,-0.0895361380798274,-0.04746494066882417,927,927,927,927,,5000,5000,1.0,3021694564,20260901
relevance_x_stability_minus_relevance,B2_feature,single_label,micro,target_tail_enrich_05,-1.966025791062463,-2.223803287350853,-1.7223818631982661,921,927,921,927,,5000,5000,1.0,3021694564,20260901
relevance_x_stability_minus_relevance,B2_feature,single_label,micro,target_tail_enrich_10,-1.3837054152915818,-1.5289056039811069,-1.2471103524486524,921,927,921,927,,5000,5000,1.0,3021694564,20260901
relevance_x_stability_minus_relevance,B2_feature,single_label,micro,bg_tail_enrich_05,0.18018827209128208,0.16491383510845473,0.19644639655474055,918,927,918,927,,5000,5000,1.0,3021694564,20260901
relevance_x_stability_minus_relevance,B2_feature,single_label,micro,auc_target_bg,-0.10605323923679248,-0.11291083060845986,-0.09956058987489495,912,927,912,927,,5000,5000,1.0,3021694564,20260901
relevance_x_stability_minus_relevance,B2_feature,single_label,micro,ap_target_bg,-0.20701897515586046,-0.2213579541948042,-0.1936856552701951,912,927,912,927,,5000,5000,1.0,3021694564,20260901
relevance_x_stability_minus_relevance,B2_feature,single_label,macro_class,target_hit,-0.06562692705165112,-0.09031085637425817,-0.04215231135689208,927,927,927,927,20,5000,5000,1.0,3021694564,20260901
relevance_x_stability_minus_relevance,B2_feature,single_label,macro_class,target_tail_enrich_05,-1.7526578090299512,-2.027009118818433,-1.5077587158037435,921,927,921,927,20,5000,5000,1.0,3021694564,20260901
relevance_x_stability_minus_relevance,B2_feature,single_label,macro_class,target_tail_enrich_10,-1.1881760144843212,-1.3210287553127955,-1.0596882322064065,921,927,921,927,20,5000,5000,1.0,3021694564,20260901
relevance_x_stability_minus_relevance,B2_feature,single_label,macro_class,bg_tail_enrich_05,0.16963515145082908,0.14828845547887862,0.19909149949468027,918,927,918,927,20,5000,5000,1.0,3021694564,20260901
relevance_x_stability_minus_relevance,B2_feature,single_label,macro_class,auc_target_bg,-0.08847992168894309,-0.09391991598910956,-0.08335062612595018,912,927,912,927,20,5000,5000,1.0,3021694564,20260901
relevance_x_stability_minus_relevance,B2_feature,single_label,macro_class,ap_target_bg,-0.17897905549398085,-0.192268326751039,-0.16645982803165116,912,927,912,927,20,5000,5000,1.0,3021694564,20260901
relevance_x_stability_minus_relevance,B2_feature,exactly_2_labels,micro,target_hit,-0.10666666666666667,-0.136,-0.07733333333333334,375,375,750,750,,5000,5000,1.0,3021694564,20260901
relevance_x_stability_minus_relevance,B2_feature,exactly_2_labels,micro,target_tail_enrich_05,-2.380471902839136,-2.7259724618068084,-2.048465287884793,373,375,695,750,,5000,5000,1.0,3021694564,20260901
relevance_x_stability_minus_relevance,B2_feature,exactly_2_labels,micro,target_tail_enrich_10,-1.3361466940712086,-1.5007770239569966,-1.1812797802750397,373,375,695,750,,5000,5000,1.0,3021694564,20260901
relevance_x_stability_minus_relevance,B2_feature,exactly_2_labels,micro,bg_tail_enrich_05,0.1584389683798736,0.12644120454773808,0.18676073376516336,369,375,738,750,,5000,5000,1.0,3021694564,20260901
relevance_x_stability_minus_relevance,B2_feature,exactly_2_labels,micro,auc_target_bg,-0.06817900051601636,-0.07536965678551054,-0.06158592530198121,367,375,683,750,,5000,5000,1.0,3021694564,20260901
relevance_x_stability_minus_relevance,B2_feature,exactly_2_labels,micro,auc_target_other,-0.035349016084556456,-0.04422373468407201,-0.027799671329146847,322,375,644,750,,5000,5000,1.0,3021694564,20260901
relevance_x_stability_minus_relevance,B2_feature,exactly_2_labels,micro,ap_target_bg,-0.18090960256833427,-0.19874722406686504,-0.16328807744773616,367,375,683,750,,5000,5000,1.0,3021694564,20260901
relevance_x_stability_minus_relevance,B2_feature,exactly_2_labels,micro,ap_target_other,-0.06188584134055989,-0.0717840215065116,-0.051908436174342674,322,375,644,750,,5000,5000,1.0,3021694564,20260901
relevance_x_stability_minus_relevance,B2_feature,exactly_2_labels,macro_class,target_hit,-0.10076837413793935,-0.13891036510354204,-0.06599068718826637,375,375,750,750,20,5000,5000,1.0,3021694564,20260901
relevance_x_stability_minus_relevance,B2_feature,exactly_2_labels,macro_class,target_tail_enrich_05,-2.1143602852008456,-2.4702801809180555,-1.7703083398792567,373,375,695,750,20,5000,5000,1.0,3021694564,20260901
relevance_x_stability_minus_relevance,B2_feature,exactly_2_labels,macro_class,target_tail_enrich_10,-1.2467014434026966,-1.4373623057981153,-1.0627330181989854,373,375,695,750,20,5000,5000,1.0,3021694564,20260901
relevance_x_stability_minus_relevance,B2_feature,exactly_2_labels,macro_class,bg_tail_enrich_05,0.17349889876235788,0.13031480036595958,0.22176653922392328,369,375,738,750,20,5000,5000,1.0,3021694564,20260901
relevance_x_stability_minus_relevance,B2_feature,exactly_2_labels,macro_class,auc_target_bg,-0.07234099356415793,-0.0820745252195819,-0.061659725668604,367,375,683,750,20,5000,5000,1.0,3021694564,20260901
relevance_x_stability_minus_relevance,B2_feature,exactly_2_labels,macro_class,auc_target_other,-0.0279910025917544,-0.03621122038529132,-0.02104961347334762,322,375,644,750,20,5000,5000,1.0,3021694564,20260901
relevance_x_stability_minus_relevance,B2_feature,exactly_2_labels,macro_class,ap_target_bg,-0.1778121510885778,-0.19835461802356005,-0.15735080782998911,367,375,683,750,20,5000,5000,1.0,3021694564,20260901
relevance_x_stability_minus_relevance,B2_feature,exactly_2_labels,macro_class,ap_target_other,-0.04137150706932882,-0.05075210690740137,-0.03272891661777756,322,375,644,750,20,5000,5000,1.0,3021694564,20260901
relevance_x_stability_minus_relevance,B2_feature,3plus_labels,micro,target_hit,-0.08085106382978724,-0.12076271186440678,-0.04439746300211417,147,147,470,470,,5000,5000,1.0,3021694564,20260901
relevance_x_stability_minus_relevance,B2_feature,3plus_labels,micro,target_tail_enrich_05,-2.1360397612262534,-2.5873483300645774,-1.7203405663135944,147,147,415,470,,5000,5000,1.0,3021694564,20260901
relevance_x_stability_minus_relevance,B2_feature,3plus_labels,micro,target_tail_enrich_10,-1.0704825550843198,-1.2771145240694879,-0.8804536220851834,147,147,415,470,,5000,5000,1.0,3021694564,20260901
relevance_x_stability_minus_relevance,B2_feature,3plus_labels,micro,bg_tail_enrich_05,0.131596988170502,0.11212781029817598,0.15178239730791343,145,147,464,470,,5000,5000,1.0,3021694564,20260901
relevance_x_stability_minus_relevance,B2_feature,3plus_labels,micro,auc_target_bg,-0.04531188446648415,-0.05208587670508367,-0.03927178520721933,145,147,409,470,,5000,5000,1.0,3021694564,20260901
relevance_x_stability_minus_relevance,B2_feature,3plus_labels,micro,auc_target_other,-0.019647149707661966,-0.02444447952228555,-0.015137861914396734,140,147,408,470,,5000,5000,1.0,3021694564,20260901
relevance_x_stability_minus_relevance,B2_feature,3plus_labels,micro,ap_target_bg,-0.14591746626155871,-0.17006014820192136,-0.12351995518805257,145,147,409,470,,5000,5000,1.0,3021694564,20260901
relevance_x_stability_minus_relevance,B2_feature,3plus_labels,micro,ap_target_other,-0.054071142434567926,-0.06658347163907952,-0.04211012753640877,140,147,408,470,,5000,5000,1.0,3021694564,20260901
relevance_x_stability_minus_relevance,B2_feature,3plus_labels,macro_class,target_hit,-0.1117737034924535,-0.15818305979859423,-0.04577521328770463,147,147,470,470,20,5000,5000,1.0,3021694564,20260901
relevance_x_stability_minus_relevance,B2_feature,3plus_labels,macro_class,target_tail_enrich_05,-2.2338256257001645,-2.771629277968985,-1.7142984663123828,147,147,415,470,19,5000,5000,1.0,3021694564,20260901
relevance_x_stability_minus_relevance,B2_feature,3plus_labels,macro_class,target_tail_enrich_10,-1.235954029373463,-1.4468169124751968,-0.8740863169559453,147,147,415,470,19,5000,5000,1.0,3021694564,20260901
relevance_x_stability_minus_relevance,B2_feature,3plus_labels,macro_class,bg_tail_enrich_05,0.1531689715244767,0.10554908048266501,0.1800438301620539,145,147,464,470,20,5000,5000,1.0,3021694564,20260901
relevance_x_stability_minus_relevance,B2_feature,3plus_labels,macro_class,auc_target_bg,-0.055170818784300676,-0.06472905445270653,-0.039633455935594586,145,147,409,470,19,5000,5000,1.0,3021694564,20260901
relevance_x_stability_minus_relevance,B2_feature,3plus_labels,macro_class,auc_target_other,-0.01317914424393671,-0.01931227821441825,-0.007659289220064451,140,147,408,470,19,5000,5000,1.0,3021694564,20260901
relevance_x_stability_minus_relevance,B2_feature,3plus_labels,macro_class,ap_target_bg,-0.17574720586830622,-0.20660863430463666,-0.13210618099255197,145,147,409,470,19,5000,5000,1.0,3021694564,20260901
relevance_x_stability_minus_relevance,B2_feature,3plus_labels,macro_class,ap_target_other,-0.033970878040116385,-0.04921790006438349,-0.02105824847624641,140,147,408,470,19,5000,5000,1.0,3021694564,20260901
relevance_x_stability_minus_stability,B2_feature,all,micro,target_hit,0.5249184909175594,0.5029817376839013,0.5471353556035532,1449,1449,2147,2147,,5000,5000,1.0,3021694564,20260901
relevance_x_stability_minus_stability,B2_feature,all,micro,target_tail_enrich_05,3.404757159261555,3.2338173632242495,3.5810914590941563,1441,1449,2031,2147,,5000,5000,1.0,3021694564,20260901
relevance_x_stability_minus_stability,B2_feature,all,micro,target_tail_enrich_10,2.6573933731913266,2.544119015576829,2.770420247556532,1441,1449,2031,2147,,5000,5000,1.0,3021694564,20260901
relevance_x_stability_minus_stability,B2_feature,all,micro,bg_tail_enrich_05,-0.5137593067739722,-0.5458549555746646,-0.47818779806530637,1432,1449,2120,2147,,5000,5000,1.0,3021694564,20260901
relevance_x_stability_minus_stability,B2_feature,all,micro,auc_target_bg,0.44348009760893714,0.4341804400966999,0.4529092999890285,1424,1449,2004,2147,,5000,5000,1.0,3021694564,20260901
relevance_x_stability_minus_stability,B2_feature,all,micro,auc_target_other,0.48857923993120883,0.47264899499821206,0.5045762592309769,462,1449,1052,2147,,5000,5000,1.0,3021694564,20260901
relevance_x_stability_minus_stability,B2_feature,all,micro,ap_target_bg,0.3416458631637303,0.3318539609577493,0.3516787865730026,1424,1449,2004,2147,,5000,5000,1.0,3021694564,20260901
relevance_x_stability_minus_stability,B2_feature,all,micro,ap_target_other,0.3665164156482394,0.3495551197087756,0.3836664269291222,462,1449,1052,2147,,5000,5000,1.0,3021694564,20260901
relevance_x_stability_minus_stability,B2_feature,all,macro_class,target_hit,0.5173877834324649,0.4932851497150624,0.5417317206868955,1449,1449,2147,2147,20,5000,5000,1.0,3021694564,20260901
relevance_x_stability_minus_stability,B2_feature,all,macro_class,target_tail_enrich_05,3.3342299881329787,3.148101019893244,3.522680678827239,1441,1449,2031,2147,20,5000,5000,1.0,3021694564,20260901
relevance_x_stability_minus_stability,B2_feature,all,macro_class,target_tail_enrich_10,2.5917546802224853,2.4700175861213833,2.7101904550375937,1441,1449,2031,2147,20,5000,5000,1.0,3021694564,20260901
relevance_x_stability_minus_stability,B2_feature,all,macro_class,bg_tail_enrich_05,-0.5185875696449409,-0.5510950667864186,-0.4806758703687553,1432,1449,2120,2147,20,5000,5000,1.0,3021694564,20260901
relevance_x_stability_minus_stability,B2_feature,all,macro_class,auc_target_bg,0.42716477972251027,0.4175913417388533,0.4370795278326493,1424,1449,2004,2147,20,5000,5000,1.0,3021694564,20260901
relevance_x_stability_minus_stability,B2_feature,all,macro_class,auc_target_other,0.4455823973012536,0.4172016725323256,0.4736419270344269,462,1449,1052,2147,20,5000,5000,1.0,3021694564,20260901
relevance_x_stability_minus_stability,B2_feature,all,macro_class,ap_target_bg,0.333488948726926,0.32331943744265573,0.3436938508177361,1424,1449,2004,2147,20,5000,5000,1.0,3021694564,20260901
relevance_x_stability_minus_stability,B2_feature,all,macro_class,ap_target_other,0.3490064868468171,0.31655311300608285,0.3808713053260412,462,1449,1052,2147,20,5000,5000,1.0,3021694564,20260901
relevance_x_stability_minus_stability,B2_feature,single_label,micro,target_hit,0.5242718446601942,0.4919093851132686,0.5577400215749726,927,927,927,927,,5000,5000,1.0,3021694564,20260901
relevance_x_stability_minus_stability,B2_feature,single_label,micro,target_tail_enrich_05,2.0665296313235935,1.9279604158384427,2.212154885815239,921,927,921,927,,5000,5000,1.0,3021694564,20260901
relevance_x_stability_minus_stability,B2_feature,single_label,micro,target_tail_enrich_10,1.7267268647968188,1.6226507104006207,1.8352517463599927,921,927,921,927,,5000,5000,1.0,3021694564,20260901
relevance_x_stability_minus_stability,B2_feature,single_label,micro,bg_tail_enrich_05,-0.695471722263892,-0.7206975609088414,-0.6692712505833193,918,927,918,927,,5000,5000,1.0,3021694564,20260901
relevance_x_stability_minus_stability,B2_feature,single_label,micro,auc_target_bg,0.3771983534207066,0.3664901660337008,0.3883443255901192,912,927,912,927,,5000,5000,1.0,3021694564,20260901
relevance_x_stability_minus_stability,B2_feature,single_label,micro,ap_target_bg,0.3049708899188493,0.29276513798880427,0.3172705655101139,912,927,912,927,,5000,5000,1.0,3021694564,20260901
relevance_x_stability_minus_stability,B2_feature,single_label,macro_class,target_hit,0.5165037293619134,0.4706092988645377,0.5603932626269665,927,927,927,927,20,5000,5000,1.0,3021694564,20260901
relevance_x_stability_minus_stability,B2_feature,single_label,macro_class,target_tail_enrich_05,2.1629586345990814,1.9704385252161798,2.3599402787815364,921,927,921,927,20,5000,5000,1.0,3021694564,20260901
relevance_x_stability_minus_stability,B2_feature,single_label,macro_class,target_tail_enrich_10,1.8271361668032617,1.6714004420418673,1.9850664365571822,921,927,921,927,20,5000,5000,1.0,3021694564,20260901
relevance_x_stability_minus_stability,B2_feature,single_label,macro_class,bg_tail_enrich_05,-0.7192277617100563,-0.755227438732998,-0.6838529447189691,918,927,918,927,20,5000,5000,1.0,3021694564,20260901
relevance_x_stability_minus_stability,B2_feature,single_label,macro_class,auc_target_bg,0.3867330823410881,0.3681828476282259,0.40430269548895076,912,927,912,927,20,5000,5000,1.0,3021694564,20260901
relevance_x_stability_minus_stability,B2_feature,single_label,macro_class,ap_target_bg,0.31197288662227596,0.29171429726556625,0.33226737590193234,912,927,912,927,20,5000,5000,1.0,3021694564,20260901
relevance_x_stability_minus_stability,B2_feature,exactly_2_labels,micro,target_hit,0.5266666666666666,0.48933333333333334,0.564,375,375,750,750,,5000,5000,1.0,3021694564,20260901
relevance_x_stability_minus_stability,B2_feature,exactly_2_labels,micro,target_tail_enrich_05,4.096060810547454,3.8100347084949275,4.36954490023441,373,375,695,750,,5000,5000,1.0,3021694564,20260901
relevance_x_stability_minus_stability,B2_feature,exactly_2_labels,micro,target_tail_enrich_10,3.168746653076094,2.9929124487598457,3.341554096147047,373,375,695,750,,5000,5000,1.0,3021694564,20260901
relevance_x_stability_minus_stability,B2_feature,exactly_2_labels,micro,bg_tail_enrich_05,-0.43137682642097713,-0.49511113471378937,-0.35602470694611327,369,375,738,750,,5000,5000,1.0,3021694564,20260901
relevance_x_stability_minus_stability,B2_feature,exactly_2_labels,micro,auc_target_bg,0.4877588377273765,0.472117589317867,0.5027122908848766,367,375,683,750,,5000,5000,1.0,3021694564,20260901
relevance_x_stability_minus_stability,B2_feature,exactly_2_labels,micro,auc_target_other,0.4727644862740647,0.4534851497329299,0.491592702427846,322,375,644,750,,5000,5000,1.0,3021694564,20260901
relevance_x_stability_minus_stability,B2_feature,exactly_2_labels,micro,ap_target_bg,0.3649900724793244,0.34675174001112896,0.38266715004812313,367,375,683,750,,5000,5000,1.0,3021694564,20260901
relevance_x_stability_minus_stability,B2_feature,exactly_2_labels,micro,ap_target_other,0.3372623664604705,0.31770538360426287,0.3566940862803337,322,375,644,750,,5000,5000,1.0,3021694564,20260901
relevance_x_stability_minus_stability,B2_feature,exactly_2_labels,macro_class,target_hit,0.5120728347739217,0.45792132058185,0.5635468821722645,375,375,750,750,20,5000,5000,1.0,3021694564,20260901
relevance_x_stability_minus_stability,B2_feature,exactly_2_labels,macro_class,target_tail_enrich_05,3.9869201606606586,3.547917679572458,4.512074372609953,373,375,695,750,20,5000,5000,1.0,3021694564,20260901
relevance_x_stability_minus_stability,B2_feature,exactly_2_labels,macro_class,target_tail_enrich_10,3.001475980784612,2.711547223836752,3.319243664062453,373,375,695,750,20,5000,5000,1.0,3021694564,20260901
relevance_x_stability_minus_stability,B2_feature,exactly_2_labels,macro_class,bg_tail_enrich_05,-0.4247295942363819,-0.5337287274630441,-0.2935021209902821,369,375,738,750,20,5000,5000,1.0,3021694564,20260901
relevance_x_stability_minus_stability,B2_feature,exactly_2_labels,macro_class,auc_target_bg,0.45184420613588844,0.4287681004848588,0.47776798722630703,367,375,683,750,20,5000,5000,1.0,3021694564,20260901
relevance_x_stability_minus_stability,B2_feature,exactly_2_labels,macro_class,auc_target_other,0.4228638364776377,0.39273964081689167,0.4525912064288227,322,375,644,750,20,5000,5000,1.0,3021694564,20260901
relevance_x_stability_minus_stability,B2_feature,exactly_2_labels,macro_class,ap_target_bg,0.35518810644829896,0.33116015350414174,0.3814258397580893,367,375,683,750,20,5000,5000,1.0,3021694564,20260901
relevance_x_stability_minus_stability,B2_feature,exactly_2_labels,macro_class,ap_target_other,0.31943912260178264,0.2842636451981983,0.3555975018466329,322,375,644,750,20,5000,5000,1.0,3021694564,20260901
relevance_x_stability_minus_stability,B2_feature,3plus_labels,micro,target_hit,0.5234042553191489,0.48016072508352936,0.5660377358490566,147,147,470,470,,5000,5000,1.0,3021694564,20260901
relevance_x_stability_minus_stability,B2_feature,3plus_labels,micro,target_tail_enrich_05,5.216929485977597,4.740070321524829,5.7058637085606,147,147,415,470,,5000,5000,1.0,3021694564,20260901
relevance_x_stability_minus_stability,B2_feature,3plus_labels,micro,target_tail_enrich_10,3.8664375291224697,3.5582172973998585,4.171232161975419,147,147,415,470,,5000,5000,1.0,3021694564,20260901
relevance_x_stability_minus_stability,B2_feature,3plus_labels,micro,bg_tail_enrich_05,-0.28528144703424335,-0.37225818594360854,-0.19458946554336487,145,147,464,470,,5000,5000,1.0,3021694564,20260901
relevance_x_stability_minus_stability,B2_feature,3plus_labels,micro,auc_target_bg,0.5173347949164449,0.4915189419947856,0.5423208518827569,145,147,409,470,,5000,5000,1.0,3021694564,20260901
relevance_x_stability_minus_stability,B2_feature,3plus_labels,micro,auc_target_other,0.513541743252779,0.48707237678905657,0.5396533945590597,140,147,408,470,,5000,5000,1.0,3021694564,20260901
relevance_x_stability_minus_stability,B2_feature,3plus_labels,micro,ap_target_bg,0.38444165934168306,0.35761181307649165,0.4118840573925256,145,147,409,470,,5000,5000,1.0,3021694564,20260901
relevance_x_stability_minus_stability,B2_feature,3plus_labels,micro,ap_target_other,0.4126919246603064,0.3816445285727905,0.4434367826972548,140,147,408,470,,5000,5000,1.0,3021694564,20260901
relevance_x_stability_minus_stability,B2_feature,3plus_labels,macro_class,target_hit,0.46329040533084653,0.4065940137195844,0.5408909829563614,147,147,470,470,20,5000,5000,1.0,3021694564,20260901
relevance_x_stability_minus_stability,B2_feature,3plus_labels,macro_class,target_tail_enrich_05,5.621358074435058,4.814878705080887,6.351105989541594,147,147,415,470,19,5000,5000,1.0,3021694564,20260901
relevance_x_stability_minus_stability,B2_feature,3plus_labels,macro_class,target_tail_enrich_10,4.210976830505875,3.707233298819221,4.688189612075648,147,147,415,470,19,5000,5000,1.0,3021694564,20260901
relevance_x_stability_minus_stability,B2_feature,3plus_labels,macro_class,bg_tail_enrich_05,-0.19652338333233227,-0.3897394044999263,0.08422120632210389,145,147,464,470,20,5000,5000,1.0,3021694564,20260901
relevance_x_stability_minus_stability,B2_feature,3plus_labels,macro_class,auc_target_bg,0.5163949468030811,0.47375415135730364,0.5536425168186566,145,147,409,470,19,5000,5000,1.0,3021694564,20260901
relevance_x_stability_minus_stability,B2_feature,3plus_labels,macro_class,auc_target_other,0.488058283475702,0.4528554042316406,0.5372743971871373,140,147,408,470,19,5000,5000,1.0,3021694564,20260901
relevance_x_stability_minus_stability,B2_feature,3plus_labels,macro_class,ap_target_bg,0.39351665728034124,0.343211081531298,0.43545235356036516,145,147,409,470,19,5000,5000,1.0,3021694564,20260901
relevance_x_stability_minus_stability,B2_feature,3plus_labels,macro_class,ap_target_other,0.3962330030184191,0.35492774181857467,0.46158598964522085,140,147,408,470,19,5000,5000,1.0,3021694564,20260901
relevance_x_stability_minus_relevance,B3_spatial_feature,all,micro,target_hit,-0.08523521192361434,-0.1014099867102091,-0.07030076401982643,1449,1449,2147,2147,,5000,5000,1.0,3021694564,20260901
relevance_x_stability_minus_relevance,B3_spatial_feature,all,micro,target_tail_enrich_05,-2.10962606729829,-2.3002955922548383,-1.9340894654270742,1441,1449,2031,2147,,5000,5000,1.0,3021694564,20260901
relevance_x_stability_minus_relevance,B3_spatial_feature,all,micro,target_tail_enrich_10,-1.2806725854360965,-1.3760990652507636,-1.1880357756110445,1441,1449,2031,2147,,5000,5000,1.0,3021694564,20260901
relevance_x_stability_minus_relevance,B3_spatial_feature,all,micro,bg_tail_enrich_05,0.15879123714418497,0.14445079893217144,0.17156221208005423,1432,1449,2120,2147,,5000,5000,1.0,3021694564,20260901
relevance_x_stability_minus_relevance,B3_spatial_feature,all,micro,auc_target_bg,-0.07909188770545285,-0.08331973387259382,-0.07505315833642846,1424,1449,2004,2147,,5000,5000,1.0,3021694564,20260901
relevance_x_stability_minus_relevance,B3_spatial_feature,all,micro,auc_target_other,-0.028886448910739247,-0.03489172745295798,-0.023955810047765595,462,1449,1052,2147,,5000,5000,1.0,3021694564,20260901
relevance_x_stability_minus_relevance,B3_spatial_feature,all,micro,ap_target_bg,-0.1828794412172239,-0.19317912343174318,-0.17272009848331898,1424,1449,2004,2147,,5000,5000,1.0,3021694564,20260901
relevance_x_stability_minus_relevance,B3_spatial_feature,all,micro,ap_target_other,-0.05743523150878182,-0.06515494537042388,-0.04993778507055113,462,1449,1052,2147,,5000,5000,1.0,3021694564,20260901
relevance_x_stability_minus_relevance,B3_spatial_feature,all,macro_class,target_hit,-0.08217279206836933,-0.09891339877312953,-0.06594404092861608,1449,1449,2147,2147,20,5000,5000,1.0,3021694564,20260901
relevance_x_stability_minus_relevance,B3_spatial_feature,all,macro_class,target_tail_enrich_05,-2.0587550748424137,-2.248608440047265,-1.8766631103580176,1441,1449,2031,2147,20,5000,5000,1.0,3021694564,20260901
relevance_x_stability_minus_relevance,B3_spatial_feature,all,macro_class,target_tail_enrich_10,-1.269420733373138,-1.3656104885932892,-1.1765196749810811,1441,1449,2031,2147,20,5000,5000,1.0,3021694564,20260901
relevance_x_stability_minus_relevance,B3_spatial_feature,all,macro_class,bg_tail_enrich_05,0.15501227597268857,0.14437058417830387,0.16521219711820437,1432,1449,2120,2147,20,5000,5000,1.0,3021694564,20260901
relevance_x_stability_minus_relevance,B3_spatial_feature,all,macro_class,auc_target_bg,-0.0794876027839321,-0.08334671798141745,-0.07573675170521325,1424,1449,2004,2147,20,5000,5000,1.0,3021694564,20260901
relevance_x_stability_minus_relevance,B3_spatial_feature,all,macro_class,auc_target_other,-0.022800618323737917,-0.029104528836715785,-0.01766328645167573,462,1449,1052,2147,20,5000,5000,1.0,3021694564,20260901
relevance_x_stability_minus_relevance,B3_spatial_feature,all,macro_class,ap_target_bg,-0.18052662885580786,-0.18994749191665058,-0.1709010656543024,1424,1449,2004,2147,20,5000,5000,1.0,3021694564,20260901
relevance_x_stability_minus_relevance,B3_spatial_feature,all,macro_class,ap_target_other,-0.03863330039356647,-0.04575925745451928,-0.0319816855955917,462,1449,1052,2147,20,5000,5000,1.0,3021694564,20260901
relevance_x_stability_minus_relevance,B3_spatial_feature,single_label,micro,target_hit,-0.07119741100323625,-0.09169363538295577,-0.05070118662351672,927,927,927,927,,5000,5000,1.0,3021694564,20260901
relevance_x_stability_minus_relevance,B3_spatial_feature,single_label,micro,target_tail_enrich_05,-1.9327005110970004,-2.1843056568852885,-1.696044766985173,921,927,921,927,,5000,5000,1.0,3021694564,20260901
relevance_x_stability_minus_relevance,B3_spatial_feature,single_label,micro,target_tail_enrich_10,-1.3539743097233254,-1.4936001355523385,-1.2236326754558977,921,927,921,927,,5000,5000,1.0,3021694564,20260901
relevance_x_stability_minus_relevance,B3_spatial_feature,single_label,micro,bg_tail_enrich_05,0.17466643441726118,0.15935893531662707,0.19043321175480496,918,927,918,927,,5000,5000,1.0,3021694564,20260901
relevance_x_stability_minus_relevance,B3_spatial_feature,single_label,micro,auc_target_bg,-0.10391240302065273,-0.11052152114755495,-0.0975926493818258,912,927,912,927,,5000,5000,1.0,3021694564,20260901
relevance_x_stability_minus_relevance,B3_spatial_feature,single_label,micro,ap_target_bg,-0.20395301206020294,-0.21812717595593473,-0.19067771341966505,912,927,912,927,,5000,5000,1.0,3021694564,20260901
relevance_x_stability_minus_relevance,B3_spatial_feature,single_label,macro_class,target_hit,-0.0680665486914916,-0.0925946277008701,-0.04534167044705004,927,927,927,927,20,5000,5000,1.0,3021694564,20260901
relevance_x_stability_minus_relevance,B3_spatial_feature,single_label,macro_class,target_tail_enrich_05,-1.7197198047363087,-1.9855640901196938,-1.482013275609118,921,927,921,927,20,5000,5000,1.0,3021694564,20260901
relevance_x_stability_minus_relevance,B3_spatial_feature,single_label,macro_class,target_tail_enrich_10,-1.1585588422542326,-1.286601026893175,-1.0376867452086709,921,927,921,927,20,5000,5000,1.0,3021694564,20260901
relevance_x_stability_minus_relevance,B3_spatial_feature,single_label,macro_class,bg_tail_enrich_05,0.15516544430105536,0.14108736055324264,0.1699162031330992,918,927,918,927,20,5000,5000,1.0,3021694564,20260901
relevance_x_stability_minus_relevance,B3_spatial_feature,single_label,macro_class,auc_target_bg,-0.08680409900973506,-0.09199223599759417,-0.08187290955749787,912,927,912,927,20,5000,5000,1.0,3021694564,20260901
relevance_x_stability_minus_relevance,B3_spatial_feature,single_label,macro_class,ap_target_bg,-0.1764616600932373,-0.1895146885074298,-0.1641392523623539,912,927,912,927,20,5000,5000,1.0,3021694564,20260901
relevance_x_stability_minus_relevance,B3_spatial_feature,exactly_2_labels,micro,target_hit,-0.10266666666666667,-0.132,-0.07466666666666667,375,375,750,750,,5000,5000,1.0,3021694564,20260901
relevance_x_stability_minus_relevance,B3_spatial_feature,exactly_2_labels,micro,target_tail_enrich_05,-2.3432794213771975,-2.676280035023288,-2.016349817924409,373,375,695,750,,5000,5000,1.0,3021694564,20260901
relevance_x_stability_minus_relevance,B3_spatial_feature,exactly_2_labels,micro,target_tail_enrich_10,-1.3142757768502649,-1.4760631654634044,-1.1625964152407577,373,375,695,750,,5000,5000,1.0,3021694564,20260901
relevance_x_stability_minus_relevance,B3_spatial_feature,exactly_2_labels,micro,bg_tail_enrich_05,0.156202350701087,0.12433190347862937,0.18512293523979123,369,375,738,750,,5000,5000,1.0,3021694564,20260901
relevance_x_stability_minus_relevance,B3_spatial_feature,exactly_2_labels,micro,auc_target_bg,-0.06664681942991134,-0.07349123574754819,-0.060315742654041216,367,375,683,750,,5000,5000,1.0,3021694564,20260901
relevance_x_stability_minus_relevance,B3_spatial_feature,exactly_2_labels,micro,auc_target_other,-0.03492249185900168,-0.043698134923191516,-0.027421892479925245,322,375,644,750,,5000,5000,1.0,3021694564,20260901
relevance_x_stability_minus_relevance,B3_spatial_feature,exactly_2_labels,micro,ap_target_bg,-0.17788764381282685,-0.19563470367114233,-0.16035039348955493,367,375,683,750,,5000,5000,1.0,3021694564,20260901
relevance_x_stability_minus_relevance,B3_spatial_feature,exactly_2_labels,micro,ap_target_other,-0.06038143384026892,-0.07006473923819974,-0.050571799412181005,322,375,644,750,,5000,5000,1.0,3021694564,20260901
relevance_x_stability_minus_relevance,B3_spatial_feature,exactly_2_labels,macro_class,target_hit,-0.10050860612817133,-0.13954597009399938,-0.0650338663431407,375,375,750,750,20,5000,5000,1.0,3021694564,20260901
relevance_x_stability_minus_relevance,B3_spatial_feature,exactly_2_labels,macro_class,target_tail_enrich_05,-2.071049236736809,-2.4231456560662137,-1.7339751688508025,373,375,695,750,20,5000,5000,1.0,3021694564,20260901
relevance_x_stability_minus_relevance,B3_spatial_feature,exactly_2_labels,macro_class,target_tail_enrich_10,-1.2232519007492173,-1.4091072483491458,-1.04140622479697,373,375,695,750,20,5000,5000,1.0,3021694564,20260901
relevance_x_stability_minus_relevance,B3_spatial_feature,exactly_2_labels,macro_class,bg_tail_enrich_05,0.16698653941786196,0.12831928858959096,0.20820482743187527,369,375,738,750,20,5000,5000,1.0,3021694564,20260901
relevance_x_stability_minus_relevance,B3_spatial_feature,exactly_2_labels,macro_class,auc_target_bg,-0.07063367956643465,-0.08014086813737234,-0.06024032281310126,367,375,683,750,20,5000,5000,1.0,3021694564,20260901
relevance_x_stability_minus_relevance,B3_spatial_feature,exactly_2_labels,macro_class,auc_target_other,-0.027621674088779004,-0.03577832852157343,-0.020718751329335088,322,375,644,750,20,5000,5000,1.0,3021694564,20260901
relevance_x_stability_minus_relevance,B3_spatial_feature,exactly_2_labels,macro_class,ap_target_bg,-0.1758570680631025,-0.1965259769514921,-0.15562112201923833,367,375,683,750,20,5000,5000,1.0,3021694564,20260901
relevance_x_stability_minus_relevance,B3_spatial_feature,exactly_2_labels,macro_class,ap_target_other,-0.04068350501602343,-0.05001556127976013,-0.03206233982433492,322,375,644,750,20,5000,5000,1.0,3021694564,20260901
relevance_x_stability_minus_relevance,B3_spatial_feature,3plus_labels,micro,target_hit,-0.0851063829787234,-0.12236831359738669,-0.05084745762711865,147,147,470,470,,5000,5000,1.0,3021694564,20260901
relevance_x_stability_minus_relevance,B3_spatial_feature,3plus_labels,micro,target_tail_enrich_05,-2.1109739135068404,-2.55688326509857,-1.6991427634283536,147,147,415,470,,5000,5000,1.0,3021694564,20260901
relevance_x_stability_minus_relevance,B3_spatial_feature,3plus_labels,micro,target_tail_enrich_10,-1.0617205225411899,-1.2698142255576974,-0.8687482879170957,147,147,415,470,,5000,5000,1.0,3021694564,20260901
relevance_x_stability_minus_relevance,B3_spatial_feature,3plus_labels,micro,bg_tail_enrich_05,0.13150064899401712,0.11241714414792466,0.15120157928250857,145,147,464,470,,5000,5000,1.0,3021694564,20260901
relevance_x_stability_minus_relevance,B3_spatial_feature,3plus_labels,micro,auc_target_bg,-0.044528737741473264,-0.05097110824422064,-0.038715533789453804,145,147,409,470,,5000,5000,1.0,3021694564,20260901
relevance_x_stability_minus_relevance,B3_spatial_feature,3plus_labels,micro,auc_target_other,-0.019358969355148546,-0.024027687754957835,-0.014936327623612675,140,147,408,470,,5000,5000,1.0,3021694564,20260901
relevance_x_stability_minus_relevance,B3_spatial_feature,3plus_labels,micro,ap_target_bg,-0.1442249204798318,-0.16809052424500107,-0.1219951236659464,145,147,409,470,,5000,5000,1.0,3021694564,20260901
relevance_x_stability_minus_relevance,B3_spatial_feature,3plus_labels,micro,ap_target_other,-0.05278485331888554,-0.06509555325389303,-0.0408891146879453,140,147,408,470,,5000,5000,1.0,3021694564,20260901
relevance_x_stability_minus_relevance,B3_spatial_feature,3plus_labels,macro_class,target_hit,-0.09137819434694436,-0.1473267373857782,-0.03748467885834235,147,147,470,470,20,5000,5000,1.0,3021694564,20260901
relevance_x_stability_minus_relevance,B3_spatial_feature,3plus_labels,macro_class,target_tail_enrich_05,-2.186428139958844,-2.7204946591760377,-1.6745277128742593,147,147,415,470,19,5000,5000,1.0,3021694564,20260901
relevance_x_stability_minus_relevance,B3_spatial_feature,3plus_labels,macro_class,target_tail_enrich_10,-1.2546617494525356,-1.4940939134590197,-0.8830010310469892,147,147,415,470,19,5000,5000,1.0,3021694564,20260901
relevance_x_stability_minus_relevance,B3_spatial_feature,3plus_labels,macro_class,bg_tail_enrich_05,0.14924659339630791,0.10390021049189835,0.17652859654034578,145,147,464,470,20,5000,5000,1.0,3021694564,20260901
relevance_x_stability_minus_relevance,B3_spatial_feature,3plus_labels,macro_class,auc_target_bg,-0.05415805056027506,-0.06342754713528151,-0.03903487939205003,145,147,409,470,19,5000,5000,1.0,3021694564,20260901
relevance_x_stability_minus_relevance,B3_spatial_feature,3plus_labels,macro_class,auc_target_other,-0.013016483276698194,-0.019154832530702902,-0.00749697049502907,140,147,408,470,19,5000,5000,1.0,3021694564,20260901
relevance_x_stability_minus_relevance,B3_spatial_feature,3plus_labels,macro_class,ap_target_bg,-0.17265014904133932,-0.20297487571032416,-0.1296178964019397,145,147,409,470,19,5000,5000,1.0,3021694564,20260901
relevance_x_stability_minus_relevance,B3_spatial_feature,3plus_labels,macro_class,ap_target_other,-0.03293112538363551,-0.048050368852686966,-0.020055769174819965,140,147,408,470,19,5000,5000,1.0,3021694564,20260901
relevance_x_stability_minus_stability,B3_spatial_feature,all,micro,target_hit,0.5263157894736842,0.5034196618748722,0.5485212569316081,1449,1449,2147,2147,,5000,5000,1.0,3021694564,20260901
relevance_x_stability_minus_stability,B3_spatial_feature,all,micro,target_tail_enrich_05,3.43546602522727,3.2635718679370203,3.613764177111736,1441,1449,2031,2147,,5000,5000,1.0,3021694564,20260901
relevance_x_stability_minus_stability,B3_spatial_feature,all,micro,target_tail_enrich_10,2.678340382106584,2.5641170276146275,2.792387826664596,1441,1449,2031,2147,,5000,5000,1.0,3021694564,20260901
relevance_x_stability_minus_stability,B3_spatial_feature,all,micro,bg_tail_enrich_05,-0.5113959346433842,-0.5440798660879828,-0.4755280856619171,1432,1449,2120,2147,,5000,5000,1.0,3021694564,20260901
relevance_x_stability_minus_stability,B3_spatial_feature,all,micro,auc_target_bg,0.4421280923527561,0.43290556875075825,0.45159005296821647,1424,1449,2004,2147,,5000,5000,1.0,3021694564,20260901
relevance_x_stability_minus_stability,B3_spatial_feature,all,micro,auc_target_other,0.4880120258489597,0.4719334447757571,0.504008361033049,462,1449,1052,2147,,5000,5000,1.0,3021694564,20260901
relevance_x_stability_minus_stability,B3_spatial_feature,all,micro,ap_target_bg,0.34349172748103635,0.3335921679949518,0.35339963114125533,1424,1449,2004,2147,,5000,5000,1.0,3021694564,20260901
relevance_x_stability_minus_stability,B3_spatial_feature,all,micro,ap_target_other,0.36780599069847125,0.350874534940126,0.3848084746801715,462,1449,1052,2147,,5000,5000,1.0,3021694564,20260901
relevance_x_stability_minus_stability,B3_spatial_feature,all,macro_class,target_hit,0.52153563804985,0.4970215119554265,0.545835856488888,1449,1449,2147,2147,20,5000,5000,1.0,3021694564,20260901
relevance_x_stability_minus_stability,B3_spatial_feature,all,macro_class,target_tail_enrich_05,3.3667145281910984,3.179916935484863,3.556897903094749,1441,1449,2031,2147,20,5000,5000,1.0,3021694564,20260901
relevance_x_stability_minus_stability,B3_spatial_feature,all,macro_class,target_tail_enrich_10,2.609004237104487,2.488544644118899,2.7284689792043006,1441,1449,2031,2147,20,5000,5000,1.0,3021694564,20260901
relevance_x_stability_minus_stability,B3_spatial_feature,all,macro_class,bg_tail_enrich_05,-0.5194258171799007,-0.5520219110508088,-0.4813781319823583,1432,1449,2120,2147,20,5000,5000,1.0,3021694564,20260901
relevance_x_stability_minus_stability,B3_spatial_feature,all,macro_class,auc_target_bg,0.42565614494376797,0.4161156600616999,0.4356081173030522,1424,1449,2004,2147,20,5000,5000,1.0,3021694564,20260901
relevance_x_stability_minus_stability,B3_spatial_feature,all,macro_class,auc_target_other,0.4448435145071188,0.4164846444032314,0.47258486240907555,462,1449,1052,2147,20,5000,5000,1.0,3021694564,20260901
relevance_x_stability_minus_stability,B3_spatial_feature,all,macro_class,ap_target_bg,0.33494049846333596,0.32474570189663216,0.345141062570597,1424,1449,2004,2147,20,5000,5000,1.0,3021694564,20260901
relevance_x_stability_minus_stability,B3_spatial_feature,all,macro_class,ap_target_other,0.3491840815571125,0.31708067320300315,0.3810458007106164,462,1449,1052,2147,20,5000,5000,1.0,3021694564,20260901
relevance_x_stability_minus_stability,B3_spatial_feature,single_label,micro,target_hit,0.5339805825242718,0.5005393743257821,0.5663700107874862,927,927,927,927,,5000,5000,1.0,3021694564,20260901
relevance_x_stability_minus_stability,B3_spatial_feature,single_label,micro,target_tail_enrich_05,2.0940337075353037,1.9555624731664796,2.2401522649514893,921,927,921,927,,5000,5000,1.0,3021694564,20260901
relevance_x_stability_minus_stability,B3_spatial_feature,single_label,micro,target_tail_enrich_10,1.7515725953338392,1.6462165024926567,1.863033892537198,921,927,921,927,,5000,5000,1.0,3021694564,20260901
relevance_x_stability_minus_stability,B3_spatial_feature,single_label,micro,bg_tail_enrich_05,-0.7005736251940633,-0.7258260777837481,-0.6744583772596131,918,927,918,927,,5000,5000,1.0,3021694564,20260901
relevance_x_stability_minus_stability,B3_spatial_feature,single_label,micro,auc_target_bg,0.3764973324205849,0.36579025832445294,0.38762534335799836,912,927,912,927,,5000,5000,1.0,3021694564,20260901
relevance_x_stability_minus_stability,B3_spatial_feature,single_label,micro,ap_target_bg,0.30686552108150417,0.2946756586575372,0.3190927347743371,912,927,912,927,,5000,5000,1.0,3021694564,20260901
relevance_x_stability_minus_stability,B3_spatial_feature,single_label,macro_class,target_hit,0.5273720884720198,0.4820312548538895,0.5716532590872115,927,927,927,927,20,5000,5000,1.0,3021694564,20260901
relevance_x_stability_minus_stability,B3_spatial_feature,single_label,macro_class,target_tail_enrich_05,2.1907142698076614,2.0012452296479553,2.38803363119921,921,927,921,927,20,5000,5000,1.0,3021694564,20260901
relevance_x_stability_minus_stability,B3_spatial_feature,single_label,macro_class,target_tail_enrich_10,1.853584883767026,1.6977642334101302,2.0116609055583976,921,927,921,927,20,5000,5000,1.0,3021694564,20260901
relevance_x_stability_minus_stability,B3_spatial_feature,single_label,macro_class,bg_tail_enrich_05,-0.7226605131788881,-0.7575756574338326,-0.6891780618091444,918,927,918,927,20,5000,5000,1.0,3021694564,20260901
relevance_x_stability_minus_stability,B3_spatial_feature,single_label,macro_class,auc_target_bg,0.38595121784114556,0.3675810181072087,0.4035177309831105,912,927,912,927,20,5000,5000,1.0,3021694564,20260901
relevance_x_stability_minus_stability,B3_spatial_feature,single_label,macro_class,ap_target_bg,0.31320157237963075,0.2928190051145537,0.3334214879292911,912,927,912,927,20,5000,5000,1.0,3021694564,20260901
relevance_x_stability_minus_stability,B3_spatial_feature,exactly_2_labels,micro,target_hit,0.54,0.5,0.5786666666666667,375,375,750,750,,5000,5000,1.0,3021694564,20260901
relevance_x_stability_minus_stability,B3_spatial_feature,exactly_2_labels,micro,target_tail_enrich_05,4.120593801944464,3.832698713599143,4.404055779927781,373,375,695,750,,5000,5000,1.0,3021694564,20260901
relevance_x_stability_minus_stability,B3_spatial_feature,exactly_2_labels,micro,target_tail_enrich_10,3.210109905218472,3.036137398369047,3.3811949943080823,373,375,695,750,,5000,5000,1.0,3021694564,20260901
relevance_x_stability_minus_stability,B3_spatial_feature,exactly_2_labels,micro,bg_tail_enrich_05,-0.4253231367181484,-0.4889565290982895,-0.3495013623923341,369,375,738,750,,5000,5000,1.0,3021694564,20260901
relevance_x_stability_minus_stability,B3_spatial_feature,exactly_2_labels,micro,auc_target_bg,0.48628877076932103,0.47070024198783283,0.5012716603488155,367,375,683,750,,5000,5000,1.0,3021694564,20260901
relevance_x_stability_minus_stability,B3_spatial_feature,exactly_2_labels,micro,auc_target_other,0.4726359147824676,0.45333724162577077,0.4913932893091885,322,375,644,750,,5000,5000,1.0,3021694564,20260901
relevance_x_stability_minus_stability,B3_spatial_feature,exactly_2_labels,micro,ap_target_bg,0.36757816878660965,0.3493522545363075,0.38508004011363417,367,375,683,750,,5000,5000,1.0,3021694564,20260901
relevance_x_stability_minus_stability,B3_spatial_feature,exactly_2_labels,micro,ap_target_other,0.33835232295238055,0.31883488931642545,0.358033405976544,322,375,644,750,,5000,5000,1.0,3021694564,20260901
relevance_x_stability_minus_stability,B3_spatial_feature,exactly_2_labels,macro_class,target_hit,0.5459404225002051,0.49596190006563406,0.5932590039196736,375,375,750,750,20,5000,5000,1.0,3021694564,20260901
relevance_x_stability_minus_stability,B3_spatial_feature,exactly_2_labels,macro_class,target_tail_enrich_05,4.008273414382959,3.548546451015276,4.553446826628475,373,375,695,750,20,5000,5000,1.0,3021694564,20260901
relevance_x_stability_minus_stability,B3_spatial_feature,exactly_2_labels,macro_class,target_tail_enrich_10,3.061409340465164,2.7830218806243927,3.368534625350652,373,375,695,750,20,5000,5000,1.0,3021694564,20260901
relevance_x_stability_minus_stability,B3_spatial_feature,exactly_2_labels,macro_class,bg_tail_enrich_05,-0.4380679140288078,-0.5384159312901274,-0.31969606561461233,369,375,738,750,20,5000,5000,1.0,3021694564,20260901
relevance_x_stability_minus_stability,B3_spatial_feature,exactly_2_labels,macro_class,auc_target_bg,0.4501418322150255,0.4269230244099262,0.4763161198028984,367,375,683,750,20,5000,5000,1.0,3021694564,20260901
relevance_x_stability_minus_stability,B3_spatial_feature,exactly_2_labels,macro_class,auc_target_other,0.4231182802490966,0.3932790913038379,0.4525705683904625,322,375,644,750,20,5000,5000,1.0,3021694564,20260901
relevance_x_stability_minus_stability,B3_spatial_feature,exactly_2_labels,macro_class,ap_target_bg,0.35673134310343235,0.332573191035809,0.38282785663378294,367,375,683,750,20,5000,5000,1.0,3021694564,20260901
relevance_x_stability_minus_stability,B3_spatial_feature,exactly_2_labels,macro_class,ap_target_other,0.3196344155929978,0.28460575045883774,0.35585698851774106,322,375,644,750,20,5000,5000,1.0,3021694564,20260901
relevance_x_stability_minus_stability,B3_spatial_feature,3plus_labels,micro,target_hit,0.48936170212765956,0.4406735430451859,0.5373174278500431,147,147,470,470,,5000,5000,1.0,3021694564,20260901
relevance_x_stability_minus_stability,B3_spatial_feature,3plus_labels,micro,target_tail_enrich_05,5.265093398181126,4.785997377740181,5.752424046451896,147,147,415,470,,5000,5000,1.0,3021694564,20260901
relevance_x_stability_minus_stability,B3_spatial_feature,3plus_labels,micro,target_tail_enrich_10,3.8445411364558426,3.525934875170655,4.1597819566302565,147,147,415,470,,5000,5000,1.0,3021694564,20260901
relevance_x_stability_minus_stability,B3_spatial_feature,3plus_labels,micro,bg_tail_enrich_05,-0.27401792805566927,-0.36042161543537526,-0.18093345574561318,145,147,464,470,,5000,5000,1.0,3021694564,20260901
relevance_x_stability_minus_stability,B3_spatial_feature,3plus_labels,micro,auc_target_bg,0.5147283605670038,0.48886126846224726,0.5398175162611466,145,147,409,470,,5000,5000,1.0,3021694564,20260901
relevance_x_stability_minus_stability,B3_spatial_feature,3plus_labels,micro,auc_target_other,0.5122821619441082,0.48576743757025553,0.5386494071215574,140,147,408,470,,5000,5000,1.0,3021694564,20260901
relevance_x_stability_minus_stability,B3_spatial_feature,3plus_labels,micro,ap_target_bg,0.384939308959438,0.35815104688786736,0.4125037967266119,145,147,409,470,,5000,5000,1.0,3021694564,20260901
relevance_x_stability_minus_stability,B3_spatial_feature,3plus_labels,micro,ap_target_other,0.4142965839055366,0.3834568413857767,0.44460191551413436,140,147,408,470,,5000,5000,1.0,3021694564,20260901
relevance_x_stability_minus_stability,B3_spatial_feature,3plus_labels,macro_class,target_hit,0.5203057796623972,0.42297793908253417,0.5865922083752918,147,147,470,470,20,5000,5000,1.0,3021694564,20260901
relevance_x_stability_minus_stability,B3_spatial_feature,3plus_labels,macro_class,target_tail_enrich_05,5.717959519487006,4.9217460772426485,6.4171991748909205,147,147,415,470,19,5000,5000,1.0,3021694564,20260901
relevance_x_stability_minus_stability,B3_spatial_feature,3plus_labels,macro_class,target_tail_enrich_10,4.142113328882536,3.6137691779076446,4.6310684905871025,147,147,415,470,19,5000,5000,1.0,3021694564,20260901
relevance_x_stability_minus_stability,B3_spatial_feature,3plus_labels,macro_class,bg_tail_enrich_05,-0.20150679602840232,-0.38526841038731335,0.07224747330395095,145,147,464,470,20,5000,5000,1.0,3021694564,20260901
relevance_x_stability_minus_stability,B3_spatial_feature,3plus_labels,macro_class,auc_target_bg,0.5128660100032747,0.47036147210775225,0.549652357097877,145,147,409,470,19,5000,5000,1.0,3021694564,20260901
relevance_x_stability_minus_stability,B3_spatial_feature,3plus_labels,macro_class,auc_target_other,0.4853571052748087,0.45035323152981255,0.5337995539482014,140,147,408,470,19,5000,5000,1.0,3021694564,20260901
relevance_x_stability_minus_stability,B3_spatial_feature,3plus_labels,macro_class,ap_target_bg,0.3963625682281576,0.3461373398187285,0.4378709628842925,145,147,409,470,19,5000,5000,1.0,3021694564,20260901
relevance_x_stability_minus_stability,B3_spatial_feature,3plus_labels,macro_class,ap_target_other,0.39681425432778666,0.3559058998539233,0.4619520761065032,140,147,408,470,19,5000,5000,1.0,3021694564,20260901
