graph,quadrant,region,metric,estimate,ci_low,ci_high,num_images,num_images_total,bootstrap_repeats,bootstrap_valid_repeats,bootstrap_seed,bootstrap_unit
B1_spatial,Q1_highR_highS,target,quadrant_fraction,0.5654179963007379,0.5460217311630697,0.5843012788518883,1449,1449,5000,5000,20260901,whole image
B1_spatial,Q1_highR_highS,other_fg,quadrant_fraction,0.0551433972235208,0.04826188500873564,0.06204631180671652,1449,1449,5000,5000,20260901,whole image
B1_spatial,Q1_highR_highS,background,quadrant_fraction,0.37874753551901463,0.3602422799262668,0.39755909629354874,1449,1449,5000,5000,20260901,whole image
B1_spatial,Q1_highR_highS,boundary_near,quadrant_fraction,0.21974023862273623,0.20951334046680256,0.23013452089505881,1449,1449,5000,5000,20260901,whole image
B1_spatial,Q2_highR_lowS,target,quadrant_fraction,0.5969156463161462,0.5812358236719705,0.6119833173746614,1449,1449,5000,5000,20260901,whole image
B1_spatial,Q2_highR_lowS,other_fg,quadrant_fraction,0.06185049116032466,0.05524343129599051,0.06847264423985819,1449,1449,5000,5000,20260901,whole image
B1_spatial,Q2_highR_lowS,background,quadrant_fraction,0.3403986176091417,0.32523974414470874,0.3560200815182777,1449,1449,5000,5000,20260901,whole image
B1_spatial,Q2_highR_lowS,boundary_near,quadrant_fraction,0.32326399186544086,0.3140618163214714,0.3322431684130852,1449,1449,5000,5000,20260901,whole image
B1_spatial,Q3_lowR_highS,target,quadrant_fraction,0.05650323048125113,0.050461445519814414,0.06293597726399709,1449,1449,5000,5000,20260901,whole image
B1_spatial,Q3_lowR_highS,other_fg,quadrant_fraction,0.2033844574602983,0.18661802653075096,0.21983202607691668,1449,1449,5000,5000,20260901,whole image
B1_spatial,Q3_lowR_highS,background,quadrant_fraction,0.7398103979228308,0.7222208340176537,0.7573125199786349,1449,1449,5000,5000,20260901,whole image
B1_spatial,Q3_lowR_highS,boundary_near,quadrant_fraction,0.13768039369603285,0.1304563972928397,0.1450343778965787,1449,1449,5000,5000,20260901,whole image
B1_spatial,Q4_lowR_lowS,target,quadrant_fraction,0.09795632940732767,0.08977981671686427,0.10650787080383926,1449,1449,5000,5000,20260901,whole image
B1_spatial,Q4_lowR_lowS,other_fg,quadrant_fraction,0.18312891389240282,0.16793325759456842,0.19806043868632967,1449,1449,5000,5000,20260901,whole image
B1_spatial,Q4_lowR_lowS,background,quadrant_fraction,0.7185415373494355,0.7021189439764367,0.7347552620350997,1449,1449,5000,5000,20260901,whole image
B1_spatial,Q4_lowR_lowS,boundary_near,quadrant_fraction,0.17912564527661448,0.17121160039721614,0.18695382777017705,1449,1449,5000,5000,20260901,whole image
B2_feature,Q1_highR_highS,target,quadrant_fraction,0.5724344058412902,0.5533338115046449,0.5912562559857606,1449,1449,5000,5000,20260901,whole image
B2_feature,Q1_highR_highS,other_fg,quadrant_fraction,0.05506298643986199,0.048228023697540146,0.06212061338810998,1449,1449,5000,5000,20260901,whole image
B2_feature,Q1_highR_highS,background,quadrant_fraction,0.3718205889432721,0.3530207210776545,0.3908054743995066,1449,1449,5000,5000,20260901,whole image
B2_feature,Q1_highR_highS,boundary_near,quadrant_fraction,0.21218807670705286,0.20226915421753183,0.22228289926757583,1449,1449,5000,5000,20260901,whole image
B2_feature,Q2_highR_lowS,target,quadrant_fraction,0.5916844937814528,0.5759326728971834,0.6068371903187444,1449,1449,5000,5000,20260901,whole image
B2_feature,Q2_highR_lowS,other_fg,quadrant_fraction,0.06255938114882219,0.05590032357894767,0.0692710828179855,1449,1449,5000,5000,20260901,whole image
B2_feature,Q2_highR_lowS,background,quadrant_fraction,0.3449102310271483,0.3296875659628539,0.3604770099080346,1449,1449,5000,5000,20260901,whole image
B2_feature,Q2_highR_lowS,boundary_near,quadrant_fraction,0.32801073917654056,0.31879652014498233,0.33705316558223836,1449,1449,5000,5000,20260901,whole image
B2_feature,Q3_lowR_highS,target,quadrant_fraction,0.05664488017429194,0.05072092073681213,0.06295540748544352,1449,1449,5000,5000,20260901,whole image
B2_feature,Q3_lowR_highS,other_fg,quadrant_fraction,0.20480064597711656,0.1878055656710498,0.22148756503219258,1449,1449,5000,5000,20260901,whole image
B2_feature,Q3_lowR_highS,background,quadrant_fraction,0.7382040617334735,0.7206116229348137,0.7558054329300737,1449,1449,5000,5000,20260901,whole image
B2_feature,Q3_lowR_highS,boundary_near,quadrant_fraction,0.13995916937093408,0.1327339898578832,0.14740565374439965,1449,1449,5000,5000,20260901,whole image
B2_feature,Q4_lowR_lowS,target,quadrant_fraction,0.09717936476515407,0.08904477691593747,0.10569280317629315,1449,1449,5000,5000,20260901,whole image
B2_feature,Q4_lowR_lowS,other_fg,quadrant_fraction,0.1811968001490469,0.16600841460900476,0.19597876317934995,1449,1449,5000,5000,20260901,whole image
B2_feature,Q4_lowR_lowS,background,quadrant_fraction,0.7212434549385376,0.7049400870166774,0.737427058728817,1449,1449,5000,5000,20260901,whole image
B2_feature,Q4_lowR_lowS,boundary_near,quadrant_fraction,0.1754406393491618,0.16767793852441323,0.18320207554164564,1449,1449,5000,5000,20260901,whole image
B3_spatial_feature,Q1_highR_highS,target,quadrant_fraction,0.5770517108309751,0.5581306780919412,0.5958857681304545,1449,1449,5000,5000,20260901,whole image
B3_spatial_feature,Q1_highR_highS,other_fg,quadrant_fraction,0.0538679226613366,0.04721895324637295,0.06076111913994745,1449,1449,5000,5000,20260901,whole image
B3_spatial_feature,Q1_highR_highS,background,quadrant_fraction,0.36832835289228394,0.3498308134684904,0.3873247249104621,1449,1449,5000,5000,20260901,whole image
B3_spatial_feature,Q1_highR_highS,boundary_near,quadrant_fraction,0.2150956838376442,0.20519764205894642,0.22531780565481005,1449,1449,5000,5000,20260901,whole image
B3_spatial_feature,Q2_highR_lowS,target,quadrant_fraction,0.5888981610261165,0.5730708459055238,0.6040812779901262,1449,1449,5000,5000,20260901,whole image
B3_spatial_feature,Q2_highR_lowS,other_fg,quadrant_fraction,0.06293926750115901,0.056228672830302466,0.06963577914695047,1449,1449,5000,5000,20260901,whole image
B3_spatial_feature,Q2_highR_lowS,background,quadrant_fraction,0.347303353422964,0.3320596386209565,0.3629998959490235,1449,1449,5000,5000,20260901,whole image
B3_spatial_feature,Q2_highR_lowS,boundary_near,quadrant_fraction,0.3272755370112811,0.3180673105634637,0.33636927614386286,1449,1449,5000,5000,20260901,whole image
B3_spatial_feature,Q3_lowR_highS,target,quadrant_fraction,0.05665672689001929,0.05072416197573713,0.06311774280333018,1449,1449,5000,5000,20260901,whole image
B3_spatial_feature,Q3_lowR_highS,other_fg,quadrant_fraction,0.20605843368440319,0.18927355864797582,0.22281649457729924,1449,1449,5000,5000,20260901,whole image
B3_spatial_feature,Q3_lowR_highS,background,quadrant_fraction,0.7369263973521045,0.7192699289808274,0.7545978076647138,1449,1449,5000,5000,20260901,whole image
B3_spatial_feature,Q3_lowR_highS,boundary_near,quadrant_fraction,0.1408524820206981,0.13360164234228625,0.14822791346513225,1449,1449,5000,5000,20260901,whole image
B3_spatial_feature,Q4_lowR_lowS,target,quadrant_fraction,0.09753882692621138,0.08931477868711302,0.10609768420606665,1449,1449,5000,5000,20260901,whole image
B3_spatial_feature,Q4_lowR_lowS,other_fg,quadrant_fraction,0.18001257363727385,0.16481644604140186,0.19476627093564702,1449,1449,5000,5000,20260901,whole image
B3_spatial_feature,Q4_lowR_lowS,background,quadrant_fraction,0.7220721664687483,0.7057562299979045,0.7382786899662033,1449,1449,5000,5000,20260901,whole image
B3_spatial_feature,Q4_lowR_lowS,boundary_near,quadrant_fraction,0.1744475749179221,0.16666264832485994,0.1822133941192298,1449,1449,5000,5000,20260901,whole image
