graph,relevance_quintile,stability_quintile,region,metric,estimate,ci_low,ci_high,num_images,num_images_total,bootstrap_repeats,bootstrap_valid_repeats,bootstrap_seed,bootstrap_unit
B1_spatial,0,0,target,region_probability,0.08526107936341881,0.07634962651161097,0.0943497020236517,1449,1449,5000,5000,20260901,whole image
B1_spatial,0,0,other_fg,region_probability,0.17197368937244184,0.156278060401705,0.1874065835239216,1449,1449,5000,5000,20260901,whole image
B1_spatial,0,0,background,region_probability,0.7423729256842463,0.7247539131247195,0.7601202703975302,1449,1449,5000,5000,20260901,whole image
B1_spatial,0,1,target,region_probability,0.054860633829706,0.048470841207471645,0.061656047118158384,1449,1449,5000,5000,20260901,whole image
B1_spatial,0,1,other_fg,region_probability,0.1974799541809851,0.1802678393822216,0.21441911063969185,1449,1449,5000,5000,20260901,whole image
B1_spatial,0,1,background,region_probability,0.7473386788850707,0.7286374434658962,0.7656691946725607,1449,1449,5000,5000,20260901,whole image
B1_spatial,0,2,target,region_probability,0.04643111369960525,0.040430918122806705,0.0527640398133642,1449,1449,5000,5000,20260901,whole image
B1_spatial,0,2,other_fg,region_probability,0.21600983627774542,0.19716726139673643,0.2339097727681225,1449,1449,5000,5000,20260901,whole image
B1_spatial,0,2,background,region_probability,0.7372354882547079,0.7182404061946116,0.7564818967319394,1449,1449,5000,5000,20260901,whole image
B1_spatial,0,3,target,region_probability,0.041274825863998534,0.03541791119854022,0.047311919271694196,1449,1449,5000,5000,20260901,whole image
B1_spatial,0,3,other_fg,region_probability,0.2158785307431473,0.1968865331085744,0.23401222440323205,1449,1449,5000,5000,20260901,whole image
B1_spatial,0,3,background,region_probability,0.7424958658359363,0.7228153349305838,0.7622659378853696,1449,1449,5000,5000,20260901,whole image
B1_spatial,0,4,target,region_probability,0.041042214370635814,0.03503838844406083,0.04740585704103744,1449,1449,5000,5000,20260901,whole image
B1_spatial,0,4,other_fg,region_probability,0.22190592608717494,0.20248257215602675,0.24017149932502516,1449,1449,5000,5000,20260901,whole image
B1_spatial,0,4,background,region_probability,0.7368174282891542,0.7169422900217207,0.7567678444161211,1449,1449,5000,5000,20260901,whole image
B1_spatial,1,0,target,region_probability,0.15780432575935036,0.14507620940844046,0.17078056463393024,1449,1449,5000,5000,20260901,whole image
B1_spatial,1,0,other_fg,region_probability,0.18368860779261342,0.16732807714977188,0.19998500017172413,1449,1449,5000,5000,20260901,whole image
B1_spatial,1,0,background,region_probability,0.658038572655579,0.6394256539154148,0.6768980950312661,1449,1449,5000,5000,20260901,whole image
B1_spatial,1,1,target,region_probability,0.10979663668361361,0.0999056310947796,0.12001426431037678,1449,1449,5000,5000,20260901,whole image
B1_spatial,1,1,other_fg,region_probability,0.18125081475687654,0.16533605806110982,0.1969237247392734,1449,1449,5000,5000,20260901,whole image
B1_spatial,1,1,background,region_probability,0.7086266458088907,0.6910696591724973,0.7260720146483634,1449,1449,5000,5000,20260901,whole image
B1_spatial,1,2,target,region_probability,0.08438718477116722,0.07627740389683393,0.09285561077308128,1449,1449,5000,5000,20260901,whole image
B1_spatial,1,2,other_fg,region_probability,0.18480081837185514,0.16881673218669038,0.20054863829543668,1449,1449,5000,5000,20260901,whole image
B1_spatial,1,2,background,region_probability,0.7304117062756668,0.7123290332539777,0.7480869938840756,1449,1449,5000,5000,20260901,whole image
B1_spatial,1,3,target,region_probability,0.07467718694478254,0.06704891332798171,0.08282579815452637,1449,1449,5000,5000,20260901,whole image
B1_spatial,1,3,other_fg,region_probability,0.18888935521327346,0.17226563777111065,0.20539193164572694,1449,1449,5000,5000,20260901,whole image
B1_spatial,1,3,background,region_probability,0.7360697248219806,0.7178796562052454,0.7543115389910803,1449,1449,5000,5000,20260901,whole image
B1_spatial,1,4,target,region_probability,0.06919155134741442,0.06193473048389421,0.07694215843305292,1449,1449,5000,5000,20260901,whole image
B1_spatial,1,4,other_fg,region_probability,0.18818452912641373,0.17183485794711176,0.20472678637762792,1449,1449,5000,5000,20260901,whole image
B1_spatial,1,4,background,region_probability,0.7422666245241792,0.7239332517638858,0.7600683785659467,1449,1449,5000,5000,20260901,whole image
B1_spatial,2,0,target,region_probability,0.23077583247511158,0.21580187361579348,0.24543317248046026,1449,1449,5000,5000,20260901,whole image
B1_spatial,2,0,other_fg,region_probability,0.14724939924476485,0.13426126070765662,0.16020809416452134,1449,1449,5000,5000,20260901,whole image
B1_spatial,2,0,background,region_probability,0.6215671129419842,0.6027438857253632,0.6401982664956696,1449,1449,5000,5000,20260901,whole image
B1_spatial,2,1,target,region_probability,0.19331510855399092,0.17989279682046092,0.20654937158827194,1449,1449,5000,5000,20260901,whole image
B1_spatial,2,1,other_fg,region_probability,0.14037318414444197,0.12798023939427366,0.15294160487028927,1449,1449,5000,5000,20260901,whole image
B1_spatial,2,1,background,region_probability,0.6659302584316094,0.6478984576649554,0.6838892710210285,1449,1449,5000,5000,20260901,whole image
B1_spatial,2,2,target,region_probability,0.17398402425514548,0.16126232751957523,0.18677513493425404,1449,1449,5000,5000,20260901,whole image
B1_spatial,2,2,other_fg,region_probability,0.13502128155792664,0.12280621398457542,0.1476292272148167,1449,1449,5000,5000,20260901,whole image
B1_spatial,2,2,background,region_probability,0.690469943443531,0.6722251502590161,0.7081160715504836,1449,1449,5000,5000,20260901,whole image
B1_spatial,2,3,target,region_probability,0.16158300088652483,0.14913178339049427,0.17409659488566137,1449,1449,5000,5000,20260901,whole image
B1_spatial,2,3,other_fg,region_probability,0.1365802304964539,0.12353536647940583,0.14980981224381199,1449,1449,5000,5000,20260901,whole image
B1_spatial,2,3,background,region_probability,0.7012826906028369,0.6831528393354449,0.7197697530781856,1449,1449,5000,5000,20260901,whole image
B1_spatial,2,4,target,region_probability,0.1569910499418652,0.1441801532395535,0.16961168611524674,1449,1449,5000,5000,20260901,whole image
B1_spatial,2,4,other_fg,region_probability,0.1376037638915177,0.12456406576020118,0.1508194707397514,1449,1449,5000,5000,20260901,whole image
B1_spatial,2,4,background,region_probability,0.7048643971554498,0.6866593702366283,0.7232656190078159,1449,1449,5000,5000,20260901,whole image
B1_spatial,3,0,target,region_probability,0.3429792266753143,0.3264191095482149,0.3593161665846305,1449,1449,5000,5000,20260901,whole image
B1_spatial,3,0,other_fg,region_probability,0.10352326269004063,0.09353852494266908,0.11343861770821718,1449,1449,5000,5000,20260901,whole image
B1_spatial,3,0,background,region_probability,0.5530015451233238,0.5344550768454532,0.5719063739100629,1449,1449,5000,5000,20260901,whole image
B1_spatial,3,1,target,region_probability,0.31177478802954695,0.29635580367621717,0.3270334498658345,1449,1449,5000,5000,20260901,whole image
B1_spatial,3,1,other_fg,region_probability,0.09537532800436833,0.08579545867944473,0.10504022859100322,1449,1449,5000,5000,20260901,whole image
B1_spatial,3,1,background,region_probability,0.5920914923629965,0.5735633975104204,0.6110370394929663,1449,1449,5000,5000,20260901,whole image
B1_spatial,3,2,target,region_probability,0.3074629949380912,0.2914693021462356,0.3233366548264426,1449,1449,5000,5000,20260901,whole image
B1_spatial,3,2,other_fg,region_probability,0.09101105355588023,0.08155573640771119,0.10054726707068976,1449,1449,5000,5000,20260901,whole image
B1_spatial,3,2,background,region_probability,0.6008766104396334,0.5821819748460773,0.6195843470753462,1449,1449,5000,5000,20260901,whole image
B1_spatial,3,3,target,region_probability,0.3141551714102788,0.2975873049325677,0.33085397561450447,1449,1449,5000,5000,20260901,whole image
B1_spatial,3,3,other_fg,region_probability,0.08801874163319946,0.07868231210763162,0.09743962088776492,1449,1449,5000,5000,20260901,whole image
B1_spatial,3,3,background,region_probability,0.5973604563180257,0.5779466361985132,0.6164691616270574,1449,1449,5000,5000,20260901,whole image
B1_spatial,3,4,target,region_probability,0.3213648142816009,0.303642369287963,0.3386984436185562,1449,1449,5000,5000,20260901,whole image
B1_spatial,3,4,other_fg,region_probability,0.08748920241865822,0.07789024763322158,0.09751597783403093,1449,1449,5000,5000,20260901,whole image
B1_spatial,3,4,background,region_probability,0.5904693348689893,0.5706016156574333,0.6107985989481707,1449,1449,5000,5000,20260901,whole image
B1_spatial,4,0,target,region_probability,0.6118781957066264,0.5960825046246148,0.6272884195004678,1449,1449,5000,5000,20260901,whole image
B1_spatial,4,0,other_fg,region_probability,0.06436955306684332,0.057363999654097324,0.07126650653490946,1449,1449,5000,5000,20260901,whole image
B1_spatial,4,0,background,region_probability,0.32282070921398553,0.30796785031836993,0.3382325952299077,1449,1449,5000,5000,20260901,whole image
B1_spatial,4,1,target,region_probability,0.575845030390485,0.5587757137121628,0.5922448098668139,1449,1449,5000,5000,20260901,whole image
B1_spatial,4,1,other_fg,region_probability,0.05830308860611891,0.05176169544112862,0.06486956887997464,1449,1449,5000,5000,20260901,whole image
B1_spatial,4,1,background,region_probability,0.36515224394012274,0.348795542018495,0.3821283806316798,1449,1449,5000,5000,20260901,whole image
B1_spatial,4,2,target,region_probability,0.572383225366519,0.5547563289797136,0.5897650671664724,1449,1449,5000,5000,20260901,whole image
B1_spatial,4,2,other_fg,region_probability,0.05651210364814183,0.049656805860034514,0.06360044398021764,1449,1449,5000,5000,20260901,whole image
B1_spatial,4,2,background,region_probability,0.370490964882373,0.35362540384460944,0.3879744058403845,1449,1449,5000,5000,20260901,whole image
B1_spatial,4,3,target,region_probability,0.5700036515288375,0.5511251102432435,0.588368053051466,1449,1449,5000,5000,20260901,whole image
B1_spatial,4,3,other_fg,region_probability,0.05413871965867815,0.04734385221683053,0.061063668059436235,1449,1449,5000,5000,20260901,whole image
B1_spatial,4,3,background,region_probability,0.37514654161781946,0.3574496156646154,0.3939214010348349,1449,1449,5000,5000,20260901,whole image
B1_spatial,4,4,target,region_probability,0.5654179963007379,0.5460217311630697,0.5843012788518883,1449,1449,5000,5000,20260901,whole image
B1_spatial,4,4,other_fg,region_probability,0.0551433972235208,0.04826188500873564,0.06204631180671652,1449,1449,5000,5000,20260901,whole image
B1_spatial,4,4,background,region_probability,0.37874753551901463,0.3602422799262668,0.39755909629354874,1449,1449,5000,5000,20260901,whole image
B2_feature,0,0,target,region_probability,0.08448025495714304,0.07570136669005892,0.09347504199500761,1449,1449,5000,5000,20260901,whole image
B2_feature,0,0,other_fg,region_probability,0.17041263477132246,0.15481147242367713,0.18558242722184232,1449,1449,5000,5000,20260901,whole image
B2_feature,0,0,background,region_probability,0.744721590397985,0.7273326970518127,0.7621569646446225,1449,1449,5000,5000,20260901,whole image
B2_feature,0,1,target,region_probability,0.054921584182583756,0.048337904977786755,0.06168640982733097,1449,1449,5000,5000,20260901,whole image
B2_feature,0,1,other_fg,region_probability,0.1955055836943919,0.17837307840509337,0.2124281614757421,1449,1449,5000,5000,20260901,whole image
B2_feature,0,1,background,region_probability,0.7492066882284738,0.7306097029125798,0.7675028325330389,1449,1449,5000,5000,20260901,whole image
B2_feature,0,2,target,region_probability,0.04627596415036028,0.04037941314181942,0.05250823736759159,1449,1449,5000,5000,20260901,whole image
B2_feature,0,2,other_fg,region_probability,0.21651295564339043,0.19784716418756332,0.2345054411849622,1449,1449,5000,5000,20260901,whole image
B2_feature,0,2,background,region_probability,0.7369345630215195,0.7178313427423487,0.7562100831182318,1449,1449,5000,5000,20260901,whole image
B2_feature,0,3,target,region_probability,0.0420654276343453,0.03615316827714488,0.0482737171797316,1449,1449,5000,5000,20260901,whole image
B2_feature,0,3,other_fg,region_probability,0.21924144310823312,0.20019788980749229,0.23737059327835744,1449,1449,5000,5000,20260901,whole image
B2_feature,0,3,background,region_probability,0.7384240181649987,0.7188232276978216,0.7581554170929483,1449,1449,5000,5000,20260901,whole image
B2_feature,0,4,target,region_probability,0.04037598441866373,0.034497262194766176,0.04658404853568941,1449,1449,5000,5000,20260901,whole image
B2_feature,0,4,other_fg,region_probability,0.22333813193327123,0.2035598076884228,0.24175498317615107,1449,1449,5000,5000,20260901,whole image
B2_feature,0,4,background,region_probability,0.7359640951816411,0.7160203275951628,0.7561230953212013,1449,1449,5000,5000,20260901,whole image
B2_feature,1,0,target,region_probability,0.15713687894696796,0.1444527023008059,0.17001221956627705,1449,1449,5000,5000,20260901,whole image
B2_feature,1,0,other_fg,region_probability,0.17880240432169214,0.1626738044249281,0.19462919397947456,1449,1449,5000,5000,20260901,whole image
B2_feature,1,0,background,region_probability,0.6636232214867229,0.6454736379007755,0.6822065007963453,1449,1449,5000,5000,20260901,whole image
B2_feature,1,1,target,region_probability,0.10700162074554295,0.09711953138119443,0.11726459997688136,1449,1449,5000,5000,20260901,whole image
B2_feature,1,1,other_fg,region_probability,0.18163695299837926,0.16580351088598164,0.1970985731950608,1449,1449,5000,5000,20260901,whole image
B2_feature,1,1,background,region_probability,0.7110210696920584,0.6933216359222021,0.7284871449121306,1449,1449,5000,5000,20260901,whole image
B2_feature,1,2,target,region_probability,0.0863333034084448,0.07797656510711459,0.09493045454594316,1449,1449,5000,5000,20260901,whole image
B2_feature,1,2,other_fg,region_probability,0.18505551066822276,0.1692143475251058,0.20105037821194963,1449,1449,5000,5000,20260901,whole image
B2_feature,1,2,background,region_probability,0.7282371248167101,0.7104581143157757,0.7461268185926592,1449,1449,5000,5000,20260901,whole image
B2_feature,1,3,target,region_probability,0.07330684028071362,0.06593961348948943,0.08126357001800656,1449,1449,5000,5000,20260901,whole image
B2_feature,1,3,other_fg,region_probability,0.19053859812293905,0.17379320594121092,0.206915298017052,1449,1449,5000,5000,20260901,whole image
B2_feature,1,3,background,region_probability,0.7357740762661706,0.71781515335686,0.7540505154699033,1449,1449,5000,5000,20260901,whole image
B2_feature,1,4,target,region_probability,0.06994420523612399,0.0624480465356969,0.07776071253274505,1449,1449,5000,5000,20260901,whole image
B2_feature,1,4,other_fg,region_probability,0.18964681776017944,0.1730864011378046,0.20635202321484616,1449,1449,5000,5000,20260901,whole image
B2_feature,1,4,background,region_probability,0.7400351659305819,0.7216140251301087,0.7578749151046156,1449,1449,5000,5000,20260901,whole image
B2_feature,2,0,target,region_probability,0.23161016949152544,0.2165663134037458,0.24650647485896965,1449,1449,5000,5000,20260901,whole image
B2_feature,2,0,other_fg,region_probability,0.14559322033898306,0.13273118420961832,0.15826687514923304,1449,1449,5000,5000,20260901,whole image
B2_feature,2,0,background,region_probability,0.6223305084745763,0.6035210244479564,0.6405639564870071,1449,1449,5000,5000,20260901,whole image
B2_feature,2,1,target,region_probability,0.19539031549232522,0.18181077182687794,0.20909143342239117,1449,1449,5000,5000,20260901,whole image
B2_feature,2,1,other_fg,region_probability,0.13960575488796573,0.1272309943177552,0.15215371328268676,1449,1449,5000,5000,20260901,whole image
B2_feature,2,1,background,region_probability,0.6646189872808635,0.6464657927073376,0.6825490691042584,1449,1449,5000,5000,20260901,whole image
B2_feature,2,2,target,region_probability,0.172908772952492,0.1602209345149647,0.18537844848891497,1449,1449,5000,5000,20260901,whole image
B2_feature,2,2,other_fg,region_probability,0.13606820169046924,0.123793803298264,0.14855652830661184,1449,1449,5000,5000,20260901,whole image
B2_feature,2,2,background,region_probability,0.6905275429903818,0.6727581126729412,0.7083419340324113,1449,1449,5000,5000,20260901,whole image
B2_feature,2,3,target,region_probability,0.1594106292269022,0.14701010540786888,0.17181529934546355,1449,1449,5000,5000,20260901,whole image
B2_feature,2,3,other_fg,region_probability,0.1382188337568915,0.1252887334701998,0.15162626531482998,1449,1449,5000,5000,20260901,whole image
B2_feature,2,3,background,region_probability,0.7017872765904262,0.6836675362497733,0.7199392581844389,1449,1449,5000,5000,20260901,whole image
B2_feature,2,4,target,region_probability,0.15751835060449051,0.1449458603134727,0.17011844896213643,1449,1449,5000,5000,20260901,whole image
B2_feature,2,4,other_fg,region_probability,0.13668501727115717,0.12373872440929762,0.14976050539922395,1449,1449,5000,5000,20260901,whole image
B2_feature,2,4,background,region_probability,0.7052973877374784,0.6873274506777642,0.7235877390712547,1449,1449,5000,5000,20260901,whole image
B2_feature,3,0,target,region_probability,0.34141887865915777,0.32508232778225615,0.3577054812949382,1449,1449,5000,5000,20260901,whole image
B2_feature,3,0,other_fg,region_probability,0.10308109250965845,0.09308495297077318,0.1130912872579461,1449,1449,5000,5000,20260901,whole image
B2_feature,3,0,background,region_probability,0.5549234051550157,0.5364348533683904,0.5738531374846743,1449,1449,5000,5000,20260901,whole image
B2_feature,3,1,target,region_probability,0.3126560370047022,0.29721268242194415,0.3278589856629242,1449,1449,5000,5000,20260901,whole image
B2_feature,3,1,other_fg,region_probability,0.09641746695461717,0.08680037152149461,0.10602252717330458,1449,1449,5000,5000,20260901,whole image
B2_feature,3,1,background,region_probability,0.5903138354087212,0.572002738228488,0.6090843744150303,1449,1449,5000,5000,20260901,whole image
B2_feature,3,2,target,region_probability,0.3073271808135434,0.29155999824943724,0.32284706933632906,1449,1449,5000,5000,20260901,whole image
B2_feature,3,2,other_fg,region_probability,0.09067129085351516,0.08118045693085492,0.10024835148054019,1449,1449,5000,5000,20260901,whole image
B2_feature,3,2,background,region_probability,0.6012520573712673,0.5825189252320204,0.6202749543603389,1449,1449,5000,5000,20260901,whole image
B2_feature,3,3,target,region_probability,0.314416866981378,0.2978811398761077,0.3311979048203307,1449,1449,5000,5000,20260901,whole image
B2_feature,3,3,other_fg,region_probability,0.08731790668713256,0.07807124057833507,0.09683830013676412,1449,1449,5000,5000,20260901,whole image
B2_feature,3,3,background,region_probability,0.5977149642329636,0.5785415923614695,0.6171112751970734,1449,1449,5000,5000,20260901,whole image
B2_feature,3,4,target,region_probability,0.3217030411449016,0.30406717807964223,0.3389461198576415,1449,1449,5000,5000,20260901,whole image
B2_feature,3,4,other_fg,region_probability,0.08801431127012523,0.07836519655005011,0.09790675646167817,1449,1449,5000,5000,20260901,whole image
B2_feature,3,4,background,region_probability,0.5897101967799642,0.5696953295496744,0.6098506914470379,1449,1449,5000,5000,20260901,whole image
B2_feature,4,0,target,region_probability,0.6014851485148515,0.5858736787237295,0.6167997240733374,1449,1449,5000,5000,20260901,whole image
B2_feature,4,0,other_fg,region_probability,0.06638357801297372,0.05922675661461537,0.07342211605334607,1449,1449,5000,5000,20260901,whole image
B2_feature,4,0,background,region_probability,0.33116037896893136,0.3162004625647034,0.34670639660124647,1449,1449,5000,5000,20260901,whole image
B2_feature,4,1,target,region_probability,0.5784507224871421,0.5614477938342456,0.5949785827777779,1449,1449,5000,5000,20260901,whole image
B2_feature,4,1,other_fg,region_probability,0.05739558872257358,0.05086780124893994,0.06396114230782747,1449,1449,5000,5000,20260901,whole image
B2_feature,4,1,background,region_probability,0.36347658219641854,0.34730151336044957,0.3801665086577727,1449,1449,5000,5000,20260901,whole image
B2_feature,4,2,target,region_probability,0.5776215286559765,0.5599383420490346,0.5946155034290594,1449,1449,5000,5000,20260901,whole image
B2_feature,4,2,other_fg,region_probability,0.055845009863928374,0.048948740051428054,0.06283694854919093,1449,1449,5000,5000,20260901,whole image
B2_feature,4,2,background,region_probability,0.36582528200718295,0.349228624258015,0.38335713229474544,1449,1449,5000,5000,20260901,whole image
B2_feature,4,3,target,region_probability,0.5747448544865847,0.5559776162165133,0.5931833801803003,1449,1449,5000,5000,20260901,whole image
B2_feature,4,3,other_fg,region_probability,0.05303618427281162,0.04634149975961576,0.05988951398895088,1449,1449,5000,5000,20260901,whole image
B2_feature,4,3,background,region_probability,0.3716319845492587,0.3537033060606567,0.39076955647590533,1449,1449,5000,5000,20260901,whole image
B2_feature,4,4,target,region_probability,0.5724344058412902,0.5533338115046449,0.5912562559857606,1449,1449,5000,5000,20260901,whole image
B2_feature,4,4,other_fg,region_probability,0.05506298643986199,0.048228023697540146,0.06212061338810998,1449,1449,5000,5000,20260901,whole image
B2_feature,4,4,background,region_probability,0.3718205889432721,0.3530207210776545,0.3908054743995066,1449,1449,5000,5000,20260901,whole image
B3_spatial_feature,0,0,target,region_probability,0.08435600634896055,0.07551693467479241,0.09337265763120549,1449,1449,5000,5000,20260901,whole image
B3_spatial_feature,0,0,other_fg,region_probability,0.1696153200934278,0.1541624174869551,0.18474464869504661,1449,1449,5000,5000,20260901,whole image
B3_spatial_feature,0,0,background,region_probability,0.7456415418166802,0.7281293330248221,0.7631349808774699,1449,1449,5000,5000,20260901,whole image
B3_spatial_feature,0,1,target,region_probability,0.05511930849768688,0.04858405287581194,0.061931938635989774,1449,1449,5000,5000,20260901,whole image
B3_spatial_feature,0,1,other_fg,region_probability,0.19477416605794984,0.1776154809942854,0.21172915682039029,1449,1449,5000,5000,20260901,whole image
B3_spatial_feature,0,1,background,region_probability,0.7497412953494035,0.7312907119317573,0.767864963005978,1449,1449,5000,5000,20260901,whole image
B3_spatial_feature,0,2,target,region_probability,0.04617906765355149,0.04032210599507243,0.05246563790545338,1449,1449,5000,5000,20260901,whole image
B3_spatial_feature,0,2,other_fg,region_probability,0.21659524737047137,0.1978917128114449,0.23451678951201302,1449,1449,5000,5000,20260901,whole image
B3_spatial_feature,0,2,background,region_probability,0.7369659784443578,0.7179040430648315,0.7564395992400765,1449,1449,5000,5000,20260901,whole image
B3_spatial_feature,0,3,target,region_probability,0.041660367215978766,0.035819994045895656,0.047837131360753814,1449,1449,5000,5000,20260901,whole image
B3_spatial_feature,0,3,other_fg,region_probability,0.21972483999395254,0.2006086130241181,0.2378757828842309,1449,1449,5000,5000,20260901,whole image
B3_spatial_feature,0,3,background,region_probability,0.7383292176922173,0.718645802915226,0.7579847807049733,1449,1449,5000,5000,20260901,whole image
B3_spatial_feature,0,4,target,region_probability,0.04101555879461713,0.035093302721666095,0.047332688027273154,1448,1449,5000,5000,20260901,whole image
B3_spatial_feature,0,4,other_fg,region_probability,0.2244330700654215,0.20477630405996666,0.2430409106515039,1448,1449,5000,5000,20260901,whole image
B3_spatial_feature,0,4,background,region_probability,0.7342293481576896,0.7142018530814801,0.7542440227427434,1448,1449,5000,5000,20260901,whole image
B3_spatial_feature,1,0,target,region_probability,0.15841922441774386,0.14554969526128148,0.17151994688074312,1449,1449,5000,5000,20260901,whole image
B3_spatial_feature,1,0,other_fg,region_probability,0.1768502173376611,0.16090927255048584,0.1925723726745721,1449,1449,5000,5000,20260901,whole image
B3_spatial_feature,1,0,background,region_probability,0.664293984776873,0.6460742954860031,0.6828951354413183,1449,1449,5000,5000,20260901,whole image
B3_spatial_feature,1,1,target,region_probability,0.10727578729326472,0.09736038760434657,0.11753715669483074,1449,1449,5000,5000,20260901,whole image
B3_spatial_feature,1,1,other_fg,region_probability,0.18004984302683108,0.16410937046587454,0.19556805203530014,1449,1449,5000,5000,20260901,whole image
B3_spatial_feature,1,1,background,region_probability,0.7123507136615206,0.6948237845861956,0.7299693078571019,1449,1449,5000,5000,20260901,whole image
B3_spatial_feature,1,2,target,region_probability,0.08526207544076662,0.07710351027056042,0.0937814359607477,1449,1449,5000,5000,20260901,whole image
B3_spatial_feature,1,2,other_fg,region_probability,0.18593421660531453,0.16982352975385243,0.2018599299278767,1449,1449,5000,5000,20260901,whole image
B3_spatial_feature,1,2,background,region_probability,0.7283864141045321,0.710206104823345,0.7461056889817738,1449,1449,5000,5000,20260901,whole image
B3_spatial_feature,1,3,target,region_probability,0.07339943342776203,0.06588286728894265,0.0813540962750206,1449,1449,5000,5000,20260901,whole image
B3_spatial_feature,1,3,other_fg,region_probability,0.19118980169971672,0.17438251708969685,0.20789045840472878,1449,1449,5000,5000,20260901,whole image
B3_spatial_feature,1,3,background,region_probability,0.735070821529745,0.7171200175272192,0.753148472746726,1449,1449,5000,5000,20260901,whole image
B3_spatial_feature,1,4,target,region_probability,0.06945272528112478,0.06208682890095022,0.07729560480626568,1449,1449,5000,5000,20260901,whole image
B3_spatial_feature,1,4,other_fg,region_probability,0.1910261920938423,0.17435105970868148,0.20770015252015903,1449,1449,5000,5000,20260901,whole image
B3_spatial_feature,1,4,background,region_probability,0.7391328461890434,0.7206083047445757,0.7569769971754675,1449,1449,5000,5000,20260901,whole image
B3_spatial_feature,2,0,target,region_probability,0.2352386934673367,0.22004550943217235,0.2503588413381301,1449,1449,5000,5000,20260901,whole image
B3_spatial_feature,2,0,other_fg,region_probability,0.14229480737018427,0.12962860468350898,0.15482841458078866,1449,1449,5000,5000,20260901,whole image
B3_spatial_feature,2,0,background,region_probability,0.6220058626465662,0.603208620717237,0.6403088454776482,1449,1449,5000,5000,20260901,whole image
B3_spatial_feature,2,1,target,region_probability,0.19496040316774657,0.18135156841865652,0.20853105103967462,1449,1449,5000,5000,20260901,whole image
B3_spatial_feature,2,1,other_fg,region_probability,0.13928485721142309,0.12699586965069315,0.15195072856295572,1449,1449,5000,5000,20260901,whole image
B3_spatial_feature,2,1,background,region_probability,0.6653867690584753,0.6472084080571632,0.683317422394265,1449,1449,5000,5000,20260901,whole image
B3_spatial_feature,2,2,target,region_probability,0.17320223241679572,0.16064558713340027,0.1858461040835122,1449,1449,5000,5000,20260901,whole image
B3_spatial_feature,2,2,other_fg,region_probability,0.13653098793209245,0.12434645849196745,0.1490588196439894,1449,1449,5000,5000,20260901,whole image
B3_spatial_feature,2,2,background,region_probability,0.6897554276363849,0.6719836819211122,0.7076083650365217,1449,1449,5000,5000,20260901,whole image
B3_spatial_feature,2,3,target,region_probability,0.15814841127223592,0.14573808071893757,0.1704544958917408,1449,1449,5000,5000,20260901,whole image
B3_spatial_feature,2,3,other_fg,region_probability,0.1390223856687144,0.12585274123161522,0.1526021309860185,1449,1449,5000,5000,20260901,whole image
B3_spatial_feature,2,3,background,region_probability,0.7022859292072381,0.6839219493576812,0.7204250984702966,1449,1449,5000,5000,20260901,whole image
B3_spatial_feature,2,4,target,region_probability,0.15588833175226996,0.14331000377230338,0.16843870708401137,1449,1449,5000,5000,20260901,whole image
B3_spatial_feature,2,4,other_fg,region_probability,0.1378100013551972,0.1248247925681139,0.1509549024642461,1449,1449,5000,5000,20260901,whole image
B3_spatial_feature,2,4,background,region_probability,0.7057595880200569,0.6877760731012447,0.724149585142671,1449,1449,5000,5000,20260901,whole image
B3_spatial_feature,3,0,target,region_probability,0.34332134771607403,0.3269642398238206,0.35958413199689543,1449,1449,5000,5000,20260901,whole image
B3_spatial_feature,3,0,other_fg,region_probability,0.10261971348667313,0.09267207926489321,0.11257542747719065,1449,1449,5000,5000,20260901,whole image
B3_spatial_feature,3,0,background,region_probability,0.5535452694861405,0.5348946372987923,0.5725834285739217,1449,1449,5000,5000,20260901,whole image
B3_spatial_feature,3,1,target,region_probability,0.3130240528796132,0.2975851592817888,0.32817167026631944,1449,1449,5000,5000,20260901,whole image
B3_spatial_feature,3,1,other_fg,region_probability,0.09566068914866271,0.08616808138044804,0.10525044192199341,1449,1449,5000,5000,20260901,whole image
B3_spatial_feature,3,1,background,region_probability,0.5906420221555787,0.5723918719004514,0.6093356161593328,1449,1449,5000,5000,20260901,whole image
B3_spatial_feature,3,2,target,region_probability,0.30763098454315957,0.2918162871626202,0.32334746808340614,1449,1449,5000,5000,20260901,whole image
B3_spatial_feature,3,2,other_fg,region_probability,0.09099901088031652,0.0815505200986642,0.10049466007560501,1449,1449,5000,5000,20260901,whole image
B3_spatial_feature,3,2,background,region_probability,0.6006466185393508,0.5817663981149066,0.6195104510672215,1449,1449,5000,5000,20260901,whole image
B3_spatial_feature,3,3,target,region_probability,0.3133880415240967,0.29668624380791686,0.3299469731259288,1449,1449,5000,5000,20260901,whole image
B3_spatial_feature,3,3,other_fg,region_probability,0.0882387055616772,0.07868715836926891,0.09774463393377761,1449,1449,5000,5000,20260901,whole image
B3_spatial_feature,3,3,background,region_probability,0.5977933074291016,0.5782201300988884,0.6173722925445728,1449,1449,5000,5000,20260901,whole image
B3_spatial_feature,3,4,target,region_probability,0.3204294593004062,0.30278389660158067,0.3380063488643578,1449,1449,5000,5000,20260901,whole image
B3_spatial_feature,3,4,other_fg,region_probability,0.08772911912041223,0.07821318213496219,0.09754879988687022,1449,1449,5000,5000,20260901,whole image
B3_spatial_feature,3,4,background,region_probability,0.5912816317156842,0.5712861338197379,0.6114471002270304,1449,1449,5000,5000,20260901,whole image
B3_spatial_feature,4,0,target,region_probability,0.5985136517852334,0.5828114188062208,0.6139325478648048,1449,1449,5000,5000,20260901,whole image
B3_spatial_feature,4,0,other_fg,region_probability,0.06654100920889655,0.059445591974529505,0.07359296011563268,1449,1449,5000,5000,20260901,whole image
B3_spatial_feature,4,0,background,region_probability,0.3339975227529754,0.31910256892588884,0.34966031256058044,1449,1449,5000,5000,20260901,whole image
B3_spatial_feature,4,1,target,region_probability,0.5759466125054403,0.5587650009270709,0.5923227779880486,1449,1449,5000,5000,20260901,whole image
B3_spatial_feature,4,1,other_fg,region_probability,0.05808791527636733,0.05143107684535713,0.06468815041852523,1449,1449,5000,5000,20260901,whole image
B3_spatial_feature,4,1,background,region_probability,0.3652255911794574,0.3491545984774538,0.38218328373502786,1449,1449,5000,5000,20260901,whole image
B3_spatial_feature,4,2,target,region_probability,0.578032930401697,0.5603662569140863,0.5950466570516114,1449,1449,5000,5000,20260901,whole image
B3_spatial_feature,4,2,other_fg,region_probability,0.055877302266069566,0.04904029436374752,0.06276549888426887,1449,1449,5000,5000,20260901,whole image
B3_spatial_feature,4,2,background,region_probability,0.36541634398464595,0.34859191924199867,0.3827802936344803,1449,1449,5000,5000,20260901,whole image
B3_spatial_feature,4,3,target,region_probability,0.5788163043681777,0.5600313027669243,0.597302654589087,1449,1449,5000,5000,20260901,whole image
B3_spatial_feature,4,3,other_fg,region_probability,0.05319328203111835,0.046424716538896085,0.060166077984037156,1449,1449,5000,5000,20260901,whole image
B3_spatial_feature,4,3,background,region_probability,0.3674661573892041,0.3497474635036216,0.3865157258440177,1449,1449,5000,5000,20260901,whole image
B3_spatial_feature,4,4,target,region_probability,0.5770517108309751,0.5581306780919412,0.5958857681304545,1449,1449,5000,5000,20260901,whole image
B3_spatial_feature,4,4,other_fg,region_probability,0.0538679226613366,0.04721895324637295,0.06076111913994745,1449,1449,5000,5000,20260901,whole image
B3_spatial_feature,4,4,background,region_probability,0.36832835289228394,0.3498308134684904,0.3873247249104621,1449,1449,5000,5000,20260901,whole image
