section,transform,kind,metric,count,finite_count,mean,std,median,q05,q95,min,max
official_last_logit_sensitivity,identity,identity,logit_cosine,1449,1449,1.0,1.388851786018841e-16,1.0,0.9999999999999998,1.0000000000000002,0.9999999999999998,1.0000000000000002
official_last_logit_sensitivity,identity,identity,logit_l1,1449,1449,0.0,0.0,0.0,0.0,0.0,0.0,0.0
official_last_logit_sensitivity,identity,identity,logit_l1_mean,1449,1449,0.0,0.0,0.0,0.0,0.0,0.0,0.0
official_last_logit_sensitivity,identity,identity,logit_l2,1449,1449,0.0,0.0,0.0,0.0,0.0,0.0,0.0
official_last_logit_sensitivity,identity,identity,top1_agreement,1449,1449,1.0,0.0,1.0,1.0,1.0,1.0,1.0
official_last_logit_sensitivity,identity,identity,top5_overlap_fraction,1449,1449,1.0,0.0,1.0,1.0,1.0,1.0,1.0
official_last_logit_sensitivity,identity,identity,top5_exact_set_agreement,1449,1449,1.0,0.0,1.0,1.0,1.0,1.0,1.0
official_last_logit_sensitivity,permutation,permutation,logit_cosine,1449,1449,0.9834803142561948,0.014336444073339262,0.9868338172722991,0.9662355203664749,0.992135091793099,0.7972938986597496,0.9959349121760378
official_last_logit_sensitivity,permutation,permutation,logit_l1,1449,1449,930.5337797265768,329.5196595420731,875.9425782142207,502.62120095063,1558.0446651972827,384.1697119381279,2247.40263108816
official_last_logit_sensitivity,permutation,permutation,logit_l1_mean,1449,1449,0.9305337797265767,0.3295196595420731,0.8759425782142207,0.50262120095063,1.5580446651972828,0.3841697119381279,2.24740263108816
official_last_logit_sensitivity,permutation,permutation,logit_l2,1449,1449,33.96440082360818,10.574323827908824,32.536287147760305,19.784500222910232,54.131428095082605,15.054409201705802,75.91705128232965
official_last_logit_sensitivity,permutation,permutation,top1_agreement,1449,1449,0.7922705314009661,0.40582212269725354,1.0,0.0,1.0,0.0,1.0
official_last_logit_sensitivity,permutation,permutation,top5_overlap_fraction,1449,1449,0.8138026224982747,0.1641232094069755,0.8,0.6,1.0,0.2,1.0
official_last_logit_sensitivity,permutation,permutation,top5_exact_set_agreement,1449,1449,0.32574189095928224,0.46881317435598674,0.0,0.0,1.0,0.0,1.0
official_last_logit_sensitivity,signed_permutation,signed_permutation,logit_cosine,1449,1449,-0.24619827169892605,0.33889399728792086,-0.31189616793666114,-0.679951888603877,0.42499932794148215,-0.8103106809554335,0.8477763156957957
official_last_logit_sensitivity,signed_permutation,signed_permutation,logit_l1,1449,1449,4735.471139744898,599.9231317995767,4733.815454973374,3787.129530590633,5748.92082293257,3029.988137714565,6775.783755928278
official_last_logit_sensitivity,signed_permutation,signed_permutation,logit_l1_mean,1449,1449,4.735471139744898,0.5999231317995767,4.7338154549733735,3.787129530590633,5.748920822932571,3.029988137714565,6.775783755928278
official_last_logit_sensitivity,signed_permutation,signed_permutation,logit_l2,1449,1449,152.56335380549044,19.15127915033806,152.3277053567095,122.10635678812253,184.92599392962694,97.84094906628387,218.17768896225968
official_last_logit_sensitivity,signed_permutation,signed_permutation,top1_agreement,1449,1449,0.6922015182884748,0.46174204515986134,1.0,0.0,1.0,0.0,1.0
official_last_logit_sensitivity,signed_permutation,signed_permutation,top5_overlap_fraction,1449,1449,0.7242236024844722,0.20389804819026022,0.8,0.4,1.0,0.0,1.0
official_last_logit_sensitivity,signed_permutation,signed_permutation,top5_exact_set_agreement,1449,1449,0.18426501035196688,0.38783401415901,0.0,0.0,1.0,0.0,1.0
official_last_logit_sensitivity,haar_00,haar,logit_cosine,1449,1449,-0.3937661747737412,0.25200846876749866,-0.4474304033496177,-0.7028778690730005,0.09581442599774329,-0.8147939692323941,0.582804074104483
official_last_logit_sensitivity,haar_00,haar,logit_l1,1449,1449,4976.221399155225,622.0243621805395,4997.094939349452,3977.8408051937818,5968.007400124892,3130.234189994633,6775.952316330746
official_last_logit_sensitivity,haar_00,haar,logit_l1_mean,1449,1449,4.976221399155225,0.6220243621805394,4.997094939349452,3.977840805193782,5.968007400124892,3.130234189994633,6.775952316330746
official_last_logit_sensitivity,haar_00,haar,logit_l2,1449,1449,160.30897064723524,19.790564511985146,161.02231247433843,128.70995489482837,191.55382234279784,101.50632244221192,217.58663389312068
official_last_logit_sensitivity,haar_00,haar,top1_agreement,1449,1449,0.6846100759144237,0.4648314052268265,1.0,0.0,1.0,0.0,1.0
official_last_logit_sensitivity,haar_00,haar,top5_overlap_fraction,1449,1449,0.72864044168392,0.19570918933140327,0.8,0.4,1.0,0.0,1.0
official_last_logit_sensitivity,haar_00,haar,top5_exact_set_agreement,1449,1449,0.1849551414768806,0.3883952162177056,0.0,0.0,1.0,0.0,1.0
official_last_logit_sensitivity,haar_01,haar,logit_cosine,1449,1449,-0.29773607653037043,0.29811698830958744,-0.36441956430066147,-0.669208265844907,0.2934050661337068,-0.7700879543594795,0.7286597423400598
official_last_logit_sensitivity,haar_01,haar,logit_l1,1449,1449,4827.675362150187,598.8589767025949,4819.886941354722,3864.9782855737953,5812.488655621186,2421.4457496558316,6675.821577173658
official_last_logit_sensitivity,haar_01,haar,logit_l1_mean,1449,1449,4.827675362150186,0.5988589767025949,4.819886941354722,3.8649782855737955,5.812488655621186,2.4214457496558315,6.675821577173657
official_last_logit_sensitivity,haar_01,haar,logit_l2,1449,1449,155.63048852500202,19.051894777698838,155.35475517446693,125.02344840322799,187.03872501726855,79.98943970903454,215.20714289914915
official_last_logit_sensitivity,haar_01,haar,top1_agreement,1449,1449,0.6797791580400276,0.46672238584547304,1.0,0.0,1.0,0.0,1.0
official_last_logit_sensitivity,haar_01,haar,top5_overlap_fraction,1449,1449,0.7262939958592133,0.1968821175294386,0.8,0.4,1.0,0.0,1.0
official_last_logit_sensitivity,haar_01,haar,top5_exact_set_agreement,1449,1449,0.1849551414768806,0.3883952162177056,0.0,0.0,1.0,0.0,1.0
official_last_logit_sensitivity,haar_02,haar,logit_cosine,1449,1449,-0.3293073479717143,0.3058418481203856,-0.4055299812824967,-0.6910149902724289,0.26240035271376416,-0.8234629866642926,0.7711916861095286
official_last_logit_sensitivity,haar_02,haar,logit_l1,1449,1449,4887.549323727046,585.043206137503,4901.203997854143,3934.986820078455,5847.676976771,3274.3304562894627,6673.810146139935
official_last_logit_sensitivity,haar_02,haar,logit_l1_mean,1449,1449,4.887549323727045,0.585043206137503,4.901203997854143,3.9349868200784552,5.847676976771,3.2743304562894626,6.673810146139934
official_last_logit_sensitivity,haar_02,haar,logit_l2,1449,1449,157.57555317656417,18.609633153719738,157.93679448083924,127.5862244934272,188.3680240224246,106.74210876038916,214.5735396478431
official_last_logit_sensitivity,haar_02,haar,top1_agreement,1449,1449,0.663216011042098,0.4727735062921322,1.0,0.0,1.0,0.0,1.0
official_last_logit_sensitivity,haar_02,haar,top5_overlap_fraction,1449,1449,0.7203588681849551,0.20132402449134615,0.8,0.4,1.0,0.0,1.0
official_last_logit_sensitivity,haar_02,haar,top5_exact_set_agreement,1449,1449,0.17598343685300208,0.38093754618062203,0.0,0.0,1.0,0.0,1.0
official_last_logit_sensitivity,haar_03,haar,logit_cosine,1449,1449,-0.4448772782657616,0.22493381940483229,-0.4878681280304994,-0.7295771342078262,-0.005406929626309379,-0.8245138673066311,0.38574682858661113
official_last_logit_sensitivity,haar_03,haar,logit_l1,1449,1449,5090.3401779120695,613.137036190753,5087.5086925895885,4106.168900071178,6097.722499432974,3067.04023794923,7083.4226897154
official_last_logit_sensitivity,haar_03,haar,logit_l1_mean,1449,1449,5.090340177912069,0.613137036190753,5.087508692589588,4.106168900071177,6.097722499432973,3.0670402379492296,7.0834226897154
official_last_logit_sensitivity,haar_03,haar,logit_l2,1449,1449,163.9077736534859,19.524752760401206,163.81528040126346,132.23870675152548,195.63859909264824,99.81100102888107,227.2555897729036
official_last_logit_sensitivity,haar_03,haar,top1_agreement,1449,1449,0.6770186335403726,0.4677770993836701,1.0,0.0,1.0,0.0,1.0
official_last_logit_sensitivity,haar_03,haar,top5_overlap_fraction,1449,1449,0.7214630779848171,0.20312220805505327,0.8,0.4,1.0,0.0,1.0
official_last_logit_sensitivity,haar_03,haar,top5_exact_set_agreement,1449,1449,0.19254658385093168,0.39443601171560727,0.0,0.0,1.0,0.0,1.0
official_last_logit_sensitivity,haar_04,haar,logit_cosine,1449,1449,-0.3699127776917351,0.2527162859353571,-0.4130842005436295,-0.7065646970396006,0.10878875065028162,-0.8255475697611394,0.6127951241977496
official_last_logit_sensitivity,haar_04,haar,logit_l1,1449,1449,4916.631361289114,610.108712245005,4925.956950535532,3925.998761260137,5887.965542944335,2940.128127688309,7207.8309688279405
official_last_logit_sensitivity,haar_04,haar,logit_l1_mean,1449,1449,4.916631361289113,0.610108712245005,4.925956950535532,3.925998761260137,5.887965542944334,2.9401281276883093,7.207830968827941
official_last_logit_sensitivity,haar_04,haar,logit_l2,1449,1449,158.4931366748505,19.412132842699418,158.73251731744267,127.2334843476437,189.50711916137826,95.62450442963883,231.49119256347745
official_last_logit_sensitivity,haar_04,haar,top1_agreement,1449,1449,0.673567977915804,0.46906929534532144,1.0,0.0,1.0,0.0,1.0
official_last_logit_sensitivity,haar_04,haar,top5_overlap_fraction,1449,1449,0.7174603174603174,0.20418320970943526,0.8,0.4,1.0,0.0,1.0
official_last_logit_sensitivity,haar_04,haar,top5_exact_set_agreement,1449,1449,0.17115251897860592,0.37677221683578893,0.0,0.0,1.0,0.0,1.0
official_last_logit_sensitivity,haar_05,haar,logit_cosine,1449,1449,-0.4179146732153732,0.23808447790020226,-0.4674302852470484,-0.7172809430528807,0.040928162395201605,-0.8298600886958541,0.6149040978010262
official_last_logit_sensitivity,haar_05,haar,logit_l1,1449,1449,5021.559790381584,598.6810226275514,5031.493493334856,3998.072638190724,6016.522974174376,3203.2624725438654,6780.022819306701
official_last_logit_sensitivity,haar_05,haar,logit_l1_mean,1449,1449,5.021559790381585,0.5986810226275514,5.031493493334856,3.998072638190724,6.016522974174377,3.2032624725438654,6.780022819306701
official_last_logit_sensitivity,haar_05,haar,logit_l2,1449,1449,161.76492996475935,19.043857951884778,162.37530437914629,129.07191106206596,193.23883135924825,103.37079580295438,218.03366711561185
official_last_logit_sensitivity,haar_05,haar,top1_agreement,1449,1449,0.6853002070393375,0.46455653303183003,1.0,0.0,1.0,0.0,1.0
official_last_logit_sensitivity,haar_05,haar,top5_overlap_fraction,1449,1449,0.7298826777087646,0.19382041592486848,0.8,0.4,1.0,0.0,1.0
official_last_logit_sensitivity,haar_05,haar,top5_exact_set_agreement,1449,1449,0.18012422360248448,0.38442356362552316,0.0,0.0,1.0,0.0,1.0
official_last_logit_sensitivity,haar_06,haar,logit_cosine,1449,1449,-0.42933465255873654,0.2290974139736927,-0.47902014329880516,-0.7121396236453381,0.019543569254671486,-0.8217224159259934,0.5936439295017242
official_last_logit_sensitivity,haar_06,haar,logit_l1,1449,1449,5038.6035699403,600.1733300944825,5039.803727998398,4082.659465240128,6015.4736199541,2838.858397997683,6947.805495038629
official_last_logit_sensitivity,haar_06,haar,logit_l1_mean,1449,1449,5.0386035699403005,0.6001733300944824,5.0398037279983985,4.082659465240129,6.0154736199541,2.838858397997683,6.9478054950386285
official_last_logit_sensitivity,haar_06,haar,logit_l2,1449,1449,162.34150208464658,19.122159028051115,162.42170140389908,131.72363998139437,193.67252838228347,92.90655613712556,223.94557451224102
official_last_logit_sensitivity,haar_06,haar,top1_agreement,1449,1449,0.6873706004140787,0.46372477220444225,1.0,0.0,1.0,0.0,1.0
official_last_logit_sensitivity,haar_06,haar,top5_overlap_fraction,1449,1449,0.7164941338854383,0.20317879580899598,0.8,0.4,1.0,0.0,1.0
official_last_logit_sensitivity,haar_06,haar,top5_exact_set_agreement,1449,1449,0.17322291235334714,0.37857052391081514,0.0,0.0,1.0,0.0,1.0
official_last_logit_sensitivity,haar_07,haar,logit_cosine,1449,1449,-0.3641937014337539,0.26942237163637234,-0.4206016880122157,-0.6929319931114637,0.1670015793090646,-0.8092135465174913,0.6540935795008037
official_last_logit_sensitivity,haar_07,haar,logit_l1,1449,1449,4926.568343830656,633.0215421812226,4950.67285777512,3866.9092460475863,5938.84826370878,3226.4571057567373,7104.493101761676
official_last_logit_sensitivity,haar_07,haar,logit_l1_mean,1449,1449,4.926568343830655,0.6330215421812225,4.95067285777512,3.866909246047586,5.93884826370878,3.2264571057567375,7.104493101761676
official_last_logit_sensitivity,haar_07,haar,logit_l2,1449,1449,158.8446127963258,20.12980530464519,159.45120761955096,125.26610168180484,191.3774196262308,104.67274437437216,228.0010234604586
official_last_logit_sensitivity,haar_07,haar,top1_agreement,1449,1449,0.68391994478951,0.4651050902408538,1.0,0.0,1.0,0.0,1.0
official_last_logit_sensitivity,haar_07,haar,top5_overlap_fraction,1449,1449,0.7229813664596273,0.19924706424023542,0.8,0.4,1.0,0.0,1.0
official_last_logit_sensitivity,haar_07,haar,top5_exact_set_agreement,1449,1449,0.19047619047619047,0.3928122956392366,0.0,0.0,1.0,0.0,1.0
official_last_logit_sensitivity,haar_08,haar,logit_cosine,1449,1449,-0.3557755678829219,0.2724775808926213,-0.4183303365276971,-0.6938351377705264,0.1852628336641825,-0.7984683702006713,0.6804603747034079
official_last_logit_sensitivity,haar_08,haar,logit_l1,1449,1449,4922.235431271931,592.8405930400115,4935.094599467469,3912.7372517156414,5882.932650717627,2880.787728345953,6734.413884917041
official_last_logit_sensitivity,haar_08,haar,logit_l1_mean,1449,1449,4.922235431271931,0.5928405930400116,4.93509459946747,3.9127372517156416,5.882932650717627,2.880787728345953,6.734413884917041
official_last_logit_sensitivity,haar_08,haar,logit_l2,1449,1449,158.6578559259561,18.878359892237178,159.17286169786937,126.5772471995959,189.39380165151616,94.22700202458391,216.40664092594503
official_last_logit_sensitivity,haar_08,haar,top1_agreement,1449,1449,0.6804692891649413,0.4664557804178213,1.0,0.0,1.0,0.0,1.0
official_last_logit_sensitivity,haar_08,haar,top5_overlap_fraction,1449,1449,0.7229813664596273,0.19855263663429365,0.8,0.4,1.0,0.0,1.0
official_last_logit_sensitivity,haar_08,haar,top5_exact_set_agreement,1449,1449,0.1725327812284334,0.37797329984490097,0.0,0.0,1.0,0.0,1.0
official_last_logit_sensitivity,haar_09,haar,logit_cosine,1449,1449,-0.3896101927562664,0.262237851688978,-0.45033321680945937,-0.7104817198791245,0.11470441801321937,-0.8451402649847752,0.6032315796071264
official_last_logit_sensitivity,haar_09,haar,logit_l1,1449,1449,4981.182887242743,592.3113109864212,4971.867506703362,4027.9983830846845,6001.130318207665,3303.6273367144167,6993.089116301388
official_last_logit_sensitivity,haar_09,haar,logit_l1_mean,1449,1449,4.981182887242743,0.5923113109864212,4.9718675067033615,4.027998383084684,6.001130318207665,3.303627336714417,6.9930891163013875
official_last_logit_sensitivity,haar_09,haar,logit_l2,1449,1449,160.4529846705998,18.873557357953924,160.2396499424684,130.0634043305286,193.12321127926415,106.42831223268351,224.09826660502884
official_last_logit_sensitivity,haar_09,haar,top1_agreement,1449,1449,0.6853002070393375,0.4645565330318301,1.0,0.0,1.0,0.0,1.0
official_last_logit_sensitivity,haar_09,haar,top5_overlap_fraction,1449,1449,0.722567287784679,0.19984809439984488,0.8,0.4,1.0,0.0,1.0
official_last_logit_sensitivity,haar_09,haar,top5_exact_set_agreement,1449,1449,0.18150448585231194,0.3855686768558938,0.0,0.0,1.0,0.0,1.0
