relation,scope,stratum,aggregation,metric,estimate,ci_low,ci_high,num_images,num_images_total,num_rows,num_rows_total,num_classes,bootstrap_repeats,bootstrap_valid_repeats,bootstrap_valid_fraction,bootstrap_seed,bootstrap_base_seed,class_id,class_name
s_last,all_rows,all,micro,map_spearman,0.3433972108556814,0.27948693791316276,0.41022821877190135,522,522,906,906,,5000,5000,1.0,3021694564,20260901,,
s_last,all_rows,all,micro,top05_jaccard,0.5378723936474774,0.5087964976645621,0.5684109663236233,522,522,906,906,,5000,5000,1.0,3021694564,20260901,,
s_last,all_rows,all,micro,top10_jaccard,0.5497208223314877,0.520627381919802,0.58105790751526,522,522,906,906,,5000,5000,1.0,3021694564,20260901,,
s_last,all_rows,all,micro,top20_jaccard,0.5631385669452955,0.5336981437688336,0.5942362969117124,522,522,906,906,,5000,5000,1.0,3021694564,20260901,,
s_last,all_rows,all,micro,shared_target_a_fraction,0.20669685615059655,0.18352228401132906,0.22971239958257145,436,522,626,906,,5000,5000,1.0,3021694564,20260901,,
s_last,all_rows,all,micro,shared_target_b_fraction,0.2511987471295998,0.22614293054419718,0.2771341907597879,436,522,626,906,,5000,5000,1.0,3021694564,20260901,,
s_last,all_rows,all,micro,shared_other_fg_fraction,0.09029149478489278,0.07288251609370365,0.10737329363508703,436,522,626,906,,5000,5000,1.0,3021694564,20260901,,
s_last,all_rows,all,micro,shared_background_fraction,0.4499629856956138,0.4143375510285443,0.48777111325819256,436,522,626,906,,5000,5000,1.0,3021694564,20260901,,
s_last,all_rows,all,micro,dominant_object_capture,0.40599641558251875,0.3777635280072001,0.4337625581252722,436,522,626,906,,5000,5000,1.0,3021694564,20260901,,
s_last,all_rows,all,macro_class,map_spearman,0.3201754184602099,0.24673529628672045,0.399479184481537,522,522,906,906,17,5000,5000,1.0,3021694564,20260901,,
s_last,all_rows,all,macro_class,top05_jaccard,0.5283173699502735,0.496833629981013,0.5631547877426075,522,522,906,906,17,5000,5000,1.0,3021694564,20260901,,
s_last,all_rows,all,macro_class,top10_jaccard,0.5421671191033031,0.5099733946308118,0.5776989002094215,522,522,906,906,17,5000,5000,1.0,3021694564,20260901,,
s_last,all_rows,all,macro_class,top20_jaccard,0.5552059878606093,0.5226128410961264,0.5907314745972929,522,522,906,906,17,5000,5000,1.0,3021694564,20260901,,
s_last,all_rows,all,macro_class,shared_target_a_fraction,0.2157048004312285,0.1886005754658672,0.24837798414506418,436,522,626,906,17,5000,5000,1.0,3021694564,20260901,,
s_last,all_rows,all,macro_class,shared_target_b_fraction,0.24940910742718442,0.20257948059501565,0.29692233176006455,436,522,626,906,17,5000,5000,1.0,3021694564,20260901,,
s_last,all_rows,all,macro_class,shared_other_fg_fraction,0.06712547678847364,0.05273323955102014,0.08266307240892343,436,522,626,906,17,5000,5000,1.0,3021694564,20260901,,
s_last,all_rows,all,macro_class,shared_background_fraction,0.46615126726303896,0.41625623753498875,0.5166989073233559,436,522,626,906,17,5000,5000,1.0,3021694564,20260901,,
s_last,all_rows,all,macro_class,dominant_object_capture,0.417630491612134,0.3694397087131103,0.46683257797955624,436,522,626,906,17,5000,5000,1.0,3021694564,20260901,,
s_last,all_rows,exactly_2_labels,micro,map_spearman,0.507921114924115,0.4215285431077759,0.5926026278180705,375,375,375,375,,5000,5000,1.0,3021694564,20260901,,
s_last,all_rows,exactly_2_labels,micro,top05_jaccard,0.628385432063578,0.5873682082621098,0.6672369902393915,375,375,375,375,,5000,5000,1.0,3021694564,20260901,,
s_last,all_rows,exactly_2_labels,micro,top10_jaccard,0.6393114064122236,0.5978133606438435,0.6785926330391037,375,375,375,375,,5000,5000,1.0,3021694564,20260901,,
s_last,all_rows,exactly_2_labels,micro,top20_jaccard,0.6520811035279488,0.6106897308799139,0.6919805935675674,375,375,375,375,,5000,5000,1.0,3021694564,20260901,,
s_last,all_rows,exactly_2_labels,micro,shared_target_a_fraction,0.271074967365293,0.2368121304444731,0.3073878522587142,289,375,289,375,,5000,5000,1.0,3021694564,20260901,,
s_last,all_rows,exactly_2_labels,micro,shared_target_b_fraction,0.27769687191697623,0.24146696717307817,0.31365462922885123,289,375,289,375,,5000,5000,1.0,3021694564,20260901,,
s_last,all_rows,exactly_2_labels,micro,shared_other_fg_fraction,0.0005382545174932718,0.0,0.001678808577686585,289,375,289,375,,5000,5000,1.0,3021694564,20260901,,
s_last,all_rows,exactly_2_labels,micro,shared_background_fraction,0.4495698222741242,0.4120507051896236,0.48570307268140334,289,375,289,375,,5000,5000,1.0,3021694564,20260901,,
s_last,all_rows,exactly_2_labels,micro,dominant_object_capture,0.47808634548436296,0.4425192567357915,0.5137531690197389,289,375,289,375,,5000,5000,1.0,3021694564,20260901,,
s_last,all_rows,exactly_2_labels,macro_class,map_spearman,0.39636386336877666,0.2786036217989656,0.5101264259827157,375,375,375,375,17,5000,5000,1.0,3021694564,20260901,,
s_last,all_rows,exactly_2_labels,macro_class,top05_jaccard,0.5779055990106329,0.524640031417903,0.629164951164568,375,375,375,375,17,5000,5000,1.0,3021694564,20260901,,
s_last,all_rows,exactly_2_labels,macro_class,top10_jaccard,0.5899504602050432,0.5361409531289026,0.6432137385072453,375,375,375,375,17,5000,5000,1.0,3021694564,20260901,,
s_last,all_rows,exactly_2_labels,macro_class,top20_jaccard,0.6020056308065852,0.547215970110899,0.6553197393693165,375,375,375,375,17,5000,5000,1.0,3021694564,20260901,,
s_last,all_rows,exactly_2_labels,macro_class,shared_target_a_fraction,0.27440172303688154,0.2297931312210306,0.3343168086622012,289,375,289,375,17,5000,5000,1.0,3021694564,20260901,,
s_last,all_rows,exactly_2_labels,macro_class,shared_target_b_fraction,0.30966305186833937,0.24018806734441675,0.3444597852504818,289,375,289,375,17,5000,5000,1.0,3021694564,20260901,,
s_last,all_rows,exactly_2_labels,macro_class,shared_other_fg_fraction,0.00045751633986928104,0.0,0.0016147635524798153,289,375,289,375,17,5000,5000,1.0,3021694564,20260901,,
s_last,all_rows,exactly_2_labels,macro_class,shared_background_fraction,0.41425605872630605,0.37693827764833016,0.47293616223495033,289,375,289,375,17,5000,5000,1.0,3021694564,20260901,,
s_last,all_rows,exactly_2_labels,macro_class,dominant_object_capture,0.5299885530749062,0.4676199286683816,0.567341103376533,289,375,289,375,17,5000,5000,1.0,3021694564,20260901,,
s_last,all_rows,3plus_labels,micro,map_spearman,0.22720801306723895,0.13371493029062975,0.3194411992575647,147,147,531,531,,5000,5000,1.0,3021694564,20260901,,
s_last,all_rows,3plus_labels,micro,top05_jaccard,0.47395075634797323,0.4331612279969737,0.5141504542928081,147,147,531,531,,5000,5000,1.0,3021694564,20260901,,
s_last,all_rows,3plus_labels,micro,top10_jaccard,0.48645063583379317,0.4451892638007298,0.5263685743215852,147,147,531,531,,5000,5000,1.0,3021694564,20260901,,
s_last,all_rows,3plus_labels,micro,top20_jaccard,0.5003260411100883,0.4591047117133846,0.540360618822279,147,147,531,531,,5000,5000,1.0,3021694564,20260901,,
s_last,all_rows,3plus_labels,micro,shared_target_a_fraction,0.15148832754214744,0.12508181817972439,0.1793191157586628,147,147,337,531,,5000,5000,1.0,3021694564,20260901,,
s_last,all_rows,3plus_labels,micro,shared_target_b_fraction,0.22847483596179025,0.19452750829896495,0.26430863215992706,147,147,337,531,,5000,5000,1.0,3021694564,20260901,,
s_last,all_rows,3plus_labels,micro,shared_other_fg_fraction,0.1672608907412087,0.14182933616920312,0.19194523129209215,147,147,337,531,,5000,5000,1.0,3021694564,20260901,,
s_last,all_rows,3plus_labels,micro,shared_background_fraction,0.45030014957932524,0.39055628668157893,0.5091500469575853,147,147,337,531,,5000,5000,1.0,3021694564,20260901,,
s_last,all_rows,3plus_labels,micro,dominant_object_capture,0.3441744875658034,0.3080553217477055,0.382954963995496,147,147,337,531,,5000,5000,1.0,3021694564,20260901,,
s_last,all_rows,3plus_labels,macro_class,map_spearman,0.2053289561102075,0.07272629809879204,0.35256776736042367,147,147,531,531,17,5000,5000,1.0,3021694564,20260901,,
s_last,all_rows,3plus_labels,macro_class,top05_jaccard,0.46643477920107357,0.41237059019371697,0.5276189471643381,147,147,531,531,17,5000,5000,1.0,3021694564,20260901,,
s_last,all_rows,3plus_labels,macro_class,top10_jaccard,0.4810267827163372,0.4250624973214962,0.5446425725847139,147,147,531,531,17,5000,5000,1.0,3021694564,20260901,,
s_last,all_rows,3plus_labels,macro_class,top20_jaccard,0.4946686709585496,0.4380533048969456,0.5572173085949462,147,147,531,531,17,5000,5000,1.0,3021694564,20260901,,
s_last,all_rows,3plus_labels,macro_class,shared_target_a_fraction,0.17804091814936715,0.1276216486277252,0.2144566764818899,147,147,337,531,17,5000,5000,1.0,3021694564,20260901,,
s_last,all_rows,3plus_labels,macro_class,shared_target_b_fraction,0.1787094899649323,0.1493531988961985,0.24335655748351803,147,147,337,531,17,5000,5000,1.0,3021694564,20260901,,
s_last,all_rows,3plus_labels,macro_class,shared_other_fg_fraction,0.11851330977607114,0.09736565786711071,0.15623905852432396,147,147,337,531,17,5000,5000,1.0,3021694564,20260901,,
s_last,all_rows,3plus_labels,macro_class,shared_background_fraction,0.5224570170003554,0.43742616653873184,0.5789247429675756,147,147,337,531,17,5000,5000,1.0,3021694564,20260901,,
s_last,all_rows,3plus_labels,macro_class,dominant_object_capture,0.32181495810286914,0.2743685970472453,0.3843290757888984,147,147,337,531,17,5000,5000,1.0,3021694564,20260901,,
s_pos,all_rows,all,micro,map_spearman,0.5223270635031385,0.46444090675100763,0.5819415310689353,522,522,906,906,,5000,5000,1.0,3021694564,20260901,,
s_pos,all_rows,all,micro,top05_jaccard,0.594164055155024,0.5650456548492171,0.6247143246286055,522,522,906,906,,5000,5000,1.0,3021694564,20260901,,
s_pos,all_rows,all,micro,top10_jaccard,0.6125402055179568,0.5824358661767577,0.6433538725376831,522,522,906,906,,5000,5000,1.0,3021694564,20260901,,
s_pos,all_rows,all,micro,top20_jaccard,0.63113143840764,0.6012607774608564,0.6619175018452211,522,522,906,906,,5000,5000,1.0,3021694564,20260901,,
s_pos,all_rows,all,micro,shared_target_a_fraction,0.197349105755029,0.17486287189101155,0.2210328603176858,466,522,699,906,,5000,5000,1.0,3021694564,20260901,,
s_pos,all_rows,all,micro,shared_target_b_fraction,0.25185056193196553,0.2268060554752452,0.2773595366326965,466,522,699,906,,5000,5000,1.0,3021694564,20260901,,
s_pos,all_rows,all,micro,shared_other_fg_fraction,0.09509874599653978,0.0779769647086366,0.11193796428526537,466,522,699,906,,5000,5000,1.0,3021694564,20260901,,
s_pos,all_rows,all,micro,shared_background_fraction,0.45414722522850837,0.4179632234652114,0.49194800057315136,466,522,699,906,,5000,5000,1.0,3021694564,20260901,,
s_pos,all_rows,all,micro,dominant_object_capture,0.4023587751865777,0.37476159126438746,0.4300694717600486,466,522,699,906,,5000,5000,1.0,3021694564,20260901,,
s_pos,all_rows,all,macro_class,map_spearman,0.4832088808332929,0.4182907385483627,0.555063316481357,522,522,906,906,17,5000,5000,1.0,3021694564,20260901,,
s_pos,all_rows,all,macro_class,top05_jaccard,0.575225469521898,0.5429327578754757,0.6106311489636927,522,522,906,906,17,5000,5000,1.0,3021694564,20260901,,
s_pos,all_rows,all,macro_class,top10_jaccard,0.595932728931442,0.5636022142643548,0.6309602436828817,522,522,906,906,17,5000,5000,1.0,3021694564,20260901,,
s_pos,all_rows,all,macro_class,top20_jaccard,0.6152915166630262,0.5822692001449246,0.6510818445401599,522,522,906,906,17,5000,5000,1.0,3021694564,20260901,,
s_pos,all_rows,all,macro_class,shared_target_a_fraction,0.19738086123886928,0.17448952899054546,0.22733321308971377,466,522,699,906,17,5000,5000,1.0,3021694564,20260901,,
s_pos,all_rows,all,macro_class,shared_target_b_fraction,0.24997997490506474,0.20481392430810344,0.29463217128230046,466,522,699,906,17,5000,5000,1.0,3021694564,20260901,,
s_pos,all_rows,all,macro_class,shared_other_fg_fraction,0.06908816173850182,0.055312194489625204,0.08364840619312203,466,522,699,906,17,5000,5000,1.0,3021694564,20260901,,
s_pos,all_rows,all,macro_class,shared_background_fraction,0.48222148060017933,0.43338293735313077,0.5301320295474782,466,522,699,906,17,5000,5000,1.0,3021694564,20260901,,
s_pos,all_rows,all,macro_class,dominant_object_capture,0.40470233753394497,0.35909004437357206,0.45335873024135576,466,522,699,906,17,5000,5000,1.0,3021694564,20260901,,
s_pos,all_rows,exactly_2_labels,micro,map_spearman,0.6650076259002142,0.5968323453858343,0.7305523104898594,375,375,375,375,,5000,5000,1.0,3021694564,20260901,,
s_pos,all_rows,exactly_2_labels,micro,top05_jaccard,0.6710795021645756,0.6325272223759079,0.7094429659693993,375,375,375,375,,5000,5000,1.0,3021694564,20260901,,
s_pos,all_rows,exactly_2_labels,micro,top10_jaccard,0.6926899207565381,0.653647296474975,0.7299984663383429,375,375,375,375,,5000,5000,1.0,3021694564,20260901,,
s_pos,all_rows,exactly_2_labels,micro,top20_jaccard,0.7142233945471123,0.6756531081774168,0.7502362755011651,375,375,375,375,,5000,5000,1.0,3021694564,20260901,,
s_pos,all_rows,exactly_2_labels,micro,shared_target_a_fraction,0.26124916425871064,0.22794358530597206,0.2961948227611725,319,375,319,375,,5000,5000,1.0,3021694564,20260901,,
s_pos,all_rows,exactly_2_labels,micro,shared_target_b_fraction,0.2788923624675599,0.24262167733772183,0.31394477932136206,319,375,319,375,,5000,5000,1.0,3021694564,20260901,,
s_pos,all_rows,exactly_2_labels,micro,shared_other_fg_fraction,0.000522466039707419,0.0,0.0016233766233766235,319,375,319,375,,5000,5000,1.0,3021694564,20260901,,
s_pos,all_rows,exactly_2_labels,micro,shared_background_fraction,0.45833568953805515,0.4214702233773488,0.49542852013676275,319,375,319,375,,5000,5000,1.0,3021694564,20260901,,
s_pos,all_rows,exactly_2_labels,micro,dominant_object_capture,0.4770138379214762,0.44194384907103684,0.5118752540291783,319,375,319,375,,5000,5000,1.0,3021694564,20260901,,
s_pos,all_rows,exactly_2_labels,macro_class,map_spearman,0.5631048425793236,0.4707875364936858,0.6552512957030792,375,375,375,375,17,5000,5000,1.0,3021694564,20260901,,
s_pos,all_rows,exactly_2_labels,macro_class,top05_jaccard,0.6167779615810214,0.5637009563382763,0.6681867874022085,375,375,375,375,17,5000,5000,1.0,3021694564,20260901,,
s_pos,all_rows,exactly_2_labels,macro_class,top10_jaccard,0.6367226753184723,0.5834150646596162,0.6880403871567158,375,375,375,375,17,5000,5000,1.0,3021694564,20260901,,
s_pos,all_rows,exactly_2_labels,macro_class,top20_jaccard,0.6597051485122033,0.60753955897661,0.7110252408806793,375,375,375,375,17,5000,5000,1.0,3021694564,20260901,,
s_pos,all_rows,exactly_2_labels,macro_class,shared_target_a_fraction,0.2559268099253086,0.21387828729163566,0.31037322458703837,319,375,319,375,17,5000,5000,1.0,3021694564,20260901,,
s_pos,all_rows,exactly_2_labels,macro_class,shared_target_b_fraction,0.3137967358023285,0.24714335753260044,0.3471039005239611,319,375,319,375,17,5000,5000,1.0,3021694564,20260901,,
s_pos,all_rows,exactly_2_labels,macro_class,shared_other_fg_fraction,0.0004262574595055413,0.0,0.001488095238095238,319,375,319,375,17,5000,5000,1.0,3021694564,20260901,,
s_pos,all_rows,exactly_2_labels,macro_class,shared_background_fraction,0.42873951868446275,0.39172963129294824,0.48704473890499006,319,375,319,375,17,5000,5000,1.0,3021694564,20260901,,
s_pos,all_rows,exactly_2_labels,macro_class,dominant_object_capture,0.5220692330366381,0.4615506973058623,0.5585001034547686,319,375,319,375,17,5000,5000,1.0,3021694564,20260901,,
s_pos,all_rows,3plus_labels,micro,map_spearman,0.4215639544656564,0.33411573995358645,0.5081111202254286,147,147,531,531,,5000,5000,1.0,3021694564,20260901,,
s_pos,all_rows,3plus_labels,micro,top05_jaccard,0.539845236645456,0.4976816166048643,0.5816065064749182,147,147,531,531,,5000,5000,1.0,3021694564,20260901,,
s_pos,all_rows,3plus_labels,micro,top10_jaccard,0.5559372992760224,0.5134028907280529,0.5983490241627607,147,147,531,531,,5000,5000,1.0,3021694564,20260901,,
s_pos,all_rows,3plus_labels,micro,top20_jaccard,0.5724506784221366,0.5304589877855181,0.6147545909676301,147,147,531,531,,5000,5000,1.0,3021694564,20260901,,
s_pos,all_rows,3plus_labels,micro,shared_target_a_fraction,0.1437066882216752,0.11736583907638964,0.17175206066851256,147,147,380,531,,5000,5000,1.0,3021694564,20260901,,
s_pos,all_rows,3plus_labels,micro,shared_target_b_fraction,0.22914968200866428,0.19572318639518935,0.26570888836665457,147,147,380,531,,5000,5000,1.0,3021694564,20260901,,
s_pos,all_rows,3plus_labels,micro,shared_other_fg_fraction,0.17449304417082798,0.14984436465603826,0.19850127447749122,147,147,380,531,,5000,5000,1.0,3021694564,20260901,,
s_pos,all_rows,3plus_labels,micro,shared_background_fraction,0.4506311196633894,0.3931426545198138,0.5083420998967321,147,147,380,531,,5000,5000,1.0,3021694564,20260901,,
s_pos,all_rows,3plus_labels,micro,dominant_object_capture,0.3396878146275457,0.30396983175348347,0.3757863779457213,147,147,380,531,,5000,5000,1.0,3021694564,20260901,,
s_pos,all_rows,3plus_labels,macro_class,map_spearman,0.3663837480155535,0.24039613721509537,0.505094912106525,147,147,531,531,17,5000,5000,1.0,3021694564,20260901,,
s_pos,all_rows,3plus_labels,macro_class,top05_jaccard,0.5158833665113673,0.4584886634462484,0.5816699832789525,147,147,531,531,17,5000,5000,1.0,3021694564,20260901,,
s_pos,all_rows,3plus_labels,macro_class,top10_jaccard,0.5379571189596918,0.47924044118094394,0.6038162793892086,147,147,531,531,17,5000,5000,1.0,3021694564,20260901,,
s_pos,all_rows,3plus_labels,macro_class,top20_jaccard,0.5534398806996811,0.4943748503926345,0.6184137106863248,147,147,531,531,17,5000,5000,1.0,3021694564,20260901,,
s_pos,all_rows,3plus_labels,macro_class,shared_target_a_fraction,0.15131349130210772,0.11897844512942327,0.18529170629200356,147,147,380,531,17,5000,5000,1.0,3021694564,20260901,,
s_pos,all_rows,3plus_labels,macro_class,shared_target_b_fraction,0.17449778233330854,0.14899735851220774,0.24142362464248862,147,147,380,531,17,5000,5000,1.0,3021694564,20260901,,
s_pos,all_rows,3plus_labels,macro_class,shared_other_fg_fraction,0.12164399505202192,0.10141054486828427,0.15427754774998256,147,147,380,531,17,5000,5000,1.0,3021694564,20260901,,
s_pos,all_rows,3plus_labels,macro_class,shared_background_fraction,0.5505375995360527,0.462111116561417,0.5934148315750808,147,147,380,531,17,5000,5000,1.0,3021694564,20260901,,
s_pos,all_rows,3plus_labels,macro_class,dominant_object_capture,0.29288399113863295,0.2598122077184679,0.3637668700877845,147,147,380,531,17,5000,5000,1.0,3021694564,20260901,,
