relation,scope,stratum,aggregation,metric,estimate,ci_low,ci_high,num_images,num_images_total,num_rows,num_rows_total,num_classes,bootstrap_repeats,bootstrap_valid_repeats,bootstrap_valid_fraction,bootstrap_seed,bootstrap_base_seed,class_id,class_name,reference_relation,comparison_relation
,all_rows,all,micro,map_spearman,-0.11403650186910198,-0.13461489359377093,-0.09311158794741563,1449,1449,2147,2147,,5000,5000,1.0,3021694564,20260901,,,s_last,patch_norm
,all_rows,all,micro,top05_jaccard,0.15472293478726404,0.1439955217082115,0.16604142290321777,1449,1449,2147,2147,,5000,5000,1.0,3021694564,20260901,,,s_last,patch_norm
,all_rows,all,micro,top10_jaccard,0.19592255405378114,0.18550142630416458,0.20678352571400835,1449,1449,2147,2147,,5000,5000,1.0,3021694564,20260901,,,s_last,patch_norm
,all_rows,all,micro,top20_jaccard,0.24036410171866365,0.23050753302489826,0.250634176499293,1449,1449,2147,2147,,5000,5000,1.0,3021694564,20260901,,,s_last,patch_norm
,all_rows,all,macro_class,map_spearman,-0.16231812079220098,-0.17886684633299546,-0.14561440955688507,1449,1449,2147,2147,20,5000,5000,1.0,3021694564,20260901,,,s_last,patch_norm
,all_rows,all,macro_class,top05_jaccard,0.14244385502108436,0.13263498523931597,0.15297175812448657,1449,1449,2147,2147,20,5000,5000,1.0,3021694564,20260901,,,s_last,patch_norm
,all_rows,all,macro_class,top10_jaccard,0.18070896272588563,0.17173552545456955,0.19031362071089764,1449,1449,2147,2147,20,5000,5000,1.0,3021694564,20260901,,,s_last,patch_norm
,all_rows,all,macro_class,top20_jaccard,0.2229125946296307,0.21447081973150722,0.23137025614693688,1449,1449,2147,2147,20,5000,5000,1.0,3021694564,20260901,,,s_last,patch_norm
,all_rows,single_label,micro,map_spearman,-0.23779941743195335,-0.2695524568194994,-0.20686824942471135,927,927,927,927,,5000,5000,1.0,3021694564,20260901,,,s_last,patch_norm
,all_rows,single_label,micro,top05_jaccard,0.07758321541943075,0.06700273940048289,0.08825803723980555,927,927,927,927,,5000,5000,1.0,3021694564,20260901,,,s_last,patch_norm
,all_rows,single_label,micro,top10_jaccard,0.12737696701142875,0.11551111437104387,0.13954513871429772,927,927,927,927,,5000,5000,1.0,3021694564,20260901,,,s_last,patch_norm
,all_rows,single_label,micro,top20_jaccard,0.19052357400743206,0.17735306281204874,0.20370624137679477,927,927,927,927,,5000,5000,1.0,3021694564,20260901,,,s_last,patch_norm
,all_rows,single_label,macro_class,map_spearman,-0.19591574903336567,-0.22468584043633674,-0.16923408939461448,927,927,927,927,20,5000,5000,1.0,3021694564,20260901,,,s_last,patch_norm
,all_rows,single_label,macro_class,top05_jaccard,0.08284054347433462,0.07220499479174516,0.09382398294129321,927,927,927,927,20,5000,5000,1.0,3021694564,20260901,,,s_last,patch_norm
,all_rows,single_label,macro_class,top10_jaccard,0.13708239229850594,0.1250359558478786,0.14938622561613185,927,927,927,927,20,5000,5000,1.0,3021694564,20260901,,,s_last,patch_norm
,all_rows,single_label,macro_class,top20_jaccard,0.203708386991097,0.19009692362468494,0.21725665597062352,927,927,927,927,20,5000,5000,1.0,3021694564,20260901,,,s_last,patch_norm
,all_rows,exactly_2_labels,micro,map_spearman,-0.025666170102543438,-0.061714175248444164,0.009847260325017471,375,375,750,750,,5000,5000,1.0,3021694564,20260901,,,s_last,patch_norm
,all_rows,exactly_2_labels,micro,top05_jaccard,0.1990724175094725,0.1788687021967669,0.22023471123357163,375,375,750,750,,5000,5000,1.0,3021694564,20260901,,,s_last,patch_norm
,all_rows,exactly_2_labels,micro,top10_jaccard,0.24244141565308797,0.22298248233236848,0.2620140040081777,375,375,750,750,,5000,5000,1.0,3021694564,20260901,,,s_last,patch_norm
,all_rows,exactly_2_labels,micro,top20_jaccard,0.2809336620652831,0.2626858267391421,0.2991330586833264,375,375,750,750,,5000,5000,1.0,3021694564,20260901,,,s_last,patch_norm
,all_rows,exactly_2_labels,macro_class,map_spearman,-0.09932940715176354,-0.13584079738783666,-0.059059433132269114,375,375,750,750,20,5000,5000,1.0,3021694564,20260901,,,s_last,patch_norm
,all_rows,exactly_2_labels,macro_class,top05_jaccard,0.18755472702750892,0.16065512183186886,0.21535522301433252,375,375,750,750,20,5000,5000,1.0,3021694564,20260901,,,s_last,patch_norm
,all_rows,exactly_2_labels,macro_class,top10_jaccard,0.2261606104060366,0.20296406991635854,0.2506345797152458,375,375,750,750,20,5000,5000,1.0,3021694564,20260901,,,s_last,patch_norm
,all_rows,exactly_2_labels,macro_class,top20_jaccard,0.25815435309585977,0.2376474571788933,0.27945824377876116,375,375,750,750,20,5000,5000,1.0,3021694564,20260901,,,s_last,patch_norm
,all_rows,3plus_labels,micro,map_spearman,-0.010950387184327113,-0.044099763538715704,0.023555721047220906,147,147,470,470,,5000,5000,1.0,3021694564,20260901,,,s_last,patch_norm
,all_rows,3plus_labels,micro,top05_jaccard,0.23609827055816862,0.21080657073162493,0.26177048933740216,147,147,470,470,,5000,5000,1.0,3021694564,20260901,,,s_last,patch_norm
,all_rows,3plus_labels,micro,top10_jaccard,0.2568855604128866,0.23518184335837233,0.2793433340342987,147,147,470,470,,5000,5000,1.0,3021694564,20260901,,,s_last,patch_norm
,all_rows,3plus_labels,micro,top20_jaccard,0.2739279292257867,0.2546798999238118,0.29437852617769883,147,147,470,470,,5000,5000,1.0,3021694564,20260901,,,s_last,patch_norm
,all_rows,3plus_labels,macro_class,map_spearman,-0.05315670795328944,-0.0952671950039828,0.0024697816204670925,147,147,470,470,20,5000,5000,1.0,3021694564,20260901,,,s_last,patch_norm
,all_rows,3plus_labels,macro_class,top05_jaccard,0.23301698438565532,0.2025571474656484,0.2762685453097224,147,147,470,470,20,5000,5000,1.0,3021694564,20260901,,,s_last,patch_norm
,all_rows,3plus_labels,macro_class,top10_jaccard,0.24898526510638663,0.22265189696674817,0.2841009438110966,147,147,470,470,20,5000,5000,1.0,3021694564,20260901,,,s_last,patch_norm
,all_rows,3plus_labels,macro_class,top20_jaccard,0.2627498184838162,0.24028372619049168,0.292352968380359,147,147,470,470,20,5000,5000,1.0,3021694564,20260901,,,s_last,patch_norm
,per_class,all,micro,map_spearman,-0.4343987298594104,-0.5054357484012516,-0.36188649661710476,90,90,90,90,,5000,5000,1.0,3021694564,20260901,0,aeroplane,s_last,patch_norm
,per_class,all,micro,top05_jaccard,0.05358218465462936,0.023745290250977137,0.09076258381839965,90,90,90,90,,5000,5000,1.0,3021694564,20260901,0,aeroplane,s_last,patch_norm
,per_class,all,micro,top10_jaccard,0.07813452816416515,0.045959509326656205,0.1154781699931286,90,90,90,90,,5000,5000,1.0,3021694564,20260901,0,aeroplane,s_last,patch_norm
,per_class,all,micro,top20_jaccard,0.10917275506634828,0.07967939118945247,0.14165021609729145,90,90,90,90,,5000,5000,1.0,3021694564,20260901,0,aeroplane,s_last,patch_norm
,per_class,all,micro,map_spearman,0.2691544458871596,0.20178065329851522,0.33487813782359666,79,79,79,79,,5000,5000,1.0,3021694564,20260901,1,bicycle,s_last,patch_norm
,per_class,all,micro,top05_jaccard,0.3575800687429717,0.30461494710888226,0.41149651338547705,79,79,79,79,,5000,5000,1.0,3021694564,20260901,1,bicycle,s_last,patch_norm
,per_class,all,micro,top10_jaccard,0.4034361247791347,0.3579642994896929,0.45050020538502167,79,79,79,79,,5000,5000,1.0,3021694564,20260901,1,bicycle,s_last,patch_norm
,per_class,all,micro,top20_jaccard,0.42378293641282017,0.3820006281064323,0.46534507821812976,79,79,79,79,,5000,5000,1.0,3021694564,20260901,1,bicycle,s_last,patch_norm
,per_class,all,micro,map_spearman,-0.46485495430188417,-0.5485493861444698,-0.3794324670389365,103,103,103,103,,5000,5000,1.0,3021694564,20260901,2,bird,s_last,patch_norm
,per_class,all,micro,top05_jaccard,0.07272228893487302,0.03391099648451262,0.11767902345714151,103,103,103,103,,5000,5000,1.0,3021694564,20260901,2,bird,s_last,patch_norm
,per_class,all,micro,top10_jaccard,0.09127570040076764,0.05569331409870512,0.13147006669140185,103,103,103,103,,5000,5000,1.0,3021694564,20260901,2,bird,s_last,patch_norm
,per_class,all,micro,top20_jaccard,0.11368279676121831,0.08011732973262799,0.14952941962515895,103,103,103,103,,5000,5000,1.0,3021694564,20260901,2,bird,s_last,patch_norm
,per_class,all,micro,map_spearman,-0.3748592934625767,-0.47746788488273145,-0.26617978556527105,72,72,72,72,,5000,5000,1.0,3021694564,20260901,3,boat,s_last,patch_norm
,per_class,all,micro,top05_jaccard,0.02696152095421337,0.012973568572978662,0.0440989878582532,72,72,72,72,,5000,5000,1.0,3021694564,20260901,3,boat,s_last,patch_norm
,per_class,all,micro,top10_jaccard,0.0722405870398632,0.04685253271167956,0.10126728679845753,72,72,72,72,,5000,5000,1.0,3021694564,20260901,3,boat,s_last,patch_norm
,per_class,all,micro,top20_jaccard,0.14245524785202798,0.10472455167099033,0.18308020320714294,72,72,72,72,,5000,5000,1.0,3021694564,20260901,3,boat,s_last,patch_norm
,per_class,all,micro,map_spearman,-0.17681521535806857,-0.23366499424806167,-0.11613614843760718,96,96,96,96,,5000,5000,1.0,3021694564,20260901,4,bottle,s_last,patch_norm
,per_class,all,micro,top05_jaccard,0.17302795056274042,0.12615708713608856,0.2247126735453749,96,96,96,96,,5000,5000,1.0,3021694564,20260901,4,bottle,s_last,patch_norm
,per_class,all,micro,top10_jaccard,0.18731237845271312,0.15033879337651496,0.22682997627838464,96,96,96,96,,5000,5000,1.0,3021694564,20260901,4,bottle,s_last,patch_norm
,per_class,all,micro,top20_jaccard,0.2130394677392119,0.1842153685181408,0.24372472838996123,96,96,96,96,,5000,5000,1.0,3021694564,20260901,4,bottle,s_last,patch_norm
,per_class,all,micro,map_spearman,-0.13582089404745862,-0.21471570388545663,-0.05943326397504432,74,74,74,74,,5000,5000,1.0,3021694564,20260901,5,bus,s_last,patch_norm
,per_class,all,micro,top05_jaccard,0.14089747981557277,0.09303792908795193,0.19484952421061505,74,74,74,74,,5000,5000,1.0,3021694564,20260901,5,bus,s_last,patch_norm
,per_class,all,micro,top10_jaccard,0.15136538358618248,0.11100344502209411,0.19714645903512323,74,74,74,74,,5000,5000,1.0,3021694564,20260901,5,bus,s_last,patch_norm
,per_class,all,micro,top20_jaccard,0.16892119475083686,0.1350276247639277,0.20619703326329233,74,74,74,74,,5000,5000,1.0,3021694564,20260901,5,bus,s_last,patch_norm
,per_class,all,micro,map_spearman,0.14195358626695753,0.09091709596175052,0.19314728758014274,127,127,127,127,,5000,5000,1.0,3021694564,20260901,6,car,s_last,patch_norm
,per_class,all,micro,top05_jaccard,0.20075270170331697,0.15622647477558374,0.24649312654171743,127,127,127,127,,5000,5000,1.0,3021694564,20260901,6,car,s_last,patch_norm
,per_class,all,micro,top10_jaccard,0.24626877100897202,0.20658083463772778,0.28616172821601693,127,127,127,127,,5000,5000,1.0,3021694564,20260901,6,car,s_last,patch_norm
,per_class,all,micro,top20_jaccard,0.31249312299511095,0.27990685302854307,0.34488128054606665,127,127,127,127,,5000,5000,1.0,3021694564,20260901,6,car,s_last,patch_norm
,per_class,all,micro,map_spearman,0.17110511127235298,0.12006002052900515,0.22118248599725115,119,119,119,119,,5000,5000,1.0,3021694564,20260901,7,cat,s_last,patch_norm
,per_class,all,micro,top05_jaccard,0.1331730023462806,0.0979644791812537,0.16840163580795972,119,119,119,119,,5000,5000,1.0,3021694564,20260901,7,cat,s_last,patch_norm
,per_class,all,micro,top10_jaccard,0.23340611246673265,0.19644350324947463,0.2704561216870243,119,119,119,119,,5000,5000,1.0,3021694564,20260901,7,cat,s_last,patch_norm
,per_class,all,micro,top20_jaccard,0.3603176336458499,0.3256857739935115,0.39461755682538213,119,119,119,119,,5000,5000,1.0,3021694564,20260901,7,cat,s_last,patch_norm
,per_class,all,micro,map_spearman,-0.1930328201004798,-0.25098520443467265,-0.1323271319639346,123,123,123,123,,5000,5000,1.0,3021694564,20260901,8,chair,s_last,patch_norm
,per_class,all,micro,top05_jaccard,0.17475755456395006,0.12881461108588366,0.22494276086593323,123,123,123,123,,5000,5000,1.0,3021694564,20260901,8,chair,s_last,patch_norm
,per_class,all,micro,top10_jaccard,0.19115778618855944,0.15638856196570594,0.22896843711890238,123,123,123,123,,5000,5000,1.0,3021694564,20260901,8,chair,s_last,patch_norm
,per_class,all,micro,top20_jaccard,0.21754090925661976,0.1881551493123819,0.24913619883213697,123,123,123,123,,5000,5000,1.0,3021694564,20260901,8,chair,s_last,patch_norm
,per_class,all,micro,map_spearman,-0.8187666556936648,-0.8774593264406916,-0.7515574718378148,71,71,71,71,,5000,5000,1.0,3021694564,20260901,9,cow,s_last,patch_norm
,per_class,all,micro,top05_jaccard,0.0297557012263858,0.0003658313517468447,0.06597300504932342,71,71,71,71,,5000,5000,1.0,3021694564,20260901,9,cow,s_last,patch_norm
,per_class,all,micro,top10_jaccard,0.022995002669934483,0.001212796444331728,0.05032650062208625,71,71,71,71,,5000,5000,1.0,3021694564,20260901,9,cow,s_last,patch_norm
,per_class,all,micro,top20_jaccard,0.02561830871927158,0.007068696374893291,0.048855296820570875,71,71,71,71,,5000,5000,1.0,3021694564,20260901,9,cow,s_last,patch_norm
,per_class,all,micro,map_spearman,-0.06354952642825197,-0.12549586953018052,-0.00013271319516934706,75,75,75,75,,5000,5000,1.0,3021694564,20260901,10,diningtable,s_last,patch_norm
,per_class,all,micro,top05_jaccard,0.20126795122135427,0.13976740327872766,0.26957256104376,75,75,75,75,,5000,5000,1.0,3021694564,20260901,10,diningtable,s_last,patch_norm
,per_class,all,micro,top10_jaccard,0.2277181014922366,0.177016412747882,0.28267718735171427,75,75,75,75,,5000,5000,1.0,3021694564,20260901,10,diningtable,s_last,patch_norm
,per_class,all,micro,top20_jaccard,0.24837335306380387,0.21257622093041537,0.28469566828166154,75,75,75,75,,5000,5000,1.0,3021694564,20260901,10,diningtable,s_last,patch_norm
,per_class,all,micro,map_spearman,0.09651950246970337,0.03141716675707344,0.16193555559696587,128,128,128,128,,5000,5000,1.0,3021694564,20260901,11,dog,s_last,patch_norm
,per_class,all,micro,top05_jaccard,0.14296175494216995,0.10986763274323463,0.17775531164463707,128,128,128,128,,5000,5000,1.0,3021694564,20260901,11,dog,s_last,patch_norm
,per_class,all,micro,top10_jaccard,0.23164680045021185,0.19675647797732784,0.26708369995026304,128,128,128,128,,5000,5000,1.0,3021694564,20260901,11,dog,s_last,patch_norm
,per_class,all,micro,top20_jaccard,0.30947677900549625,0.27316699742211126,0.3468859847401306,128,128,128,128,,5000,5000,1.0,3021694564,20260901,11,dog,s_last,patch_norm
,per_class,all,micro,map_spearman,-0.37727483873573525,-0.46898778771676297,-0.2841087007977414,79,79,79,79,,5000,5000,1.0,3021694564,20260901,12,horse,s_last,patch_norm
,per_class,all,micro,top05_jaccard,0.06256547890611192,0.02623133506225586,0.10823454503079218,79,79,79,79,,5000,5000,1.0,3021694564,20260901,12,horse,s_last,patch_norm
,per_class,all,micro,top10_jaccard,0.08386715431558468,0.04839102741303318,0.1273593954684177,79,79,79,79,,5000,5000,1.0,3021694564,20260901,12,horse,s_last,patch_norm
,per_class,all,micro,top20_jaccard,0.11467111503717661,0.07777802527106831,0.15791585017276452,79,79,79,79,,5000,5000,1.0,3021694564,20260901,12,horse,s_last,patch_norm
,per_class,all,micro,map_spearman,-0.08768401383724651,-0.17648360176524713,0.0033402592790102445,76,76,76,76,,5000,5000,1.0,3021694564,20260901,13,motorbike,s_last,patch_norm
,per_class,all,micro,top05_jaccard,0.11057478835754472,0.07505677067696324,0.14931209946618051,76,76,76,76,,5000,5000,1.0,3021694564,20260901,13,motorbike,s_last,patch_norm
,per_class,all,micro,top10_jaccard,0.16538251127473183,0.12459009554929709,0.2092072665148291,76,76,76,76,,5000,5000,1.0,3021694564,20260901,13,motorbike,s_last,patch_norm
,per_class,all,micro,top20_jaccard,0.2307719276342249,0.1872529630722163,0.2772569721096755,76,76,76,76,,5000,5000,1.0,3021694564,20260901,13,motorbike,s_last,patch_norm
,per_class,all,micro,map_spearman,-0.012687878604212718,-0.048007286944760016,0.022186696607250388,445,445,445,445,,5000,5000,1.0,3021694564,20260901,14,person,s_last,patch_norm
,per_class,all,micro,top05_jaccard,0.19777894417014993,0.1749456600673069,0.22147018576985306,445,445,445,445,,5000,5000,1.0,3021694564,20260901,14,person,s_last,patch_norm
,per_class,all,micro,top10_jaccard,0.24093963718233455,0.22036533125295055,0.2619398520280186,445,445,445,445,,5000,5000,1.0,3021694564,20260901,14,person,s_last,patch_norm
,per_class,all,micro,top20_jaccard,0.2804860791055298,0.26227368439113696,0.2992303200658,445,445,445,445,,5000,5000,1.0,3021694564,20260901,14,person,s_last,patch_norm
,per_class,all,micro,map_spearman,0.08918873422743823,0.014985884766814754,0.16171351949446036,85,85,85,85,,5000,5000,1.0,3021694564,20260901,15,pottedplant,s_last,patch_norm
,per_class,all,micro,top05_jaccard,0.274348143831205,0.21617935965722876,0.33628912146780104,85,85,85,85,,5000,5000,1.0,3021694564,20260901,15,pottedplant,s_last,patch_norm
,per_class,all,micro,top10_jaccard,0.3127769981577707,0.2624348170142776,0.36529124886889097,85,85,85,85,,5000,5000,1.0,3021694564,20260901,15,pottedplant,s_last,patch_norm
,per_class,all,micro,top20_jaccard,0.34900398079422335,0.30752290303908675,0.39094934060162123,85,85,85,85,,5000,5000,1.0,3021694564,20260901,15,pottedplant,s_last,patch_norm
,per_class,all,micro,map_spearman,-0.7153615574394897,-0.7910174687622185,-0.6220750652700885,57,57,57,57,,5000,5000,1.0,3021694564,20260901,16,sheep,s_last,patch_norm
,per_class,all,micro,top05_jaccard,0.04722515927024475,0.00711025211932653,0.09820376253655454,57,57,57,57,,5000,5000,1.0,3021694564,20260901,16,sheep,s_last,patch_norm
,per_class,all,micro,top10_jaccard,0.04852731018111869,0.008886173458625395,0.10240443978671214,57,57,57,57,,5000,5000,1.0,3021694564,20260901,16,sheep,s_last,patch_norm
,per_class,all,micro,top20_jaccard,0.04651036491183314,0.013859554586194846,0.09164069894344118,57,57,57,57,,5000,5000,1.0,3021694564,20260901,16,sheep,s_last,patch_norm
,per_class,all,micro,map_spearman,0.1461590976220452,0.08715107910791355,0.20650944237865068,90,90,90,90,,5000,5000,1.0,3021694564,20260901,17,sofa,s_last,patch_norm
,per_class,all,micro,top05_jaccard,0.21027155547057413,0.16442957589389698,0.26200786293696815,90,90,90,90,,5000,5000,1.0,3021694564,20260901,17,sofa,s_last,patch_norm
,per_class,all,micro,top10_jaccard,0.27761288617595653,0.24069548061248355,0.31890422065340596,90,90,90,90,,5000,5000,1.0,3021694564,20260901,17,sofa,s_last,patch_norm
,per_class,all,micro,top20_jaccard,0.3327221953213042,0.2971244579952033,0.36994540334604026,90,90,90,90,,5000,5000,1.0,3021694564,20260901,17,sofa,s_last,patch_norm
,per_class,all,micro,map_spearman,-0.4461221866390116,-0.5213284817239094,-0.36664905792860747,84,84,84,84,,5000,5000,1.0,3021694564,20260901,18,train,s_last,patch_norm
,per_class,all,micro,top05_jaccard,0.03493359049180241,0.013407679343650284,0.06340681914200048,84,84,84,84,,5000,5000,1.0,3021694564,20260901,18,train,s_last,patch_norm
,per_class,all,micro,top10_jaccard,0.05197323413751587,0.029404297254768723,0.07830339665157973,84,84,84,84,,5000,5000,1.0,3021694564,20260901,18,train,s_last,patch_norm
,per_class,all,micro,top20_jaccard,0.08002931057954561,0.05519509198546951,0.10703466859911148,84,84,84,84,,5000,5000,1.0,3021694564,20260901,18,train,s_last,patch_norm
,per_class,all,micro,map_spearman,0.1407856709178138,0.07030827791736442,0.20827906000661478,74,74,74,74,,5000,5000,1.0,3021694564,20260901,19,tvmonitor,s_last,patch_norm
,per_class,all,micro,top05_jaccard,0.20373928025559665,0.1584648909453496,0.2511112609483823,74,74,74,74,,5000,5000,1.0,3021694564,20260901,19,tvmonitor,s_last,patch_norm
,per_class,all,micro,top10_jaccard,0.29614224639322617,0.2541718959913027,0.3399848159281338,74,74,74,74,,5000,5000,1.0,3021694564,20260901,19,tvmonitor,s_last,patch_norm
,per_class,all,micro,top20_jaccard,0.3791824139401601,0.34097895693071134,0.41963524031941885,74,74,74,74,,5000,5000,1.0,3021694564,20260901,19,tvmonitor,s_last,patch_norm
,all_rows,all,micro,map_spearman,0.10327720204082089,0.0923644021147211,0.11447847291800047,1449,1449,2131,2147,,5000,5000,1.0,3021694564,20260901,,,s_last,r_native_classifier
,all_rows,all,micro,top05_jaccard,0.039385473144352534,0.03675342822640163,0.04206663357733218,1449,1449,2147,2147,,5000,5000,1.0,3021694564,20260901,,,s_last,r_native_classifier
,all_rows,all,micro,top10_jaccard,0.0773068088860126,0.07384376423552687,0.08088314585520634,1449,1449,2147,2147,,5000,5000,1.0,3021694564,20260901,,,s_last,r_native_classifier
,all_rows,all,micro,top20_jaccard,0.15047781399603552,0.14612537728350494,0.1548850372974958,1449,1449,2147,2147,,5000,5000,1.0,3021694564,20260901,,,s_last,r_native_classifier
,all_rows,all,macro_class,map_spearman,0.08949127696729622,0.07896969640297964,0.10006837425180111,1449,1449,2131,2147,20,5000,5000,1.0,3021694564,20260901,,,s_last,r_native_classifier
,all_rows,all,macro_class,top05_jaccard,0.038067586155857744,0.03522694219128781,0.04096138097165631,1449,1449,2147,2147,20,5000,5000,1.0,3021694564,20260901,,,s_last,r_native_classifier
,all_rows,all,macro_class,top10_jaccard,0.07421738925842575,0.07073369407926706,0.07786148265807237,1449,1449,2147,2147,20,5000,5000,1.0,3021694564,20260901,,,s_last,r_native_classifier
,all_rows,all,macro_class,top20_jaccard,0.1457984712153024,0.14144862824377247,0.1501598666139015,1449,1449,2147,2147,20,5000,5000,1.0,3021694564,20260901,,,s_last,r_native_classifier
,all_rows,single_label,micro,map_spearman,0.1205151704119468,0.09948013904882638,0.14159862301313994,927,927,927,927,,5000,5000,1.0,3021694564,20260901,,,s_last,r_native_classifier
,all_rows,single_label,micro,top05_jaccard,0.03535571911414299,0.03137806739802666,0.03965430347643623,927,927,927,927,,5000,5000,1.0,3021694564,20260901,,,s_last,r_native_classifier
,all_rows,single_label,micro,top10_jaccard,0.07420026628712369,0.06863330811154741,0.08006520530119811,927,927,927,927,,5000,5000,1.0,3021694564,20260901,,,s_last,r_native_classifier
,all_rows,single_label,micro,top20_jaccard,0.15130353149640066,0.14324104049262937,0.15923319257675286,927,927,927,927,,5000,5000,1.0,3021694564,20260901,,,s_last,r_native_classifier
,all_rows,single_label,macro_class,map_spearman,0.12775326325969077,0.10569329996288926,0.1521011072939587,927,927,927,927,20,5000,5000,1.0,3021694564,20260901,,,s_last,r_native_classifier
,all_rows,single_label,macro_class,top05_jaccard,0.03835020460869991,0.03371955654274899,0.04332767815012291,927,927,927,927,20,5000,5000,1.0,3021694564,20260901,,,s_last,r_native_classifier
,all_rows,single_label,macro_class,top10_jaccard,0.07847481769612413,0.07205782534522832,0.08546936998135195,927,927,927,927,20,5000,5000,1.0,3021694564,20260901,,,s_last,r_native_classifier
,all_rows,single_label,macro_class,top20_jaccard,0.15866923354375956,0.14876385096532796,0.1705995189243697,927,927,927,927,20,5000,5000,1.0,3021694564,20260901,,,s_last,r_native_classifier
,all_rows,exactly_2_labels,micro,map_spearman,0.0979202245535556,0.08278111624348589,0.1133309050618677,375,375,742,750,,5000,5000,1.0,3021694564,20260901,,,s_last,r_native_classifier
,all_rows,exactly_2_labels,micro,top05_jaccard,0.04172676368005617,0.037425185278655744,0.04601745783875356,375,375,750,750,,5000,5000,1.0,3021694564,20260901,,,s_last,r_native_classifier
,all_rows,exactly_2_labels,micro,top10_jaccard,0.07998811818058939,0.07448799397704244,0.08555497607684917,375,375,750,750,,5000,5000,1.0,3021694564,20260901,,,s_last,r_native_classifier
,all_rows,exactly_2_labels,micro,top20_jaccard,0.15235718999197007,0.14579791679755727,0.1590184520958824,375,375,750,750,,5000,5000,1.0,3021694564,20260901,,,s_last,r_native_classifier
,all_rows,exactly_2_labels,macro_class,map_spearman,0.06316964498653829,0.042952606873172455,0.08589115685293286,375,375,742,750,20,5000,5000,1.0,3021694564,20260901,,,s_last,r_native_classifier
,all_rows,exactly_2_labels,macro_class,top05_jaccard,0.036993893182090724,0.031201734072219586,0.04377935243328664,375,375,750,750,20,5000,5000,1.0,3021694564,20260901,,,s_last,r_native_classifier
,all_rows,exactly_2_labels,macro_class,top10_jaccard,0.0688784537794834,0.062242707739095154,0.0761689602970955,375,375,750,750,20,5000,5000,1.0,3021694564,20260901,,,s_last,r_native_classifier
,all_rows,exactly_2_labels,macro_class,top20_jaccard,0.13950602841014295,0.13103722785795605,0.14898239178905645,375,375,750,750,20,5000,5000,1.0,3021694564,20260901,,,s_last,r_native_classifier
,all_rows,3plus_labels,micro,map_spearman,0.07729296094886579,0.06381288531316187,0.09135894518506997,147,147,462,470,,5000,5000,1.0,3021694564,20260901,,,s_last,r_native_classifier
,all_rows,3plus_labels,micro,top05_jaccard,0.043597418004408355,0.03778459453228898,0.049898931198186204,147,147,470,470,,5000,5000,1.0,3021694564,20260901,,,s_last,r_native_classifier
,all_rows,3plus_labels,micro,top10_jaccard,0.07915528339289966,0.07219636004648654,0.0868309764785324,147,147,470,470,,5000,5000,1.0,3021694564,20260901,,,s_last,r_native_classifier
,all_rows,3plus_labels,micro,top20_jaccard,0.14585021374116325,0.13917061581413528,0.15274347535786922,147,147,470,470,,5000,5000,1.0,3021694564,20260901,,,s_last,r_native_classifier
,all_rows,3plus_labels,macro_class,map_spearman,0.0587195380896874,0.027691014530358125,0.09602611691156236,147,147,462,470,20,5000,5000,1.0,3021694564,20260901,,,s_last,r_native_classifier
,all_rows,3plus_labels,macro_class,top05_jaccard,0.04701200685968929,0.034195633340340106,0.05450383845986778,147,147,470,470,20,5000,5000,1.0,3021694564,20260901,,,s_last,r_native_classifier
,all_rows,3plus_labels,macro_class,top10_jaccard,0.08628349171587688,0.06983535534188623,0.09775556898292251,147,147,470,470,20,5000,5000,1.0,3021694564,20260901,,,s_last,r_native_classifier
,all_rows,3plus_labels,macro_class,top20_jaccard,0.15760387517756347,0.13707353414909607,0.17329014469653453,147,147,470,470,20,5000,5000,1.0,3021694564,20260901,,,s_last,r_native_classifier
,per_class,all,micro,map_spearman,0.11947637755953665,0.06455693677855058,0.17382158884545815,90,90,90,90,,5000,5000,1.0,3021694564,20260901,0,aeroplane,s_last,r_native_classifier
,per_class,all,micro,top05_jaccard,0.06084073019672276,0.047171935005787216,0.07682123316285007,90,90,90,90,,5000,5000,1.0,3021694564,20260901,0,aeroplane,s_last,r_native_classifier
,per_class,all,micro,top10_jaccard,0.11194772958807682,0.09451344242248289,0.13089266646564038,90,90,90,90,,5000,5000,1.0,3021694564,20260901,0,aeroplane,s_last,r_native_classifier
,per_class,all,micro,top20_jaccard,0.19583909007493322,0.17069970578188753,0.22218324726538657,90,90,90,90,,5000,5000,1.0,3021694564,20260901,0,aeroplane,s_last,r_native_classifier
,per_class,all,micro,map_spearman,0.2982001739926856,0.24673833228018627,0.35053813144397994,78,79,78,79,,5000,5000,1.0,3021694564,20260901,1,bicycle,s_last,r_native_classifier
,per_class,all,micro,top05_jaccard,0.07109591517575226,0.053896751811565134,0.09039726357251822,79,79,79,79,,5000,5000,1.0,3021694564,20260901,1,bicycle,s_last,r_native_classifier
,per_class,all,micro,top10_jaccard,0.12700336157217226,0.10793175819520681,0.1476486802715917,79,79,79,79,,5000,5000,1.0,3021694564,20260901,1,bicycle,s_last,r_native_classifier
,per_class,all,micro,top20_jaccard,0.22114986937820125,0.2005596598285395,0.24256579490461533,79,79,79,79,,5000,5000,1.0,3021694564,20260901,1,bicycle,s_last,r_native_classifier
,per_class,all,micro,map_spearman,-0.1698661728111678,-0.20508506370696464,-0.1355248530049787,102,103,102,103,,5000,5000,1.0,3021694564,20260901,2,bird,s_last,r_native_classifier
,per_class,all,micro,top05_jaccard,0.012876751967722403,0.008361438728444037,0.017877246800715337,103,103,103,103,,5000,5000,1.0,3021694564,20260901,2,bird,s_last,r_native_classifier
,per_class,all,micro,top10_jaccard,0.024828198294306405,0.018471394716508847,0.03185420277927851,103,103,103,103,,5000,5000,1.0,3021694564,20260901,2,bird,s_last,r_native_classifier
,per_class,all,micro,top20_jaccard,0.06029121299225139,0.051415613909087415,0.06901127701130183,103,103,103,103,,5000,5000,1.0,3021694564,20260901,2,bird,s_last,r_native_classifier
,per_class,all,micro,map_spearman,0.0062284552524976815,-0.048994124790584896,0.0626149455335962,72,72,72,72,,5000,5000,1.0,3021694564,20260901,3,boat,s_last,r_native_classifier
,per_class,all,micro,top05_jaccard,0.047667406263097865,0.03325356649830929,0.06473703597090813,72,72,72,72,,5000,5000,1.0,3021694564,20260901,3,boat,s_last,r_native_classifier
,per_class,all,micro,top10_jaccard,0.07959877823792787,0.0633982771849373,0.097614837187604,72,72,72,72,,5000,5000,1.0,3021694564,20260901,3,boat,s_last,r_native_classifier
,per_class,all,micro,top20_jaccard,0.13470933646879707,0.1127848501445498,0.15873658272497557,72,72,72,72,,5000,5000,1.0,3021694564,20260901,3,boat,s_last,r_native_classifier
,per_class,all,micro,map_spearman,0.07703123658312686,0.028591800834399054,0.12759712028550657,95,96,95,96,,5000,5000,1.0,3021694564,20260901,4,bottle,s_last,r_native_classifier
,per_class,all,micro,top05_jaccard,0.03344549807503676,0.02375128227865876,0.045038354160174196,96,96,96,96,,5000,5000,1.0,3021694564,20260901,4,bottle,s_last,r_native_classifier
,per_class,all,micro,top10_jaccard,0.061801119965655425,0.0514362922489378,0.07324291914303797,96,96,96,96,,5000,5000,1.0,3021694564,20260901,4,bottle,s_last,r_native_classifier
,per_class,all,micro,top20_jaccard,0.13803402332583137,0.11930970315277317,0.15750495004777176,96,96,96,96,,5000,5000,1.0,3021694564,20260901,4,bottle,s_last,r_native_classifier
,per_class,all,micro,map_spearman,-0.006468993187277555,-0.0590799347970204,0.045466509135700967,73,74,73,74,,5000,5000,1.0,3021694564,20260901,5,bus,s_last,r_native_classifier
,per_class,all,micro,top05_jaccard,0.015433266019673781,0.00971713256683007,0.022689234720362605,74,74,74,74,,5000,5000,1.0,3021694564,20260901,5,bus,s_last,r_native_classifier
,per_class,all,micro,top10_jaccard,0.041505875538404104,0.030789149045961344,0.05447779807221722,74,74,74,74,,5000,5000,1.0,3021694564,20260901,5,bus,s_last,r_native_classifier
,per_class,all,micro,top20_jaccard,0.10247959603345823,0.08561369631748404,0.12080153457377446,74,74,74,74,,5000,5000,1.0,3021694564,20260901,5,bus,s_last,r_native_classifier
,per_class,all,micro,map_spearman,0.16705082883459585,0.12355471158787538,0.21029453378407445,126,127,126,127,,5000,5000,1.0,3021694564,20260901,6,car,s_last,r_native_classifier
,per_class,all,micro,top05_jaccard,0.035463309749371875,0.02674669531317903,0.045415614356193006,127,127,127,127,,5000,5000,1.0,3021694564,20260901,6,car,s_last,r_native_classifier
,per_class,all,micro,top10_jaccard,0.07355233492611431,0.060852141672719476,0.08703695319807493,127,127,127,127,,5000,5000,1.0,3021694564,20260901,6,car,s_last,r_native_classifier
,per_class,all,micro,top20_jaccard,0.15336784393290268,0.13505977447702516,0.17123460992352088,127,127,127,127,,5000,5000,1.0,3021694564,20260901,6,car,s_last,r_native_classifier
,per_class,all,micro,map_spearman,0.4634795475242988,0.4281991575634086,0.4993029562901476,118,119,118,119,,5000,5000,1.0,3021694564,20260901,7,cat,s_last,r_native_classifier
,per_class,all,micro,top05_jaccard,0.029545614052078086,0.02142183098218023,0.038457935219018295,119,119,119,119,,5000,5000,1.0,3021694564,20260901,7,cat,s_last,r_native_classifier
,per_class,all,micro,top10_jaccard,0.08557390015152191,0.06903738471675451,0.10331275048650812,119,119,119,119,,5000,5000,1.0,3021694564,20260901,7,cat,s_last,r_native_classifier
,per_class,all,micro,top20_jaccard,0.22417414017458223,0.1989629729788945,0.2515465393397813,119,119,119,119,,5000,5000,1.0,3021694564,20260901,7,cat,s_last,r_native_classifier
,per_class,all,micro,map_spearman,0.011079111431966769,-0.02636029845628397,0.04740021625722902,120,123,120,123,,5000,5000,1.0,3021694564,20260901,8,chair,s_last,r_native_classifier
,per_class,all,micro,top05_jaccard,0.020115887845868208,0.014335300615270457,0.026387181339807525,123,123,123,123,,5000,5000,1.0,3021694564,20260901,8,chair,s_last,r_native_classifier
,per_class,all,micro,top10_jaccard,0.04631954874876059,0.03875864294063787,0.053768538676577396,123,123,123,123,,5000,5000,1.0,3021694564,20260901,8,chair,s_last,r_native_classifier
,per_class,all,micro,top20_jaccard,0.12032619104428313,0.10683189183712502,0.13472589392607456,123,123,123,123,,5000,5000,1.0,3021694564,20260901,8,chair,s_last,r_native_classifier
,per_class,all,micro,map_spearman,-0.24204070561786648,-0.3025305040363273,-0.18291643956432066,70,71,70,71,,5000,5000,1.0,3021694564,20260901,9,cow,s_last,r_native_classifier
,per_class,all,micro,top05_jaccard,0.003942497235376043,0.0012998533465546067,0.007071499358517074,71,71,71,71,,5000,5000,1.0,3021694564,20260901,9,cow,s_last,r_native_classifier
,per_class,all,micro,top10_jaccard,0.012621253562782452,0.007480565847156232,0.018374494617720883,71,71,71,71,,5000,5000,1.0,3021694564,20260901,9,cow,s_last,r_native_classifier
,per_class,all,micro,top20_jaccard,0.042498343190468045,0.0322210736247588,0.05328363239866012,71,71,71,71,,5000,5000,1.0,3021694564,20260901,9,cow,s_last,r_native_classifier
,per_class,all,micro,map_spearman,0.07419843362598674,0.026158471447384764,0.12083768690094789,73,75,73,75,,5000,5000,1.0,3021694564,20260901,10,diningtable,s_last,r_native_classifier
,per_class,all,micro,top05_jaccard,0.04520033812603619,0.028908456028299348,0.06451394289822404,75,75,75,75,,5000,5000,1.0,3021694564,20260901,10,diningtable,s_last,r_native_classifier
,per_class,all,micro,top10_jaccard,0.07717029403379701,0.05977304864050215,0.09628017554037054,75,75,75,75,,5000,5000,1.0,3021694564,20260901,10,diningtable,s_last,r_native_classifier
,per_class,all,micro,top20_jaccard,0.13807858885067012,0.11821768744946216,0.1582321305341513,75,75,75,75,,5000,5000,1.0,3021694564,20260901,10,diningtable,s_last,r_native_classifier
,per_class,all,micro,map_spearman,0.16550733458314582,0.1132523322012099,0.21854481698621592,128,128,128,128,,5000,5000,1.0,3021694564,20260901,11,dog,s_last,r_native_classifier
,per_class,all,micro,top05_jaccard,0.03575215985368085,0.025415188353201917,0.04744587963008048,128,128,128,128,,5000,5000,1.0,3021694564,20260901,11,dog,s_last,r_native_classifier
,per_class,all,micro,top10_jaccard,0.08340326314877179,0.0664971845063624,0.10288696399189734,128,128,128,128,,5000,5000,1.0,3021694564,20260901,11,dog,s_last,r_native_classifier
,per_class,all,micro,top20_jaccard,0.1673000799618765,0.14674804880845987,0.19016425398356518,128,128,128,128,,5000,5000,1.0,3021694564,20260901,11,dog,s_last,r_native_classifier
,per_class,all,micro,map_spearman,0.13464370638662967,0.08819929340296855,0.1799601376014184,79,79,79,79,,5000,5000,1.0,3021694564,20260901,12,horse,s_last,r_native_classifier
,per_class,all,micro,top05_jaccard,0.01324929823023423,0.008749887357766129,0.01840287681155202,79,79,79,79,,5000,5000,1.0,3021694564,20260901,12,horse,s_last,r_native_classifier
,per_class,all,micro,top10_jaccard,0.04156079770384139,0.032596843786893155,0.051743641026820865,79,79,79,79,,5000,5000,1.0,3021694564,20260901,12,horse,s_last,r_native_classifier
,per_class,all,micro,top20_jaccard,0.12060686743891967,0.10577909503938046,0.13692956659404137,79,79,79,79,,5000,5000,1.0,3021694564,20260901,12,horse,s_last,r_native_classifier
,per_class,all,micro,map_spearman,0.023057625088295175,-0.03191989774045066,0.07706090890569413,76,76,76,76,,5000,5000,1.0,3021694564,20260901,13,motorbike,s_last,r_native_classifier
,per_class,all,micro,top05_jaccard,0.022030347871480793,0.015133685828479715,0.029552489649977295,76,76,76,76,,5000,5000,1.0,3021694564,20260901,13,motorbike,s_last,r_native_classifier
,per_class,all,micro,top10_jaccard,0.05813896583778333,0.045138129679087764,0.07205290097494711,76,76,76,76,,5000,5000,1.0,3021694564,20260901,13,motorbike,s_last,r_native_classifier
,per_class,all,micro,top20_jaccard,0.12548214853998443,0.10737352218926767,0.14475776088652906,76,76,76,76,,5000,5000,1.0,3021694564,20260901,13,motorbike,s_last,r_native_classifier
,per_class,all,micro,map_spearman,0.10886624193190964,0.08744023894754904,0.130223580890818,445,445,445,445,,5000,5000,1.0,3021694564,20260901,14,person,s_last,r_native_classifier
,per_class,all,micro,top05_jaccard,0.04867108484985772,0.04290716389764658,0.0545806182167723,445,445,445,445,,5000,5000,1.0,3021694564,20260901,14,person,s_last,r_native_classifier
,per_class,all,micro,top10_jaccard,0.092186983298818,0.08462783784992946,0.10011251505219773,445,445,445,445,,5000,5000,1.0,3021694564,20260901,14,person,s_last,r_native_classifier
,per_class,all,micro,top20_jaccard,0.16151289291235948,0.15235688746362494,0.17089437056590723,445,445,445,445,,5000,5000,1.0,3021694564,20260901,14,person,s_last,r_native_classifier
,per_class,all,micro,map_spearman,0.1726904581075579,0.1207289866750042,0.226252503086037,84,85,84,85,,5000,5000,1.0,3021694564,20260901,15,pottedplant,s_last,r_native_classifier
,per_class,all,micro,top05_jaccard,0.08271569495924208,0.06351677238304429,0.10463150345747307,85,85,85,85,,5000,5000,1.0,3021694564,20260901,15,pottedplant,s_last,r_native_classifier
,per_class,all,micro,top10_jaccard,0.12471043483078194,0.10141119084589031,0.14952411851894518,85,85,85,85,,5000,5000,1.0,3021694564,20260901,15,pottedplant,s_last,r_native_classifier
,per_class,all,micro,top20_jaccard,0.1910569373238446,0.1628888086237129,0.2211831911187824,85,85,85,85,,5000,5000,1.0,3021694564,20260901,15,pottedplant,s_last,r_native_classifier
,per_class,all,micro,map_spearman,-0.19187129549048076,-0.2520923408240134,-0.13004580618622333,57,57,57,57,,5000,5000,1.0,3021694564,20260901,16,sheep,s_last,r_native_classifier
,per_class,all,micro,top05_jaccard,0.012926204424882702,0.005684913953874419,0.022045739682410106,57,57,57,57,,5000,5000,1.0,3021694564,20260901,16,sheep,s_last,r_native_classifier
,per_class,all,micro,top10_jaccard,0.030856306169293298,0.02027008521161436,0.04285862654891024,57,57,57,57,,5000,5000,1.0,3021694564,20260901,16,sheep,s_last,r_native_classifier
,per_class,all,micro,top20_jaccard,0.0753789434844193,0.058825665896094594,0.0933698804466711,57,57,57,57,,5000,5000,1.0,3021694564,20260901,16,sheep,s_last,r_native_classifier
,per_class,all,micro,map_spearman,0.1902384053702259,0.14157940742930247,0.23593055177407396,89,90,89,90,,5000,5000,1.0,3021694564,20260901,17,sofa,s_last,r_native_classifier
,per_class,all,micro,top05_jaccard,0.04133937301810321,0.029944968529739505,0.05431336476955033,90,90,90,90,,5000,5000,1.0,3021694564,20260901,17,sofa,s_last,r_native_classifier
,per_class,all,micro,top10_jaccard,0.08722466007409779,0.0697015525058509,0.1068129377974026,90,90,90,90,,5000,5000,1.0,3021694564,20260901,17,sofa,s_last,r_native_classifier
,per_class,all,micro,top20_jaccard,0.17322810044182363,0.15416434202268015,0.19309903046167406,90,90,90,90,,5000,5000,1.0,3021694564,20260901,17,sofa,s_last,r_native_classifier
,per_class,all,micro,map_spearman,0.0068078526769431965,-0.04304398682430137,0.05597215753553165,84,84,84,84,,5000,5000,1.0,3021694564,20260901,18,train,s_last,r_native_classifier
,per_class,all,micro,top05_jaccard,0.020014728320423614,0.013788756296085813,0.027071720114101652,84,84,84,84,,5000,5000,1.0,3021694564,20260901,18,train,s_last,r_native_classifier
,per_class,all,micro,top10_jaccard,0.04592125077517097,0.03538333046159853,0.057549724288089826,84,84,84,84,,5000,5000,1.0,3021694564,20260901,18,train,s_last,r_native_classifier
,per_class,all,micro,top20_jaccard,0.10149603878973815,0.08488288948070095,0.11950888316865867,84,84,84,84,,5000,5000,1.0,3021694564,20260901,18,train,s_last,r_native_classifier
,per_class,all,micro,map_spearman,0.38151691750331457,0.32768794772866566,0.43504137151490224,72,74,72,74,,5000,5000,1.0,3021694564,20260901,19,tvmonitor,s_last,r_native_classifier
,per_class,all,micro,top05_jaccard,0.10902561688251346,0.08300561687367139,0.1388083617608118,74,74,74,74,,5000,5000,1.0,3021694564,20260901,19,tvmonitor,s_last,r_native_classifier
,per_class,all,micro,top10_jaccard,0.17842272871043746,0.14497197096968864,0.21544123081497005,74,74,74,74,,5000,5000,1.0,3021694564,20260901,19,tvmonitor,s_last,r_native_classifier
,per_class,all,micro,top20_jaccard,0.26895917994670365,0.23446801956775054,0.3059647296495762,74,74,74,74,,5000,5000,1.0,3021694564,20260901,19,tvmonitor,s_last,r_native_classifier
,all_rows,all,micro,map_spearman,0.9895884958906869,0.988638876370461,0.9904418610394091,1449,1449,2147,2147,,5000,5000,1.0,3021694564,20260901,,,s_last,s_cosine
,all_rows,all,micro,top05_jaccard,0.7068681609277123,0.6995041470420006,0.7141014648491513,1449,1449,2147,2147,,5000,5000,1.0,3021694564,20260901,,,s_last,s_cosine
,all_rows,all,micro,top10_jaccard,0.7684510209867778,0.7624415612356111,0.7743593515185556,1449,1449,2147,2147,,5000,5000,1.0,3021694564,20260901,,,s_last,s_cosine
,all_rows,all,micro,top20_jaccard,0.8389654684279754,0.834406147063387,0.843471932770341,1449,1449,2147,2147,,5000,5000,1.0,3021694564,20260901,,,s_last,s_cosine
,all_rows,all,macro_class,map_spearman,0.9906444639525172,0.9899784480592286,0.9912401554481437,1449,1449,2147,2147,20,5000,5000,1.0,3021694564,20260901,,,s_last,s_cosine
,all_rows,all,macro_class,top05_jaccard,0.7159134137321376,0.7091278339135558,0.7225329604899628,1449,1449,2147,2147,20,5000,5000,1.0,3021694564,20260901,,,s_last,s_cosine
,all_rows,all,macro_class,top10_jaccard,0.7775661364384789,0.772191100903696,0.7829432224871629,1449,1449,2147,2147,20,5000,5000,1.0,3021694564,20260901,,,s_last,s_cosine
,all_rows,all,macro_class,top20_jaccard,0.8473802061544186,0.843465462439189,0.8512142339366646,1449,1449,2147,2147,20,5000,5000,1.0,3021694564,20260901,,,s_last,s_cosine
,all_rows,single_label,micro,map_spearman,0.9930095713870667,0.9925394634595549,0.9934710388141207,927,927,927,927,,5000,5000,1.0,3021694564,20260901,,,s_last,s_cosine
,all_rows,single_label,micro,top05_jaccard,0.7305645889293735,0.720883495705045,0.739780992532174,927,927,927,927,,5000,5000,1.0,3021694564,20260901,,,s_last,s_cosine
,all_rows,single_label,micro,top10_jaccard,0.7883705219171325,0.780711197777372,0.795899037732749,927,927,927,927,,5000,5000,1.0,3021694564,20260901,,,s_last,s_cosine
,all_rows,single_label,micro,top20_jaccard,0.8574716558387889,0.8518730300885543,0.8631815351457639,927,927,927,927,,5000,5000,1.0,3021694564,20260901,,,s_last,s_cosine
,all_rows,single_label,macro_class,map_spearman,0.9927525354321999,0.9921586594402353,0.9933164740137853,927,927,927,927,20,5000,5000,1.0,3021694564,20260901,,,s_last,s_cosine
,all_rows,single_label,macro_class,top05_jaccard,0.7295698332861975,0.7183194140304585,0.7400010737813244,927,927,927,927,20,5000,5000,1.0,3021694564,20260901,,,s_last,s_cosine
,all_rows,single_label,macro_class,top10_jaccard,0.7849579678709269,0.7765178254646387,0.7931412391047126,927,927,927,927,20,5000,5000,1.0,3021694564,20260901,,,s_last,s_cosine
,all_rows,single_label,macro_class,top20_jaccard,0.8554340652127559,0.8503788845723784,0.8605700506504639,927,927,927,927,20,5000,5000,1.0,3021694564,20260901,,,s_last,s_cosine
,all_rows,exactly_2_labels,micro,map_spearman,0.9876265019151012,0.9856781224933975,0.9893503151004733,375,375,750,750,,5000,5000,1.0,3021694564,20260901,,,s_last,s_cosine
,all_rows,exactly_2_labels,micro,top05_jaccard,0.6843235077648998,0.6712019167969255,0.6975276727203334,375,375,750,750,,5000,5000,1.0,3021694564,20260901,,,s_last,s_cosine
,all_rows,exactly_2_labels,micro,top10_jaccard,0.7518436477149574,0.7400315455114652,0.7631610616037137,375,375,750,750,,5000,5000,1.0,3021694564,20260901,,,s_last,s_cosine
,all_rows,exactly_2_labels,micro,top20_jaccard,0.822506050944146,0.8139445017890787,0.8309652988370023,375,375,750,750,,5000,5000,1.0,3021694564,20260901,,,s_last,s_cosine
,all_rows,exactly_2_labels,macro_class,map_spearman,0.9901006063812403,0.9885907773341068,0.9912777668847952,375,375,750,750,20,5000,5000,1.0,3021694564,20260901,,,s_last,s_cosine
,all_rows,exactly_2_labels,macro_class,top05_jaccard,0.7054388740445048,0.6870583586506088,0.7222776635237691,375,375,750,750,20,5000,5000,1.0,3021694564,20260901,,,s_last,s_cosine
,all_rows,exactly_2_labels,macro_class,top10_jaccard,0.770534020094936,0.7564748963692672,0.7837062513583904,375,375,750,750,20,5000,5000,1.0,3021694564,20260901,,,s_last,s_cosine
,all_rows,exactly_2_labels,macro_class,top20_jaccard,0.8413990734258526,0.8316860614795943,0.8502645664544215,375,375,750,750,20,5000,5000,1.0,3021694564,20260901,,,s_last,s_cosine
,all_rows,3plus_labels,micro,map_spearman,0.9859718118407894,0.9831174153607803,0.988328123900168,147,147,470,470,,5000,5000,1.0,3021694564,20260901,,,s_last,s_cosine
,all_rows,3plus_labels,micro,top05_jaccard,0.6961062484055068,0.6794442440729319,0.7128354528339169,147,147,470,470,,5000,5000,1.0,3021694564,20260901,,,s_last,s_cosine
,all_rows,3plus_labels,micro,top10_jaccard,0.7556641116068408,0.7428782301633757,0.7684815178672466,147,147,470,470,,5000,5000,1.0,3021694564,20260901,,,s_last,s_cosine
,all_rows,3plus_labels,micro,top20_jaccard,0.8287299947748787,0.8179194752875122,0.8392392857948731,147,147,470,470,,5000,5000,1.0,3021694564,20260901,,,s_last,s_cosine
,all_rows,3plus_labels,macro_class,map_spearman,0.9884295829630068,0.9869388979775018,0.9901533785797408,147,147,470,470,20,5000,5000,1.0,3021694564,20260901,,,s_last,s_cosine
,all_rows,3plus_labels,macro_class,top05_jaccard,0.6985986744087624,0.6826813013992507,0.7232811242153449,147,147,470,470,20,5000,5000,1.0,3021694564,20260901,,,s_last,s_cosine
,all_rows,3plus_labels,macro_class,top10_jaccard,0.7576306747801249,0.7391427781744329,0.7773378743476193,147,147,470,470,20,5000,5000,1.0,3021694564,20260901,,,s_last,s_cosine
,all_rows,3plus_labels,macro_class,top20_jaccard,0.843735218280597,0.8280979301915381,0.8568730719197792,147,147,470,470,20,5000,5000,1.0,3021694564,20260901,,,s_last,s_cosine
,per_class,all,micro,map_spearman,0.9953225525625997,0.9941469579081077,0.9963367665164741,90,90,90,90,,5000,5000,1.0,3021694564,20260901,0,aeroplane,s_last,s_cosine
,per_class,all,micro,top05_jaccard,0.7407473299252569,0.7116489746015692,0.7699659172937698,90,90,90,90,,5000,5000,1.0,3021694564,20260901,0,aeroplane,s_last,s_cosine
,per_class,all,micro,top10_jaccard,0.811877284264818,0.7892929651705115,0.8345798684262871,90,90,90,90,,5000,5000,1.0,3021694564,20260901,0,aeroplane,s_last,s_cosine
,per_class,all,micro,top20_jaccard,0.8706366711792108,0.8544283100794318,0.8864260198953005,90,90,90,90,,5000,5000,1.0,3021694564,20260901,0,aeroplane,s_last,s_cosine
,per_class,all,micro,map_spearman,0.9871578946376409,0.985487345340765,0.9887092565847773,79,79,79,79,,5000,5000,1.0,3021694564,20260901,1,bicycle,s_last,s_cosine
,per_class,all,micro,top05_jaccard,0.6492937118797024,0.6209017221396471,0.6784400087909404,79,79,79,79,,5000,5000,1.0,3021694564,20260901,1,bicycle,s_last,s_cosine
,per_class,all,micro,top10_jaccard,0.7154020127685861,0.6904221477691066,0.7408650298107703,79,79,79,79,,5000,5000,1.0,3021694564,20260901,1,bicycle,s_last,s_cosine
,per_class,all,micro,top20_jaccard,0.7935090553877465,0.7755615554261036,0.8124479439289786,79,79,79,79,,5000,5000,1.0,3021694564,20260901,1,bicycle,s_last,s_cosine
,per_class,all,micro,map_spearman,0.9964621481127828,0.9958063801420168,0.9970542319209807,103,103,103,103,,5000,5000,1.0,3021694564,20260901,2,bird,s_last,s_cosine
,per_class,all,micro,top05_jaccard,0.7840556455335398,0.7628450657626378,0.8048440430063674,103,103,103,103,,5000,5000,1.0,3021694564,20260901,2,bird,s_last,s_cosine
,per_class,all,micro,top10_jaccard,0.8278258804968992,0.809853968525285,0.844559400462499,103,103,103,103,,5000,5000,1.0,3021694564,20260901,2,bird,s_last,s_cosine
,per_class,all,micro,top20_jaccard,0.9042240173940992,0.8903988659415998,0.9174703856343769,103,103,103,103,,5000,5000,1.0,3021694564,20260901,2,bird,s_last,s_cosine
,per_class,all,micro,map_spearman,0.9968203678362296,0.9961326132844199,0.9973945652670755,72,72,72,72,,5000,5000,1.0,3021694564,20260901,3,boat,s_last,s_cosine
,per_class,all,micro,top05_jaccard,0.7726195836889402,0.7461743599572637,0.7986573646732493,72,72,72,72,,5000,5000,1.0,3021694564,20260901,3,boat,s_last,s_cosine
,per_class,all,micro,top10_jaccard,0.8362319078871685,0.8147084644109699,0.85648479982347,72,72,72,72,,5000,5000,1.0,3021694564,20260901,3,boat,s_last,s_cosine
,per_class,all,micro,top20_jaccard,0.9021549431045012,0.8877679658666114,0.9165275157207011,72,72,72,72,,5000,5000,1.0,3021694564,20260901,3,boat,s_last,s_cosine
,per_class,all,micro,map_spearman,0.990747647339043,0.9835016230106284,0.9951409977522517,96,96,96,96,,5000,5000,1.0,3021694564,20260901,4,bottle,s_last,s_cosine
,per_class,all,micro,top05_jaccard,0.7351321439430561,0.7009976535780251,0.766432379499149,96,96,96,96,,5000,5000,1.0,3021694564,20260901,4,bottle,s_last,s_cosine
,per_class,all,micro,top10_jaccard,0.7858630340983256,0.7577709300630481,0.8120181861117872,96,96,96,96,,5000,5000,1.0,3021694564,20260901,4,bottle,s_last,s_cosine
,per_class,all,micro,top20_jaccard,0.8665923090631197,0.8463309048902056,0.8844132010473721,96,96,96,96,,5000,5000,1.0,3021694564,20260901,4,bottle,s_last,s_cosine
,per_class,all,micro,map_spearman,0.985660533030302,0.9828194832823374,0.9881338293653352,74,74,74,74,,5000,5000,1.0,3021694564,20260901,5,bus,s_last,s_cosine
,per_class,all,micro,top05_jaccard,0.6870574676545295,0.6570652179845105,0.718732570394551,74,74,74,74,,5000,5000,1.0,3021694564,20260901,5,bus,s_last,s_cosine
,per_class,all,micro,top10_jaccard,0.749342106921802,0.7214985835214927,0.7787020508403204,74,74,74,74,,5000,5000,1.0,3021694564,20260901,5,bus,s_last,s_cosine
,per_class,all,micro,top20_jaccard,0.8025299762096683,0.78088422398919,0.8245854054203323,74,74,74,74,,5000,5000,1.0,3021694564,20260901,5,bus,s_last,s_cosine
,per_class,all,micro,map_spearman,0.9861442065200103,0.9832479837852546,0.9884683090143602,127,127,127,127,,5000,5000,1.0,3021694564,20260901,6,car,s_last,s_cosine
,per_class,all,micro,top05_jaccard,0.680852792679106,0.653162406898302,0.7080954250736695,127,127,127,127,,5000,5000,1.0,3021694564,20260901,6,car,s_last,s_cosine
,per_class,all,micro,top10_jaccard,0.74228075864092,0.7208615258631405,0.7623764458562898,127,127,127,127,,5000,5000,1.0,3021694564,20260901,6,car,s_last,s_cosine
,per_class,all,micro,top20_jaccard,0.7997077201159752,0.7834081262952153,0.8152600689629359,127,127,127,127,,5000,5000,1.0,3021694564,20260901,6,car,s_last,s_cosine
,per_class,all,micro,map_spearman,0.9901105577815125,0.9885381050464731,0.9915553127455645,119,119,119,119,,5000,5000,1.0,3021694564,20260901,7,cat,s_last,s_cosine
,per_class,all,micro,top05_jaccard,0.5967508772817429,0.5709116049812833,0.6225031978238684,119,119,119,119,,5000,5000,1.0,3021694564,20260901,7,cat,s_last,s_cosine
,per_class,all,micro,top10_jaccard,0.68796268609398,0.6655194481323695,0.7107453377702526,119,119,119,119,,5000,5000,1.0,3021694564,20260901,7,cat,s_last,s_cosine
,per_class,all,micro,top20_jaccard,0.7927170102281237,0.7757954632928575,0.8093811228940172,119,119,119,119,,5000,5000,1.0,3021694564,20260901,7,cat,s_last,s_cosine
,per_class,all,micro,map_spearman,0.9905151919759125,0.9874293622600091,0.9931712691330611,123,123,123,123,,5000,5000,1.0,3021694564,20260901,8,chair,s_last,s_cosine
,per_class,all,micro,top05_jaccard,0.7567054441401436,0.730596543420562,0.7805515070544332,123,123,123,123,,5000,5000,1.0,3021694564,20260901,8,chair,s_last,s_cosine
,per_class,all,micro,top10_jaccard,0.8215665341694668,0.8028209351598398,0.8392659325892776,123,123,123,123,,5000,5000,1.0,3021694564,20260901,8,chair,s_last,s_cosine
,per_class,all,micro,top20_jaccard,0.8872067581728827,0.873181785368933,0.9000533344613717,123,123,123,123,,5000,5000,1.0,3021694564,20260901,8,chair,s_last,s_cosine
,per_class,all,micro,map_spearman,0.9903583323250746,0.9885776559216726,0.9920021691301488,71,71,71,71,,5000,5000,1.0,3021694564,20260901,9,cow,s_last,s_cosine
,per_class,all,micro,top05_jaccard,0.8709460828996605,0.8478001040372509,0.8941216440079269,71,71,71,71,,5000,5000,1.0,3021694564,20260901,9,cow,s_last,s_cosine
,per_class,all,micro,top10_jaccard,0.9019686834400862,0.8838900439426391,0.9195069120875602,71,71,71,71,,5000,5000,1.0,3021694564,20260901,9,cow,s_last,s_cosine
,per_class,all,micro,top20_jaccard,0.9214563165724736,0.9083110671008628,0.9347408029920965,71,71,71,71,,5000,5000,1.0,3021694564,20260901,9,cow,s_last,s_cosine
,per_class,all,micro,map_spearman,0.9830827360526057,0.9755629914983769,0.9895414972875939,75,75,75,75,,5000,5000,1.0,3021694564,20260901,10,diningtable,s_last,s_cosine
,per_class,all,micro,top05_jaccard,0.6852349253708957,0.6324535947451912,0.7341281829769897,75,75,75,75,,5000,5000,1.0,3021694564,20260901,10,diningtable,s_last,s_cosine
,per_class,all,micro,top10_jaccard,0.7461227662407085,0.7032201914680823,0.7859118413712227,75,75,75,75,,5000,5000,1.0,3021694564,20260901,10,diningtable,s_last,s_cosine
,per_class,all,micro,top20_jaccard,0.810986262679694,0.7791894364127815,0.8416992322430144,75,75,75,75,,5000,5000,1.0,3021694564,20260901,10,diningtable,s_last,s_cosine
,per_class,all,micro,map_spearman,0.9890946441653106,0.9875264460212699,0.9905655834076341,128,128,128,128,,5000,5000,1.0,3021694564,20260901,11,dog,s_last,s_cosine
,per_class,all,micro,top05_jaccard,0.6969522036763484,0.6772708727843987,0.7165971927851651,128,128,128,128,,5000,5000,1.0,3021694564,20260901,11,dog,s_last,s_cosine
,per_class,all,micro,top10_jaccard,0.7473219093505652,0.73154705739472,0.7630175339668123,128,128,128,128,,5000,5000,1.0,3021694564,20260901,11,dog,s_last,s_cosine
,per_class,all,micro,top20_jaccard,0.8132650344043783,0.8013553318375864,0.8249821074664265,128,128,128,128,,5000,5000,1.0,3021694564,20260901,11,dog,s_last,s_cosine
,per_class,all,micro,map_spearman,0.9947193048614761,0.993771671730373,0.9955944263697097,79,79,79,79,,5000,5000,1.0,3021694564,20260901,12,horse,s_last,s_cosine
,per_class,all,micro,top05_jaccard,0.7421149639118082,0.714925068567364,0.7674378387498606,79,79,79,79,,5000,5000,1.0,3021694564,20260901,12,horse,s_last,s_cosine
,per_class,all,micro,top10_jaccard,0.7997957430268621,0.7767525071429627,0.8223654942516515,79,79,79,79,,5000,5000,1.0,3021694564,20260901,12,horse,s_last,s_cosine
,per_class,all,micro,top20_jaccard,0.8679880922460466,0.8504155823021571,0.8851043732413372,79,79,79,79,,5000,5000,1.0,3021694564,20260901,12,horse,s_last,s_cosine
,per_class,all,micro,map_spearman,0.9876181299645056,0.9851202258980933,0.9895594014715863,76,76,76,76,,5000,5000,1.0,3021694564,20260901,13,motorbike,s_last,s_cosine
,per_class,all,micro,top05_jaccard,0.6052552522985378,0.5796922162189982,0.6316756578259095,76,76,76,76,,5000,5000,1.0,3021694564,20260901,13,motorbike,s_last,s_cosine
,per_class,all,micro,top10_jaccard,0.6751304116296056,0.6540358777379773,0.6958029738358066,76,76,76,76,,5000,5000,1.0,3021694564,20260901,13,motorbike,s_last,s_cosine
,per_class,all,micro,top20_jaccard,0.7763466122362181,0.7594752585381388,0.79270358812509,76,76,76,76,,5000,5000,1.0,3021694564,20260901,13,motorbike,s_last,s_cosine
,per_class,all,micro,map_spearman,0.9850132200500487,0.981565820255728,0.9878529260869081,445,445,445,445,,5000,5000,1.0,3021694564,20260901,14,person,s_last,s_cosine
,per_class,all,micro,top05_jaccard,0.6841847659373991,0.6687000727562237,0.6986759450828441,445,445,445,445,,5000,5000,1.0,3021694564,20260901,14,person,s_last,s_cosine
,per_class,all,micro,top10_jaccard,0.7426459452054932,0.7294694096180501,0.7553915609825907,445,445,445,445,,5000,5000,1.0,3021694564,20260901,14,person,s_last,s_cosine
,per_class,all,micro,top20_jaccard,0.8116763824102812,0.8012299956548905,0.8213556386563605,445,445,445,445,,5000,5000,1.0,3021694564,20260901,14,person,s_last,s_cosine
,per_class,all,micro,map_spearman,0.9917551803642795,0.989253125761616,0.9937630225016283,85,85,85,85,,5000,5000,1.0,3021694564,20260901,15,pottedplant,s_last,s_cosine
,per_class,all,micro,top05_jaccard,0.6904279701398124,0.6506075327520319,0.7270954607930397,85,85,85,85,,5000,5000,1.0,3021694564,20260901,15,pottedplant,s_last,s_cosine
,per_class,all,micro,top10_jaccard,0.7671288732289828,0.7327909562741143,0.7980495584175131,85,85,85,85,,5000,5000,1.0,3021694564,20260901,15,pottedplant,s_last,s_cosine
,per_class,all,micro,top20_jaccard,0.8469581821601859,0.8226180582117056,0.86827771829058,85,85,85,85,,5000,5000,1.0,3021694564,20260901,15,pottedplant,s_last,s_cosine
,per_class,all,micro,map_spearman,0.9953063962152207,0.9941943972377325,0.9962893573932269,57,57,57,57,,5000,5000,1.0,3021694564,20260901,16,sheep,s_last,s_cosine
,per_class,all,micro,top05_jaccard,0.8498732894864437,0.8204752640558304,0.8775374032763923,57,57,57,57,,5000,5000,1.0,3021694564,20260901,16,sheep,s_last,s_cosine
,per_class,all,micro,top10_jaccard,0.8955326715201075,0.8752817186900722,0.9144230304993657,57,57,57,57,,5000,5000,1.0,3021694564,20260901,16,sheep,s_last,s_cosine
,per_class,all,micro,top20_jaccard,0.9365285133876835,0.9230472130572669,0.9490069753646166,57,57,57,57,,5000,5000,1.0,3021694564,20260901,16,sheep,s_last,s_cosine
,per_class,all,micro,map_spearman,0.989542450241314,0.9870126230402648,0.9915462554501429,90,90,90,90,,5000,5000,1.0,3021694564,20260901,17,sofa,s_last,s_cosine
,per_class,all,micro,top05_jaccard,0.6770908738544503,0.640905295731015,0.7095719790414381,90,90,90,90,,5000,5000,1.0,3021694564,20260901,17,sofa,s_last,s_cosine
,per_class,all,micro,top10_jaccard,0.7460647385587456,0.7211920223223363,0.7698102228094521,90,90,90,90,,5000,5000,1.0,3021694564,20260901,17,sofa,s_last,s_cosine
,per_class,all,micro,top20_jaccard,0.8221775279400897,0.8038112685810004,0.839140137509555,90,90,90,90,,5000,5000,1.0,3021694564,20260901,17,sofa,s_last,s_cosine
,per_class,all,micro,map_spearman,0.9942038060768483,0.9929141167150306,0.9953428164689343,84,84,84,84,,5000,5000,1.0,3021694564,20260901,18,train,s_last,s_cosine
,per_class,all,micro,top05_jaccard,0.7171062483580564,0.691624883093644,0.7419269417071457,84,84,84,84,,5000,5000,1.0,3021694564,20260901,18,train,s_last,s_cosine
,per_class,all,micro,top10_jaccard,0.7902095755185788,0.7688895767414832,0.8120146263199837,84,84,84,84,,5000,5000,1.0,3021694564,20260901,18,train,s_last,s_cosine
,per_class,all,micro,top20_jaccard,0.8687403942094767,0.8514249334828217,0.8859876755607574,84,84,84,84,,5000,5000,1.0,3021694564,20260901,18,train,s_last,s_cosine
,per_class,all,micro,map_spearman,0.993253978937627,0.9910332888429686,0.9950902764258361,74,74,74,74,,5000,5000,1.0,3021694564,20260901,19,tvmonitor,s_last,s_cosine
,per_class,all,micro,top05_jaccard,0.6958667019833228,0.6599746595450405,0.7300692088136755,74,74,74,74,,5000,5000,1.0,3021694564,20260901,19,tvmonitor,s_last,s_cosine
,per_class,all,micro,top10_jaccard,0.761049205707876,0.7323891745231887,0.7864007215404285,74,74,74,74,,5000,5000,1.0,3021694564,20260901,19,tvmonitor,s_last,s_cosine
,per_class,all,micro,top20_jaccard,0.8522023439865141,0.8332364836416013,0.8705368057867044,74,74,74,74,,5000,5000,1.0,3021694564,20260901,19,tvmonitor,s_last,s_cosine
,all_rows,all,micro,map_spearman,0.9999999999884015,0.9999999999746894,0.999999999997156,1449,1449,2147,2147,,5000,5000,1.0,3021694564,20260901,,,s_last,s_dot
,all_rows,all,micro,top05_jaccard,1.0,1.0,1.0,1449,1449,2147,2147,,5000,5000,1.0,3021694564,20260901,,,s_last,s_dot
,all_rows,all,micro,top10_jaccard,1.0,1.0,1.0,1449,1449,2147,2147,,5000,5000,1.0,3021694564,20260901,,,s_last,s_dot
,all_rows,all,micro,top20_jaccard,1.0,1.0,1.0,1449,1449,2147,2147,,5000,5000,1.0,3021694564,20260901,,,s_last,s_dot
,all_rows,all,macro_class,map_spearman,0.9999999999877456,0.9999999999717432,0.9999999999993218,1449,1449,2147,2147,20,5000,5000,1.0,3021694564,20260901,,,s_last,s_dot
,all_rows,all,macro_class,top05_jaccard,1.0,1.0,1.0,1449,1449,2147,2147,20,5000,5000,1.0,3021694564,20260901,,,s_last,s_dot
,all_rows,all,macro_class,top10_jaccard,1.0,1.0,1.0,1449,1449,2147,2147,20,5000,5000,1.0,3021694564,20260901,,,s_last,s_dot
,all_rows,all,macro_class,top20_jaccard,1.0,1.0,1.0,1449,1449,2147,2147,20,5000,5000,1.0,3021694564,20260901,,,s_last,s_dot
,all_rows,single_label,micro,map_spearman,0.9999999999865685,0.9999999999664213,1.0,927,927,927,927,,5000,5000,1.0,3021694564,20260901,,,s_last,s_dot
,all_rows,single_label,micro,top05_jaccard,1.0,1.0,1.0,927,927,927,927,,5000,5000,1.0,3021694564,20260901,,,s_last,s_dot
,all_rows,single_label,micro,top10_jaccard,1.0,1.0,1.0,927,927,927,927,,5000,5000,1.0,3021694564,20260901,,,s_last,s_dot
,all_rows,single_label,micro,top20_jaccard,1.0,1.0,1.0,927,927,927,927,,5000,5000,1.0,3021694564,20260901,,,s_last,s_dot
,all_rows,single_label,macro_class,map_spearman,0.9999999999810442,0.9999999999472623,1.0,927,927,927,927,20,5000,5000,1.0,3021694564,20260901,,,s_last,s_dot
,all_rows,single_label,macro_class,top05_jaccard,1.0,1.0,1.0,927,927,927,927,20,5000,5000,1.0,3021694564,20260901,,,s_last,s_dot
,all_rows,single_label,macro_class,top10_jaccard,1.0,1.0,1.0,927,927,927,927,20,5000,5000,1.0,3021694564,20260901,,,s_last,s_dot
,all_rows,single_label,macro_class,top20_jaccard,1.0,1.0,1.0,927,927,927,927,20,5000,5000,1.0,3021694564,20260901,,,s_last,s_dot
,all_rows,exactly_2_labels,micro,map_spearman,1.0,1.0,1.0,375,375,750,750,,5000,5000,1.0,3021694564,20260901,,,s_last,s_dot
,all_rows,exactly_2_labels,micro,top05_jaccard,1.0,1.0,1.0,375,375,750,750,,5000,5000,1.0,3021694564,20260901,,,s_last,s_dot
,all_rows,exactly_2_labels,micro,top10_jaccard,1.0,1.0,1.0,375,375,750,750,,5000,5000,1.0,3021694564,20260901,,,s_last,s_dot
,all_rows,exactly_2_labels,micro,top20_jaccard,1.0,1.0,1.0,375,375,750,750,,5000,5000,1.0,3021694564,20260901,,,s_last,s_dot
,all_rows,exactly_2_labels,macro_class,map_spearman,1.0,1.0,1.0,375,375,750,750,20,5000,5000,1.0,3021694564,20260901,,,s_last,s_dot
,all_rows,exactly_2_labels,macro_class,top05_jaccard,1.0,1.0,1.0,375,375,750,750,20,5000,5000,1.0,3021694564,20260901,,,s_last,s_dot
,all_rows,exactly_2_labels,macro_class,top10_jaccard,1.0,1.0,1.0,375,375,750,750,20,5000,5000,1.0,3021694564,20260901,,,s_last,s_dot
,all_rows,exactly_2_labels,macro_class,top20_jaccard,1.0,1.0,1.0,375,375,750,750,20,5000,5000,1.0,3021694564,20260901,,,s_last,s_dot
,all_rows,3plus_labels,micro,map_spearman,0.9999999999735085,0.9999999999332029,1.0,147,147,470,470,,5000,5000,1.0,3021694564,20260901,,,s_last,s_dot
,all_rows,3plus_labels,micro,top05_jaccard,1.0,1.0,1.0,147,147,470,470,,5000,5000,1.0,3021694564,20260901,,,s_last,s_dot
,all_rows,3plus_labels,micro,top10_jaccard,1.0,1.0,1.0,147,147,470,470,,5000,5000,1.0,3021694564,20260901,,,s_last,s_dot
,all_rows,3plus_labels,micro,top20_jaccard,1.0,1.0,1.0,147,147,470,470,,5000,5000,1.0,3021694564,20260901,,,s_last,s_dot
,all_rows,3plus_labels,macro_class,map_spearman,0.9999999999764441,0.9999999999244888,1.0,147,147,470,470,20,5000,5000,1.0,3021694564,20260901,,,s_last,s_dot
,all_rows,3plus_labels,macro_class,top05_jaccard,1.0,1.0,1.0,147,147,470,470,20,5000,5000,1.0,3021694564,20260901,,,s_last,s_dot
,all_rows,3plus_labels,macro_class,top10_jaccard,1.0,1.0,1.0,147,147,470,470,20,5000,5000,1.0,3021694564,20260901,,,s_last,s_dot
,all_rows,3plus_labels,macro_class,top20_jaccard,1.0,1.0,1.0,147,147,470,470,20,5000,5000,1.0,3021694564,20260901,,,s_last,s_dot
,per_class,all,micro,map_spearman,1.0,1.0,1.0,90,90,90,90,,5000,5000,1.0,3021694564,20260901,0,aeroplane,s_last,s_dot
,per_class,all,micro,top05_jaccard,1.0,1.0,1.0,90,90,90,90,,5000,5000,1.0,3021694564,20260901,0,aeroplane,s_last,s_dot
,per_class,all,micro,top10_jaccard,1.0,1.0,1.0,90,90,90,90,,5000,5000,1.0,3021694564,20260901,0,aeroplane,s_last,s_dot
,per_class,all,micro,top20_jaccard,1.0,1.0,1.0,90,90,90,90,,5000,5000,1.0,3021694564,20260901,0,aeroplane,s_last,s_dot
,per_class,all,micro,map_spearman,1.0,1.0,1.0,79,79,79,79,,5000,5000,1.0,3021694564,20260901,1,bicycle,s_last,s_dot
,per_class,all,micro,top05_jaccard,1.0,1.0,1.0,79,79,79,79,,5000,5000,1.0,3021694564,20260901,1,bicycle,s_last,s_dot
,per_class,all,micro,top10_jaccard,1.0,1.0,1.0,79,79,79,79,,5000,5000,1.0,3021694564,20260901,1,bicycle,s_last,s_dot
,per_class,all,micro,top20_jaccard,1.0,1.0,1.0,79,79,79,79,,5000,5000,1.0,3021694564,20260901,1,bicycle,s_last,s_dot
,per_class,all,micro,map_spearman,1.0,1.0,1.0,103,103,103,103,,5000,5000,1.0,3021694564,20260901,2,bird,s_last,s_dot
,per_class,all,micro,top05_jaccard,1.0,1.0,1.0,103,103,103,103,,5000,5000,1.0,3021694564,20260901,2,bird,s_last,s_dot
,per_class,all,micro,top10_jaccard,1.0,1.0,1.0,103,103,103,103,,5000,5000,1.0,3021694564,20260901,2,bird,s_last,s_dot
,per_class,all,micro,top20_jaccard,1.0,1.0,1.0,103,103,103,103,,5000,5000,1.0,3021694564,20260901,2,bird,s_last,s_dot
,per_class,all,micro,map_spearman,1.0,1.0,1.0,72,72,72,72,,5000,5000,1.0,3021694564,20260901,3,boat,s_last,s_dot
,per_class,all,micro,top05_jaccard,1.0,1.0,1.0,72,72,72,72,,5000,5000,1.0,3021694564,20260901,3,boat,s_last,s_dot
,per_class,all,micro,top10_jaccard,1.0,1.0,1.0,72,72,72,72,,5000,5000,1.0,3021694564,20260901,3,boat,s_last,s_dot
,per_class,all,micro,top20_jaccard,1.0,1.0,1.0,72,72,72,72,,5000,5000,1.0,3021694564,20260901,3,boat,s_last,s_dot
,per_class,all,micro,map_spearman,1.0,1.0,1.0,96,96,96,96,,5000,5000,1.0,3021694564,20260901,4,bottle,s_last,s_dot
,per_class,all,micro,top05_jaccard,1.0,1.0,1.0,96,96,96,96,,5000,5000,1.0,3021694564,20260901,4,bottle,s_last,s_dot
,per_class,all,micro,top10_jaccard,1.0,1.0,1.0,96,96,96,96,,5000,5000,1.0,3021694564,20260901,4,bottle,s_last,s_dot
,per_class,all,micro,top20_jaccard,1.0,1.0,1.0,96,96,96,96,,5000,5000,1.0,3021694564,20260901,4,bottle,s_last,s_dot
,per_class,all,micro,map_spearman,1.0,1.0,1.0,74,74,74,74,,5000,5000,1.0,3021694564,20260901,5,bus,s_last,s_dot
,per_class,all,micro,top05_jaccard,1.0,1.0,1.0,74,74,74,74,,5000,5000,1.0,3021694564,20260901,5,bus,s_last,s_dot
,per_class,all,micro,top10_jaccard,1.0,1.0,1.0,74,74,74,74,,5000,5000,1.0,3021694564,20260901,5,bus,s_last,s_dot
,per_class,all,micro,top20_jaccard,1.0,1.0,1.0,74,74,74,74,,5000,5000,1.0,3021694564,20260901,5,bus,s_last,s_dot
,per_class,all,micro,map_spearman,1.0,1.0,1.0,127,127,127,127,,5000,5000,1.0,3021694564,20260901,6,car,s_last,s_dot
,per_class,all,micro,top05_jaccard,1.0,1.0,1.0,127,127,127,127,,5000,5000,1.0,3021694564,20260901,6,car,s_last,s_dot
,per_class,all,micro,top10_jaccard,1.0,1.0,1.0,127,127,127,127,,5000,5000,1.0,3021694564,20260901,6,car,s_last,s_dot
,per_class,all,micro,top20_jaccard,1.0,1.0,1.0,127,127,127,127,,5000,5000,1.0,3021694564,20260901,6,car,s_last,s_dot
,per_class,all,micro,map_spearman,1.0,1.0,1.0,119,119,119,119,,5000,5000,1.0,3021694564,20260901,7,cat,s_last,s_dot
,per_class,all,micro,top05_jaccard,1.0,1.0,1.0,119,119,119,119,,5000,5000,1.0,3021694564,20260901,7,cat,s_last,s_dot
,per_class,all,micro,top10_jaccard,1.0,1.0,1.0,119,119,119,119,,5000,5000,1.0,3021694564,20260901,7,cat,s_last,s_dot
,per_class,all,micro,top20_jaccard,1.0,1.0,1.0,119,119,119,119,,5000,5000,1.0,3021694564,20260901,7,cat,s_last,s_dot
,per_class,all,micro,map_spearman,1.0,1.0,1.0,123,123,123,123,,5000,5000,1.0,3021694564,20260901,8,chair,s_last,s_dot
,per_class,all,micro,top05_jaccard,1.0,1.0,1.0,123,123,123,123,,5000,5000,1.0,3021694564,20260901,8,chair,s_last,s_dot
,per_class,all,micro,top10_jaccard,1.0,1.0,1.0,123,123,123,123,,5000,5000,1.0,3021694564,20260901,8,chair,s_last,s_dot
,per_class,all,micro,top20_jaccard,1.0,1.0,1.0,123,123,123,123,,5000,5000,1.0,3021694564,20260901,8,chair,s_last,s_dot
,per_class,all,micro,map_spearman,1.0,1.0,1.0,71,71,71,71,,5000,5000,1.0,3021694564,20260901,9,cow,s_last,s_dot
,per_class,all,micro,top05_jaccard,1.0,1.0,1.0,71,71,71,71,,5000,5000,1.0,3021694564,20260901,9,cow,s_last,s_dot
,per_class,all,micro,top10_jaccard,1.0,1.0,1.0,71,71,71,71,,5000,5000,1.0,3021694564,20260901,9,cow,s_last,s_dot
,per_class,all,micro,top20_jaccard,1.0,1.0,1.0,71,71,71,71,,5000,5000,1.0,3021694564,20260901,9,cow,s_last,s_dot
,per_class,all,micro,map_spearman,1.0,1.0,1.0,75,75,75,75,,5000,5000,1.0,3021694564,20260901,10,diningtable,s_last,s_dot
,per_class,all,micro,top05_jaccard,1.0,1.0,1.0,75,75,75,75,,5000,5000,1.0,3021694564,20260901,10,diningtable,s_last,s_dot
,per_class,all,micro,top10_jaccard,1.0,1.0,1.0,75,75,75,75,,5000,5000,1.0,3021694564,20260901,10,diningtable,s_last,s_dot
,per_class,all,micro,top20_jaccard,1.0,1.0,1.0,75,75,75,75,,5000,5000,1.0,3021694564,20260901,10,diningtable,s_last,s_dot
,per_class,all,micro,map_spearman,0.9999999999513633,0.99999999985409,1.0,128,128,128,128,,5000,5000,1.0,3021694564,20260901,11,dog,s_last,s_dot
,per_class,all,micro,top05_jaccard,1.0,1.0,1.0,128,128,128,128,,5000,5000,1.0,3021694564,20260901,11,dog,s_last,s_dot
,per_class,all,micro,top10_jaccard,1.0,1.0,1.0,128,128,128,128,,5000,5000,1.0,3021694564,20260901,11,dog,s_last,s_dot
,per_class,all,micro,top20_jaccard,1.0,1.0,1.0,128,128,128,128,,5000,5000,1.0,3021694564,20260901,11,dog,s_last,s_dot
,per_class,all,micro,map_spearman,1.0,1.0,1.0,79,79,79,79,,5000,5000,1.0,3021694564,20260901,12,horse,s_last,s_dot
,per_class,all,micro,top05_jaccard,1.0,1.0,1.0,79,79,79,79,,5000,5000,1.0,3021694564,20260901,12,horse,s_last,s_dot
,per_class,all,micro,top10_jaccard,1.0,1.0,1.0,79,79,79,79,,5000,5000,1.0,3021694564,20260901,12,horse,s_last,s_dot
,per_class,all,micro,top20_jaccard,1.0,1.0,1.0,79,79,79,79,,5000,5000,1.0,3021694564,20260901,12,horse,s_last,s_dot
,per_class,all,micro,map_spearman,1.0,1.0,1.0,76,76,76,76,,5000,5000,1.0,3021694564,20260901,13,motorbike,s_last,s_dot
,per_class,all,micro,top05_jaccard,1.0,1.0,1.0,76,76,76,76,,5000,5000,1.0,3021694564,20260901,13,motorbike,s_last,s_dot
,per_class,all,micro,top10_jaccard,1.0,1.0,1.0,76,76,76,76,,5000,5000,1.0,3021694564,20260901,13,motorbike,s_last,s_dot
,per_class,all,micro,top20_jaccard,1.0,1.0,1.0,76,76,76,76,,5000,5000,1.0,3021694564,20260901,13,motorbike,s_last,s_dot
,per_class,all,micro,map_spearman,0.9999999999860101,0.9999999999580304,1.0,445,445,445,445,,5000,5000,1.0,3021694564,20260901,14,person,s_last,s_dot
,per_class,all,micro,top05_jaccard,1.0,1.0,1.0,445,445,445,445,,5000,5000,1.0,3021694564,20260901,14,person,s_last,s_dot
,per_class,all,micro,top10_jaccard,1.0,1.0,1.0,445,445,445,445,,5000,5000,1.0,3021694564,20260901,14,person,s_last,s_dot
,per_class,all,micro,top20_jaccard,1.0,1.0,1.0,445,445,445,445,,5000,5000,1.0,3021694564,20260901,14,person,s_last,s_dot
,per_class,all,micro,map_spearman,0.9999999999267589,0.9999999997802768,1.0,85,85,85,85,,5000,5000,1.0,3021694564,20260901,15,pottedplant,s_last,s_dot
,per_class,all,micro,top05_jaccard,1.0,1.0,1.0,85,85,85,85,,5000,5000,1.0,3021694564,20260901,15,pottedplant,s_last,s_dot
,per_class,all,micro,top10_jaccard,1.0,1.0,1.0,85,85,85,85,,5000,5000,1.0,3021694564,20260901,15,pottedplant,s_last,s_dot
,per_class,all,micro,top20_jaccard,1.0,1.0,1.0,85,85,85,85,,5000,5000,1.0,3021694564,20260901,15,pottedplant,s_last,s_dot
,per_class,all,micro,map_spearman,0.9999999998907808,0.9999999996723424,1.0,57,57,57,57,,5000,5000,1.0,3021694564,20260901,16,sheep,s_last,s_dot
,per_class,all,micro,top05_jaccard,1.0,1.0,1.0,57,57,57,57,,5000,5000,1.0,3021694564,20260901,16,sheep,s_last,s_dot
,per_class,all,micro,top10_jaccard,1.0,1.0,1.0,57,57,57,57,,5000,5000,1.0,3021694564,20260901,16,sheep,s_last,s_dot
,per_class,all,micro,top20_jaccard,1.0,1.0,1.0,57,57,57,57,,5000,5000,1.0,3021694564,20260901,16,sheep,s_last,s_dot
,per_class,all,micro,map_spearman,1.0,1.0,1.0,90,90,90,90,,5000,5000,1.0,3021694564,20260901,17,sofa,s_last,s_dot
,per_class,all,micro,top05_jaccard,1.0,1.0,1.0,90,90,90,90,,5000,5000,1.0,3021694564,20260901,17,sofa,s_last,s_dot
,per_class,all,micro,top10_jaccard,1.0,1.0,1.0,90,90,90,90,,5000,5000,1.0,3021694564,20260901,17,sofa,s_last,s_dot
,per_class,all,micro,top20_jaccard,1.0,1.0,1.0,90,90,90,90,,5000,5000,1.0,3021694564,20260901,17,sofa,s_last,s_dot
,per_class,all,micro,map_spearman,1.0,1.0,1.0,84,84,84,84,,5000,5000,1.0,3021694564,20260901,18,train,s_last,s_dot
,per_class,all,micro,top05_jaccard,1.0,1.0,1.0,84,84,84,84,,5000,5000,1.0,3021694564,20260901,18,train,s_last,s_dot
,per_class,all,micro,top10_jaccard,1.0,1.0,1.0,84,84,84,84,,5000,5000,1.0,3021694564,20260901,18,train,s_last,s_dot
,per_class,all,micro,top20_jaccard,1.0,1.0,1.0,84,84,84,84,,5000,5000,1.0,3021694564,20260901,18,train,s_last,s_dot
,per_class,all,micro,map_spearman,1.0,1.0,1.0,74,74,74,74,,5000,5000,1.0,3021694564,20260901,19,tvmonitor,s_last,s_dot
,per_class,all,micro,top05_jaccard,1.0,1.0,1.0,74,74,74,74,,5000,5000,1.0,3021694564,20260901,19,tvmonitor,s_last,s_dot
,per_class,all,micro,top10_jaccard,1.0,1.0,1.0,74,74,74,74,,5000,5000,1.0,3021694564,20260901,19,tvmonitor,s_last,s_dot
,per_class,all,micro,top20_jaccard,1.0,1.0,1.0,74,74,74,74,,5000,5000,1.0,3021694564,20260901,19,tvmonitor,s_last,s_dot
