relation,scope,stratum,aggregation,metric,estimate,ci_low,ci_high,num_images,num_images_total,num_rows,num_rows_total,num_classes,bootstrap_repeats,bootstrap_valid_repeats,bootstrap_valid_fraction,bootstrap_seed,bootstrap_base_seed,class_id,class_name,presence
s_last,all_rows,all,micro,max_score,10878.683172864981,10650.525099365592,11098.538521071638,1449,1449,26833,26833,,5000,5000,1.0,3021694564,20260901,,,absent
s_last,all_rows,all,micro,top10_mean_score,4070.3694178592546,3937.03680489626,4202.455116298325,1449,1449,26833,26833,,5000,5000,1.0,3021694564,20260901,,,absent
s_last,all_rows,all,micro,spatial_entropy,0.0004778885885325323,0.00037706791676353333,0.0005902140568852469,1449,1449,26833,26833,,5000,5000,1.0,3021694564,20260901,,,absent
s_last,all_rows,all,micro,foreground_mass,0.38332056278858734,0.3591787401695531,0.4085574118593289,1449,1449,26833,26833,,5000,5000,1.0,3021694564,20260901,,,absent
s_last,all_rows,all,micro,background_mass,0.5772107738904361,0.5514419533580127,0.6021207816948954,1449,1449,26833,26833,,5000,5000,1.0,3021694564,20260901,,,absent
s_last,all_rows,all,macro_class,max_score,10839.971486120136,10610.965928493495,11060.874874395076,1449,1449,26833,26833,20,5000,5000,1.0,3021694564,20260901,,,absent
s_last,all_rows,all,macro_class,top10_mean_score,4060.5717079575056,3927.32301383788,4192.72439341794,1449,1449,26833,26833,20,5000,5000,1.0,3021694564,20260901,,,absent
s_last,all_rows,all,macro_class,spatial_entropy,0.0005109316840164422,0.0004039862380290478,0.0006294292420599277,1449,1449,26833,26833,20,5000,5000,1.0,3021694564,20260901,,,absent
s_last,all_rows,all,macro_class,foreground_mass,0.38321523556802095,0.3591452015581867,0.4083973919563899,1449,1449,26833,26833,20,5000,5000,1.0,3021694564,20260901,,,absent
s_last,all_rows,all,macro_class,background_mass,0.5773996233773876,0.551615877288492,0.6023556104701258,1449,1449,26833,26833,20,5000,5000,1.0,3021694564,20260901,,,absent
s_last,per_class,all,micro,max_score,11374.827651056847,11137.31560057078,11608.559663836302,1359,1359,1359,1359,,5000,5000,1.0,3021694564,20260901,0,aeroplane,absent
s_last,per_class,all,micro,top10_mean_score,4231.698230614031,4091.170398676347,4372.440946615579,1359,1359,1359,1359,,5000,5000,1.0,3021694564,20260901,0,aeroplane,absent
s_last,per_class,all,micro,spatial_entropy,0.00019939501555265237,5.152907623406341e-05,0.0004033354115314352,1359,1359,1359,1359,,5000,5000,1.0,3021694564,20260901,0,aeroplane,absent
s_last,per_class,all,micro,foreground_mass,0.38266185147917403,0.3568637291307241,0.4076802473464603,1359,1359,1359,1359,,5000,5000,1.0,3021694564,20260901,0,aeroplane,absent
s_last,per_class,all,micro,background_mass,0.5798104740204367,0.5547913143678495,0.6062730967439046,1359,1359,1359,1359,,5000,5000,1.0,3021694564,20260901,0,aeroplane,absent
s_last,per_class,all,micro,max_score,11369.358793189056,11124.112386395671,11612.787210599801,1370,1370,1370,1370,,5000,5000,1.0,3021694564,20260901,1,bicycle,absent
s_last,per_class,all,micro,top10_mean_score,4312.811849709322,4172.523278663879,4457.502682260629,1370,1370,1370,1370,,5000,5000,1.0,3021694564,20260901,1,bicycle,absent
s_last,per_class,all,micro,spatial_entropy,0.00034264642768896855,0.0001248888922044911,0.0006146881560969705,1370,1370,1370,1370,,5000,5000,1.0,3021694564,20260901,1,bicycle,absent
s_last,per_class,all,micro,foreground_mass,0.39622721740443145,0.3699731521991807,0.42271528382894585,1370,1370,1370,1370,,5000,5000,1.0,3021694564,20260901,1,bicycle,absent
s_last,per_class,all,micro,background_mass,0.5679911271920838,0.541344089501255,0.5934009581881944,1370,1370,1370,1370,,5000,5000,1.0,3021694564,20260901,1,bicycle,absent
s_last,per_class,all,micro,max_score,10506.724439159014,10299.236845825897,10708.090171583835,1346,1346,1346,1346,,5000,5000,1.0,3021694564,20260901,2,bird,absent
s_last,per_class,all,micro,top10_mean_score,3756.9060439006425,3643.273071153545,3872.29311595529,1346,1346,1346,1346,,5000,5000,1.0,3021694564,20260901,2,bird,absent
s_last,per_class,all,micro,spatial_entropy,0.0001810740338522545,5.532899277129228e-05,0.0003463716368093684,1346,1346,1346,1346,,5000,5000,1.0,3021694564,20260901,2,bird,absent
s_last,per_class,all,micro,foreground_mass,0.38707289207670076,0.3610698379361462,0.4130758036229143,1346,1346,1346,1346,,5000,5000,1.0,3021694564,20260901,2,bird,absent
s_last,per_class,all,micro,background_mass,0.57429410026876,0.5475481872028454,0.6003157373342518,1346,1346,1346,1346,,5000,5000,1.0,3021694564,20260901,2,bird,absent
s_last,per_class,all,micro,max_score,10798.415961072336,10576.99074078174,11013.339167589784,1377,1377,1377,1377,,5000,5000,1.0,3021694564,20260901,3,boat,absent
s_last,per_class,all,micro,top10_mean_score,3920.236379686901,3790.6869482867855,4051.620928825067,1377,1377,1377,1377,,5000,5000,1.0,3021694564,20260901,3,boat,absent
s_last,per_class,all,micro,spatial_entropy,0.00013841017267610852,1.4813115003814621e-05,0.0003089895960759945,1377,1377,1377,1377,,5000,5000,1.0,3021694564,20260901,3,boat,absent
s_last,per_class,all,micro,foreground_mass,0.39070442289744917,0.36456064026800084,0.4161219967864863,1377,1377,1377,1377,,5000,5000,1.0,3021694564,20260901,3,boat,absent
s_last,per_class,all,micro,background_mass,0.5722585309219078,0.5461147397186102,0.5984023050964603,1377,1377,1377,1377,,5000,5000,1.0,3021694564,20260901,3,boat,absent
s_last,per_class,all,micro,max_score,10558.801440958614,10269.960978387606,10852.354269273143,1353,1353,1353,1353,,5000,5000,1.0,3021694564,20260901,4,bottle,absent
s_last,per_class,all,micro,top10_mean_score,3917.8292788697568,3764.204738368957,4066.8821167801134,1353,1353,1353,1353,,5000,5000,1.0,3021694564,20260901,4,bottle,absent
s_last,per_class,all,micro,spatial_entropy,0.0005348497292629916,0.00021125628484730614,0.0009437553421287352,1353,1353,1353,1353,,5000,5000,1.0,3021694564,20260901,4,bottle,absent
s_last,per_class,all,micro,foreground_mass,0.3902490103195529,0.36511418645751587,0.4161175152014661,1353,1353,1353,1353,,5000,5000,1.0,3021694564,20260901,4,bottle,absent
s_last,per_class,all,micro,background_mass,0.5698445072099899,0.5432374558521453,0.5957129369714741,1353,1353,1353,1353,,5000,5000,1.0,3021694564,20260901,4,bottle,absent
s_last,per_class,all,micro,max_score,11595.322810685591,11357.188326438349,11835.617195820201,1375,1375,1375,1375,,5000,5000,1.0,3021694564,20260901,5,bus,absent
s_last,per_class,all,micro,top10_mean_score,4385.861234564587,4248.907957754197,4530.683122656747,1375,1375,1375,1375,,5000,5000,1.0,3021694564,20260901,5,bus,absent
s_last,per_class,all,micro,spatial_entropy,0.0004704917308842886,0.00013002802154612103,0.0009104026897981249,1375,1375,1375,1375,,5000,5000,1.0,3021694564,20260901,5,bus,absent
s_last,per_class,all,micro,foreground_mass,0.3728122913458058,0.34709998284070664,0.3979954363400864,1375,1375,1375,1375,,5000,5000,1.0,3021694564,20260901,5,bus,absent
s_last,per_class,all,micro,background_mass,0.5852550549738756,0.5591305678737983,0.6110736136926163,1375,1375,1375,1375,,5000,5000,1.0,3021694564,20260901,5,bus,absent
s_last,per_class,all,micro,max_score,9645.302950554644,9387.765753063744,9908.684828397258,1322,1322,1322,1322,,5000,5000,1.0,3021694564,20260901,6,car,absent
s_last,per_class,all,micro,top10_mean_score,3745.069307074141,3609.668697732338,3882.560964603597,1322,1322,1322,1322,,5000,5000,1.0,3021694564,20260901,6,car,absent
s_last,per_class,all,micro,spatial_entropy,0.00029155757417599924,0.00011308613007216325,0.0005311145859496543,1322,1322,1322,1322,,5000,5000,1.0,3021694564,20260901,6,car,absent
s_last,per_class,all,micro,foreground_mass,0.3714164883595005,0.34576159334519313,0.39782308688332,1322,1322,1322,1322,,5000,5000,1.0,3021694564,20260901,6,car,absent
s_last,per_class,all,micro,background_mass,0.5877362713216744,0.5613592107092185,0.6134263553713877,1322,1322,1322,1322,,5000,5000,1.0,3021694564,20260901,6,car,absent
s_last,per_class,all,micro,max_score,11351.096068131295,11095.277553821365,11609.58817481708,1330,1330,1330,1330,,5000,5000,1.0,3021694564,20260901,7,cat,absent
s_last,per_class,all,micro,top10_mean_score,4168.725278955419,4024.116490895932,4314.153924023077,1330,1330,1330,1330,,5000,5000,1.0,3021694564,20260901,7,cat,absent
s_last,per_class,all,micro,spatial_entropy,0.0004639061022097507,0.00016970608232823038,0.0008277591743223811,1330,1330,1330,1330,,5000,5000,1.0,3021694564,20260901,7,cat,absent
s_last,per_class,all,micro,foreground_mass,0.3838567549383405,0.3590879311922898,0.4097744828862101,1330,1330,1330,1330,,5000,5000,1.0,3021694564,20260901,7,cat,absent
s_last,per_class,all,micro,background_mass,0.578549261341992,0.5522282220766674,0.6041164192463507,1330,1330,1330,1330,,5000,5000,1.0,3021694564,20260901,7,cat,absent
s_last,per_class,all,micro,max_score,10020.918476772165,9716.69602535875,10314.363776040112,1326,1326,1326,1326,,5000,5000,1.0,3021694564,20260901,8,chair,absent
s_last,per_class,all,micro,top10_mean_score,3789.7336368226865,3636.047468582796,3942.5832967705855,1326,1326,1326,1326,,5000,5000,1.0,3021694564,20260901,8,chair,absent
s_last,per_class,all,micro,spatial_entropy,0.0007651478589078419,0.0003691460334152228,0.0012458005827623428,1326,1326,1326,1326,,5000,5000,1.0,3021694564,20260901,8,chair,absent
s_last,per_class,all,micro,foreground_mass,0.4035398355294661,0.37682097922961083,0.43061803559055856,1326,1326,1326,1326,,5000,5000,1.0,3021694564,20260901,8,chair,absent
s_last,per_class,all,micro,background_mass,0.5569372653139778,0.5300737164105307,0.5842132232750302,1326,1326,1326,1326,,5000,5000,1.0,3021694564,20260901,8,chair,absent
s_last,per_class,all,micro,max_score,10737.734773050372,10513.486316990091,10963.840941022718,1378,1378,1378,1378,,5000,5000,1.0,3021694564,20260901,9,cow,absent
s_last,per_class,all,micro,top10_mean_score,3909.5950520362485,3777.531110829504,4045.029751736071,1378,1378,1378,1378,,5000,5000,1.0,3021694564,20260901,9,cow,absent
s_last,per_class,all,micro,spatial_entropy,0.0002607213736051041,9.042210436782246e-05,0.00047850994844474533,1378,1378,1378,1378,,5000,5000,1.0,3021694564,20260901,9,cow,absent
s_last,per_class,all,micro,foreground_mass,0.3780432571456848,0.35263119242100244,0.4041348911124581,1378,1378,1378,1378,,5000,5000,1.0,3021694564,20260901,9,cow,absent
s_last,per_class,all,micro,background_mass,0.5835177922757842,0.5573066714272293,0.6089404435829008,1378,1378,1378,1378,,5000,5000,1.0,3021694564,20260901,9,cow,absent
s_last,per_class,all,micro,max_score,11521.611205877001,11255.771107856885,11796.565350400379,1374,1374,1374,1374,,5000,5000,1.0,3021694564,20260901,10,diningtable,absent
s_last,per_class,all,micro,top10_mean_score,4309.123311308518,4159.709553273242,4457.607697807162,1374,1374,1374,1374,,5000,5000,1.0,3021694564,20260901,10,diningtable,absent
s_last,per_class,all,micro,spatial_entropy,0.0001720753108483744,3.4447234334345484e-05,0.00037043135724241485,1374,1374,1374,1374,,5000,5000,1.0,3021694564,20260901,10,diningtable,absent
s_last,per_class,all,micro,foreground_mass,0.3742388634281688,0.34934512935226913,0.39956733015662776,1374,1374,1374,1374,,5000,5000,1.0,3021694564,20260901,10,diningtable,absent
s_last,per_class,all,micro,background_mass,0.5851520443112703,0.5589512483290958,0.6099163295429233,1374,1374,1374,1374,,5000,5000,1.0,3021694564,20260901,10,diningtable,absent
s_last,per_class,all,micro,max_score,11122.679123352189,10853.235433050902,11386.104327527435,1321,1321,1321,1321,,5000,5000,1.0,3021694564,20260901,11,dog,absent
s_last,per_class,all,micro,top10_mean_score,4286.738006096475,4136.665555662928,4436.616587092304,1321,1321,1321,1321,,5000,5000,1.0,3021694564,20260901,11,dog,absent
s_last,per_class,all,micro,spatial_entropy,0.0003540112640051647,8.069440644841465e-05,0.0006948663413918808,1321,1321,1321,1321,,5000,5000,1.0,3021694564,20260901,11,dog,absent
s_last,per_class,all,micro,foreground_mass,0.3694170177338777,0.34367894008972144,0.39515513303786043,1321,1321,1321,1321,,5000,5000,1.0,3021694564,20260901,11,dog,absent
s_last,per_class,all,micro,background_mass,0.5889478564572606,0.5631907693253884,0.6154429745296112,1321,1321,1321,1321,,5000,5000,1.0,3021694564,20260901,11,dog,absent
s_last,per_class,all,micro,max_score,11043.788372529858,10812.023408431172,11272.67557297658,1370,1370,1370,1370,,5000,5000,1.0,3021694564,20260901,12,horse,absent
s_last,per_class,all,micro,top10_mean_score,4070.3550779846078,3937.3693049025637,4203.136735647204,1370,1370,1370,1370,,5000,5000,1.0,3021694564,20260901,12,horse,absent
s_last,per_class,all,micro,spatial_entropy,0.00013057278970227452,2.893590661590511e-05,0.00028135686853000553,1370,1370,1370,1370,,5000,5000,1.0,3021694564,20260901,12,horse,absent
s_last,per_class,all,micro,foreground_mass,0.3846713920071059,0.359123885615722,0.4102187406299986,1370,1370,1370,1370,,5000,5000,1.0,3021694564,20260901,12,horse,absent
s_last,per_class,all,micro,background_mass,0.5751826224424379,0.5489053910260099,0.6014600559116676,1370,1370,1370,1370,,5000,5000,1.0,3021694564,20260901,12,horse,absent
s_last,per_class,all,micro,max_score,11261.346231648111,11006.948938450323,11517.729016112864,1373,1373,1373,1373,,5000,5000,1.0,3021694564,20260901,13,motorbike,absent
s_last,per_class,all,micro,top10_mean_score,4247.277727920169,4099.473084743635,4392.251565895258,1373,1373,1373,1373,,5000,5000,1.0,3021694564,20260901,13,motorbike,absent
s_last,per_class,all,micro,spatial_entropy,0.00048635016040848194,0.00017773539238102773,0.0008858150877694013,1373,1373,1373,1373,,5000,5000,1.0,3021694564,20260901,13,motorbike,absent
s_last,per_class,all,micro,foreground_mass,0.3711176316667274,0.34561948759100736,0.39682872015270454,1373,1373,1373,1373,,5000,5000,1.0,3021694564,20260901,13,motorbike,absent
s_last,per_class,all,micro,background_mass,0.5888706147553299,0.5629252943540813,0.6147174525341481,1373,1373,1373,1373,,5000,5000,1.0,3021694564,20260901,13,motorbike,absent
s_last,per_class,all,micro,max_score,8181.604420513746,7848.453713041283,8496.248908487069,1004,1004,1004,1004,,5000,5000,1.0,3021694564,20260901,14,person,absent
s_last,per_class,all,micro,top10_mean_score,3383.3365517070242,3209.040801397778,3556.5387333228914,1004,1004,1004,1004,,5000,5000,1.0,3021694564,20260901,14,person,absent
s_last,per_class,all,micro,spatial_entropy,0.0029621673281496623,0.001955600228885929,0.004090106985812239,1004,1004,1004,1004,,5000,5000,1.0,3021694564,20260901,14,person,absent
s_last,per_class,all,micro,foreground_mass,0.37501108132271865,0.34563372696848566,0.40561070302306607,1004,1004,1004,1004,,5000,5000,1.0,3021694564,20260901,14,person,absent
s_last,per_class,all,micro,background_mass,0.5920607394148076,0.5614437406448753,0.6216376015823329,1004,1004,1004,1004,,5000,5000,1.0,3021694564,20260901,14,person,absent
s_last,per_class,all,micro,max_score,10541.653558574464,10266.708678538638,10822.450993854767,1364,1364,1364,1364,,5000,5000,1.0,3021694564,20260901,15,pottedplant,absent
s_last,per_class,all,micro,top10_mean_score,3959.3704808326847,3812.5481942069223,4110.660208875409,1364,1364,1364,1364,,5000,5000,1.0,3021694564,20260901,15,pottedplant,absent
s_last,per_class,all,micro,spatial_entropy,0.0006342496369913703,0.0002820107338132164,0.0010663538620821636,1364,1364,1364,1364,,5000,5000,1.0,3021694564,20260901,15,pottedplant,absent
s_last,per_class,all,micro,foreground_mass,0.3855644194701278,0.36057813811279865,0.411838124306258,1364,1364,1364,1364,,5000,5000,1.0,3021694564,20260901,15,pottedplant,absent
s_last,per_class,all,micro,background_mass,0.5743757767518104,0.5479163799711325,0.6012232186532961,1364,1364,1364,1364,,5000,5000,1.0,3021694564,20260901,15,pottedplant,absent
s_last,per_class,all,micro,max_score,10746.555877427945,10525.22073653909,10964.82033876852,1392,1392,1392,1392,,5000,5000,1.0,3021694564,20260901,16,sheep,absent
s_last,per_class,all,micro,top10_mean_score,3915.7737643370847,3787.5833728151433,4044.220096791048,1392,1392,1392,1392,,5000,5000,1.0,3021694564,20260901,16,sheep,absent
s_last,per_class,all,micro,spatial_entropy,0.00039609988243774914,0.00010770594515022585,0.0007589800993920093,1392,1392,1392,1392,,5000,5000,1.0,3021694564,20260901,16,sheep,absent
s_last,per_class,all,micro,foreground_mass,0.37922053635519876,0.3535564017429359,0.40497223363597395,1392,1392,1392,1392,,5000,5000,1.0,3021694564,20260901,16,sheep,absent
s_last,per_class,all,micro,background_mass,0.581267969311187,0.5549945763042233,0.6070268874729617,1392,1392,1392,1392,,5000,5000,1.0,3021694564,20260901,16,sheep,absent
s_last,per_class,all,micro,max_score,11543.240412879815,11259.784917207357,11815.418139342966,1359,1359,1359,1359,,5000,5000,1.0,3021694564,20260901,17,sofa,absent
s_last,per_class,all,micro,top10_mean_score,4374.762700315961,4224.594133892553,4527.612565056141,1359,1359,1359,1359,,5000,5000,1.0,3021694564,20260901,17,sofa,absent
s_last,per_class,all,micro,spatial_entropy,0.0006798210770858601,0.00033501725759843863,0.001073218884763473,1359,1359,1359,1359,,5000,5000,1.0,3021694564,20260901,17,sofa,absent
s_last,per_class,all,micro,foreground_mass,0.3945174937492611,0.36851040556410336,0.420566440655304,1359,1359,1359,1359,,5000,5000,1.0,3021694564,20260901,17,sofa,absent
s_last,per_class,all,micro,background_mass,0.5624159105205819,0.5370159596568922,0.5885639373358472,1359,1359,1359,1359,,5000,5000,1.0,3021694564,20260901,17,sofa,absent
s_last,per_class,all,micro,max_score,11324.052139466674,11095.217854772434,11556.258327891033,1365,1365,1365,1365,,5000,5000,1.0,3021694564,20260901,18,train,absent
s_last,per_class,all,micro,top10_mean_score,4203.83362804795,4070.5045827687327,4344.071523320466,1365,1365,1365,1365,,5000,5000,1.0,3021694564,20260901,18,train,absent
s_last,per_class,all,micro,spatial_entropy,0.00017553224760307744,4.1210058602148254e-05,0.0003684797609870723,1365,1365,1365,1365,,5000,5000,1.0,3021694564,20260901,18,train,absent
s_last,per_class,all,micro,foreground_mass,0.3823257216201514,0.35677321603694184,0.4084834965075607,1365,1365,1365,1365,,5000,5000,1.0,3021694564,20260901,18,train,absent
s_last,per_class,all,micro,background_mass,0.5773563495305492,0.5503824030788087,0.6037969901691141,1365,1365,1365,1365,,5000,5000,1.0,3021694564,20260901,18,train,absent
s_last,per_class,all,micro,max_score,11554.395015502929,11269.245403670988,11824.404598664718,1375,1375,1375,1375,,5000,5000,1.0,3021694564,20260901,19,tvmonitor,absent
s_last,per_class,all,micro,top10_mean_score,4322.396618365914,4169.75331890069,4476.973434634067,1375,1375,1375,1375,,5000,5000,1.0,3021694564,20260901,19,tvmonitor,absent
s_last,per_class,all,micro,spatial_entropy,0.0005795539642808646,0.00018924696952502505,0.0011398617291982138,1375,1375,1375,1375,,5000,5000,1.0,3021694564,20260901,19,tvmonitor,absent
s_last,per_class,all,micro,foreground_mass,0.39163653251097513,0.3656110890277929,0.41797975121145126,1375,1375,1375,1375,,5000,5000,1.0,3021694564,20260901,19,tvmonitor,absent
s_last,per_class,all,micro,background_mass,0.5661681992120365,0.5392678340315316,0.5927345539471811,1375,1375,1375,1375,,5000,5000,1.0,3021694564,20260901,19,tvmonitor,absent
s_last,all_rows,all,micro,max_score,2018.4862210486149,1946.2194523241033,2094.439882052282,1449,1449,2147,2147,,5000,5000,1.0,3021694564,20260901,,,positive
s_last,all_rows,all,micro,top10_mean_score,1146.552648227255,1108.3613922186723,1185.1256613798914,1449,1449,2147,2147,,5000,5000,1.0,3021694564,20260901,,,positive
s_last,all_rows,all,micro,spatial_entropy,0.0026750282539173558,0.0020545786089218466,0.003306064551866632,1449,1449,2147,2147,,5000,5000,1.0,3021694564,20260901,,,positive
s_last,all_rows,all,micro,foreground_mass,0.5533125675766722,0.528107174774479,0.5793558898803014,1449,1449,2147,2147,,5000,5000,1.0,3021694564,20260901,,,positive
s_last,all_rows,all,micro,background_mass,0.3826303092294802,0.35737951028079196,0.4074661466939223,1449,1449,2147,2147,,5000,5000,1.0,3021694564,20260901,,,positive
s_last,all_rows,all,macro_class,max_score,1857.4999588894239,1784.591004564882,1937.1940553605,1449,1449,2147,2147,20,5000,5000,1.0,3021694564,20260901,,,positive
s_last,all_rows,all,macro_class,top10_mean_score,1035.8281759677157,1001.1392042088801,1071.3389726318478,1449,1449,2147,2147,20,5000,5000,1.0,3021694564,20260901,,,positive
s_last,all_rows,all,macro_class,spatial_entropy,0.0028499022557204683,0.0022183228324934427,0.0035050796683038054,1449,1449,2147,2147,20,5000,5000,1.0,3021694564,20260901,,,positive
s_last,all_rows,all,macro_class,foreground_mass,0.5160885869547208,0.4911059951156948,0.541427642927226,1449,1449,2147,2147,20,5000,5000,1.0,3021694564,20260901,,,positive
s_last,all_rows,all,macro_class,background_mass,0.4195092802486191,0.3942618060965966,0.4444207328498243,1449,1449,2147,2147,20,5000,5000,1.0,3021694564,20260901,,,positive
s_last,per_class,all,micro,max_score,1478.461629570855,1364.0893068186442,1594.6948181491427,90,90,90,90,,5000,5000,1.0,3021694564,20260901,0,aeroplane,positive
s_last,per_class,all,micro,top10_mean_score,787.3683648752918,710.3614952805979,868.4868940003793,90,90,90,90,,5000,5000,1.0,3021694564,20260901,0,aeroplane,positive
s_last,per_class,all,micro,spatial_entropy,0.0008743813958044766,5.563165549811879e-06,0.002568967822380149,90,90,90,90,,5000,5000,1.0,3021694564,20260901,0,aeroplane,positive
s_last,per_class,all,micro,foreground_mass,0.33336506415633643,0.24444444378278257,0.43339679569007494,90,90,90,90,,5000,5000,1.0,3021694564,20260901,0,aeroplane,positive
s_last,per_class,all,micro,background_mass,0.5666349334064085,0.4666031992083839,0.6666031972546761,90,90,90,90,,5000,5000,1.0,3021694564,20260901,0,aeroplane,positive
s_last,per_class,all,micro,max_score,2269.8887616893912,1985.8473208608507,2623.577518236184,79,79,79,79,,5000,5000,1.0,3021694564,20260901,1,bicycle,positive
s_last,per_class,all,micro,top10_mean_score,1270.9777615136559,1165.8848954269286,1376.0569662840437,79,79,79,79,,5000,5000,1.0,3021694564,20260901,1,bicycle,positive
s_last,per_class,all,micro,spatial_entropy,0.0023187586710477904,0.0002850593422682631,0.005055793610392455,79,79,79,79,,5000,5000,1.0,3021694564,20260901,1,bicycle,positive
s_last,per_class,all,micro,foreground_mass,0.39767704682855365,0.2923701035076334,0.5069157699089146,79,79,79,79,,5000,5000,1.0,3021694564,20260901,1,bicycle,positive
s_last,per_class,all,micro,background_mass,0.35443266241346505,0.2531668393062722,0.4557007677599759,79,79,79,79,,5000,5000,1.0,3021694564,20260901,1,bicycle,positive
s_last,per_class,all,micro,max_score,3068.323092858768,2684.4826196170548,3532.5552625785754,103,103,103,103,,5000,5000,1.0,3021694564,20260901,2,bird,positive
s_last,per_class,all,micro,top10_mean_score,1597.9308463077573,1407.4577723710252,1829.772181319768,103,103,103,103,,5000,5000,1.0,3021694564,20260901,2,bird,positive
s_last,per_class,all,micro,spatial_entropy,0.0006430554565491946,5.366130922417299e-07,0.0018763028890777394,103,103,103,103,,5000,5000,1.0,3021694564,20260901,2,bird,positive
s_last,per_class,all,micro,foreground_mass,0.4354851986598043,0.33980582524271846,0.5325725773005809,103,103,103,103,,5000,5000,1.0,3021694564,20260901,2,bird,positive
s_last,per_class,all,micro,background_mass,0.5159711113112667,0.4202917383278249,0.6116504854368932,103,103,103,103,,5000,5000,1.0,3021694564,20260901,2,bird,positive
s_last,per_class,all,micro,max_score,1418.4087291293674,1279.5316333346896,1562.2313939624362,72,72,72,72,,5000,5000,1.0,3021694564,20260901,3,boat,positive
s_last,per_class,all,micro,top10_mean_score,824.9881320168585,715.4423328971775,936.4848372994132,72,72,72,72,,5000,5000,1.0,3021694564,20260901,3,boat,positive
s_last,per_class,all,micro,spatial_entropy,0.00041296594590914805,3.167373720541503e-05,0.0010154326848026399,72,72,72,72,,5000,5000,1.0,3021694564,20260901,3,boat,positive
s_last,per_class,all,micro,foreground_mass,0.513858690857904,0.4027475797467929,0.6249999991929027,72,72,72,72,,5000,5000,1.0,3021694564,20260901,3,boat,positive
s_last,per_class,all,micro,background_mass,0.44447464287213023,0.33333333425976336,0.5555857531305972,72,72,72,72,,5000,5000,1.0,3021694564,20260901,3,boat,positive
s_last,per_class,all,micro,max_score,2281.808845837911,1914.0648336251577,2719.972653456529,96,96,96,96,,5000,5000,1.0,3021694564,20260901,4,bottle,positive
s_last,per_class,all,micro,top10_mean_score,1159.7830605025142,1014.4002405061243,1309.3226366649576,96,96,96,96,,5000,5000,1.0,3021694564,20260901,4,bottle,positive
s_last,per_class,all,micro,spatial_entropy,0.0015011952171394155,0.00035877623147479126,0.0030680429757992383,96,96,96,96,,5000,5000,1.0,3021694564,20260901,4,bottle,positive
s_last,per_class,all,micro,foreground_mass,0.5318805174887284,0.42897630680165005,0.6262610218173651,96,96,96,96,,5000,5000,1.0,3021694564,20260901,4,bottle,positive
s_last,per_class,all,micro,background_mass,0.4056187941677176,0.3118688854871769,0.5097854021315774,96,96,96,96,,5000,5000,1.0,3021694564,20260901,4,bottle,positive
s_last,per_class,all,micro,max_score,1355.4822639259132,1116.5117015529324,1675.7196779508847,74,74,74,74,,5000,5000,1.0,3021694564,20260901,5,bus,positive
s_last,per_class,all,micro,top10_mean_score,730.1404079283365,642.1629188952998,848.8516387909527,74,74,74,74,,5000,5000,1.0,3021694564,20260901,5,bus,positive
s_last,per_class,all,micro,spatial_entropy,0.0010541948566323085,4.230216661763916e-05,0.0026028733637421583,74,74,74,74,,5000,5000,1.0,3021694564,20260901,5,bus,positive
s_last,per_class,all,micro,foreground_mass,0.45942331795993757,0.3378383586905173,0.5675675667621026,74,74,74,74,,5000,5000,1.0,3021694564,20260901,5,bus,positive
s_last,per_class,all,micro,background_mass,0.5000361386384513,0.3918916292891309,0.6216208435393669,74,74,74,74,,5000,5000,1.0,3021694564,20260901,5,bus,positive
s_last,per_class,all,micro,max_score,1974.5592399657241,1666.4215889968273,2328.7263651404787,127,127,127,127,,5000,5000,1.0,3021694564,20260901,6,car,positive
s_last,per_class,all,micro,top10_mean_score,1113.6216402454356,977.8510961749978,1255.9575838207131,127,127,127,127,,5000,5000,1.0,3021694564,20260901,6,car,positive
s_last,per_class,all,micro,spatial_entropy,0.0022352675757440045,0.0003514442106504994,0.005042606497208769,127,127,127,127,,5000,5000,1.0,3021694564,20260901,6,car,positive
s_last,per_class,all,micro,foreground_mass,0.4725370388308355,0.38593809470354495,0.5591563137333083,127,127,127,127,,5000,5000,1.0,3021694564,20260901,6,car,positive
s_last,per_class,all,micro,background_mass,0.472359097903709,0.38587055700200573,0.5667024709606125,127,127,127,127,,5000,5000,1.0,3021694564,20260901,6,car,positive
s_last,per_class,all,micro,max_score,2610.477855778542,2453.7476380997346,2772.2055972508024,119,119,119,119,,5000,5000,1.0,3021694564,20260901,7,cat,positive
s_last,per_class,all,micro,top10_mean_score,1922.2943623703652,1798.3289036082435,2041.7096268697871,119,119,119,119,,5000,5000,1.0,3021694564,20260901,7,cat,positive
s_last,per_class,all,micro,spatial_entropy,0.003129152548888975,0.0008766004617223093,0.006067779222350693,119,119,119,119,,5000,5000,1.0,3021694564,20260901,7,cat,positive
s_last,per_class,all,micro,foreground_mass,0.8319327651625023,0.7647058674595325,0.8991596553522814,119,119,119,119,,5000,5000,1.0,3021694564,20260901,7,cat,positive
s_last,per_class,all,micro,background_mass,0.14285574247812347,0.07563025776244456,0.2100826387871123,119,119,119,119,,5000,5000,1.0,3021694564,20260901,7,cat,positive
s_last,per_class,all,micro,max_score,1429.8644270858144,1154.9787061753314,1751.8863876683924,123,123,123,123,,5000,5000,1.0,3021694564,20260901,8,chair,positive
s_last,per_class,all,micro,top10_mean_score,665.6898452848218,561.95753324584,781.6227054409903,123,123,123,123,,5000,5000,1.0,3021694564,20260901,8,chair,positive
s_last,per_class,all,micro,spatial_entropy,0.005771529362784795,0.0022037790414767937,0.010240994742685614,123,123,123,123,,5000,5000,1.0,3021694564,20260901,8,chair,positive
s_last,per_class,all,micro,foreground_mass,0.5050417119647729,0.4155929975955763,0.5944519350986333,123,123,123,123,,5000,5000,1.0,3021694564,20260901,8,chair,positive
s_last,per_class,all,micro,background_mass,0.3729374990350767,0.29071939158966503,0.4614293822919585,123,123,123,123,,5000,5000,1.0,3021694564,20260901,8,chair,positive
s_last,per_class,all,micro,max_score,567.1065644239876,376.51663165418825,843.6180393578511,71,71,71,71,,5000,5000,1.0,3021694564,20260901,9,cow,positive
s_last,per_class,all,micro,top10_mean_score,157.66182777435702,80.90773129174622,246.9008063690331,71,71,71,71,,5000,5000,1.0,3021694564,20260901,9,cow,positive
s_last,per_class,all,micro,spatial_entropy,0.004218734940398286,0.0006183879259972082,0.009042016588430308,71,71,71,71,,5000,5000,1.0,3021694564,20260901,9,cow,positive
s_last,per_class,all,micro,foreground_mass,0.30985705501954,0.21126339150744433,0.4225330974014712,71,71,71,71,,5000,5000,1.0,3021694564,20260901,9,cow,positive
s_last,per_class,all,micro,background_mass,0.676056328674085,0.5633802840890855,0.7746478914048814,71,71,71,71,,5000,5000,1.0,3021694564,20260901,9,cow,positive
s_last,per_class,all,micro,max_score,2306.6612497965493,1629.9455191040038,3132.528955505371,75,75,75,75,,5000,5000,1.0,3021694564,20260901,10,diningtable,positive
s_last,per_class,all,micro,top10_mean_score,1068.1814235685724,761.6751096143531,1449.0962001610262,75,75,75,75,,5000,5000,1.0,3021694564,20260901,10,diningtable,positive
s_last,per_class,all,micro,spatial_entropy,0.0024808495093885724,0.0004702346331425092,0.005592660057868464,75,75,75,75,,5000,5000,1.0,3021694564,20260901,10,diningtable,positive
s_last,per_class,all,micro,foreground_mass,0.7021879345601862,0.5955225267498646,0.8047425377119345,75,75,75,75,,5000,5000,1.0,3021694564,20260901,10,diningtable,positive
s_last,per_class,all,micro,background_mass,0.24447871992784048,0.15150956828736872,0.34666664718999707,75,75,75,75,,5000,5000,1.0,3021694564,20260901,10,diningtable,positive
s_last,per_class,all,micro,max_score,2057.883078813553,1920.622098350525,2211.6628520190716,128,128,128,128,,5000,5000,1.0,3021694564,20260901,11,dog,positive
s_last,per_class,all,micro,top10_mean_score,1351.983354092248,1261.0686853498066,1444.8135265229314,128,128,128,128,,5000,5000,1.0,3021694564,20260901,11,dog,positive
s_last,per_class,all,micro,spatial_entropy,0.004166393305446769,0.0012957637538166787,0.0075764521616201435,128,128,128,128,,5000,5000,1.0,3021694564,20260901,11,dog,positive
s_last,per_class,all,micro,foreground_mass,0.7617792616996621,0.6868523093387441,0.8351317628026972,128,128,128,128,,5000,5000,1.0,3021694564,20260901,11,dog,positive
s_last,per_class,all,micro,background_mass,0.21453624632412677,0.1474387393829015,0.2882898868978831,128,128,128,128,,5000,5000,1.0,3021694564,20260901,11,dog,positive
s_last,per_class,all,micro,max_score,1403.2402753226365,1158.482941335364,1759.4383193341992,79,79,79,79,,5000,5000,1.0,3021694564,20260901,12,horse,positive
s_last,per_class,all,micro,top10_mean_score,753.8484295188391,638.5513454553409,910.609264303578,79,79,79,79,,5000,5000,1.0,3021694564,20260901,12,horse,positive
s_last,per_class,all,micro,spatial_entropy,0.0034059978988223087,0.000714292461807851,0.007064035941882874,79,79,79,79,,5000,5000,1.0,3021694564,20260901,12,horse,positive
s_last,per_class,all,micro,foreground_mass,0.46821172739923816,0.35443038044172115,0.5819930743567551,79,79,79,79,,5000,5000,1.0,3021694564,20260901,12,horse,positive
s_last,per_class,all,micro,background_mass,0.5064718166864587,0.39269047030543286,0.620253164556962,79,79,79,79,,5000,5000,1.0,3021694564,20260901,12,horse,positive
s_last,per_class,all,micro,max_score,1776.633592505204,1660.4559714819256,1888.632179722033,76,76,76,76,,5000,5000,1.0,3021694564,20260901,13,motorbike,positive
s_last,per_class,all,micro,top10_mean_score,1148.1618316912263,1062.1552495672527,1234.1798688408348,76,76,76,76,,5000,5000,1.0,3021694564,20260901,13,motorbike,positive
s_last,per_class,all,micro,spatial_entropy,0.0018128392423138711,7.277291975957655e-05,0.004913485191106499,76,76,76,76,,5000,5000,1.0,3021694564,20260901,13,motorbike,positive
s_last,per_class,all,micro,foreground_mass,0.3423517124583051,0.2370891241410527,0.44761545440012973,76,76,76,76,,5000,5000,1.0,3021694564,20260901,13,motorbike,positive
s_last,per_class,all,micro,background_mass,0.6181736240361452,0.5126630334865363,0.7236842098278542,76,76,76,76,,5000,5000,1.0,3021694564,20260901,13,motorbike,positive
s_last,per_class,all,micro,max_score,2557.2037348372214,2424.543559752904,2698.3514739595903,445,445,445,445,,5000,5000,1.0,3021694564,20260901,14,person,positive
s_last,per_class,all,micro,top10_mean_score,1487.6345541059352,1417.4077117922168,1559.300737537177,445,445,445,445,,5000,5000,1.0,3021694564,20260901,14,person,positive
s_last,per_class,all,micro,spatial_entropy,0.0015666544850472578,0.0005617246891222051,0.00294096855303185,445,445,445,445,,5000,5000,1.0,3021694564,20260901,14,person,positive
s_last,per_class,all,micro,foreground_mass,0.6784542533307683,0.6346048921390696,0.7213169363173774,445,445,445,445,,5000,5000,1.0,3021694564,20260901,14,person,positive
s_last,per_class,all,micro,background_mass,0.2586005169241056,0.2188757402913992,0.2991628748143925,445,445,445,445,,5000,5000,1.0,3021694564,20260901,14,person,positive
s_last,per_class,all,micro,max_score,2344.0707788803998,1861.746994754567,2908.2708885372385,85,85,85,85,,5000,5000,1.0,3021694564,20260901,15,pottedplant,positive
s_last,per_class,all,micro,top10_mean_score,1219.3907529487078,1019.2662842930131,1437.935901053936,85,85,85,85,,5000,5000,1.0,3021694564,20260901,15,pottedplant,positive
s_last,per_class,all,micro,spatial_entropy,0.003817660112603582,0.0008086759509978575,0.007662266475981648,85,85,85,85,,5000,5000,1.0,3021694564,20260901,15,pottedplant,positive
s_last,per_class,all,micro,foreground_mass,0.47878925172791453,0.3728228922982922,0.585737844260908,85,85,85,85,,5000,5000,1.0,3021694564,20260901,15,pottedplant,positive
s_last,per_class,all,micro,background_mass,0.3577057504787368,0.2590279940581888,0.4588680862860694,85,85,85,85,,5000,5000,1.0,3021694564,20260901,15,pottedplant,positive
s_last,per_class,all,micro,max_score,873.7664880585252,560.2996027963203,1264.2480055089582,57,57,57,57,,5000,5000,1.0,3021694564,20260901,16,sheep,positive
s_last,per_class,all,micro,top10_mean_score,290.1732544340546,217.2662233972376,375.1359566717456,57,57,57,57,,5000,5000,1.0,3021694564,20260901,16,sheep,positive
s_last,per_class,all,micro,spatial_entropy,0.00515074847123037,0.0012566731221856928,0.009962111707918806,57,57,57,57,,5000,5000,1.0,3021694564,20260901,16,sheep,positive
s_last,per_class,all,micro,foreground_mass,0.488122686837351,0.362962465343684,0.6180521967357971,57,57,57,57,,5000,5000,1.0,3021694564,20260901,16,sheep,positive
s_last,per_class,all,micro,background_mass,0.45924573036258953,0.33333314186419294,0.5851741179256272,57,57,57,57,,5000,5000,1.0,3021694564,20260901,16,sheep,positive
s_last,per_class,all,micro,max_score,1654.045312669542,1253.6992151196798,2161.2901732805035,90,90,90,90,,5000,5000,1.0,3021694564,20260901,17,sofa,positive
s_last,per_class,all,micro,top10_mean_score,898.7840334908576,748.4075806587113,1073.9474393429716,90,90,90,90,,5000,5000,1.0,3021694564,20260901,17,sofa,positive
s_last,per_class,all,micro,spatial_entropy,0.007200682423574932,0.002651518255062819,0.01273587078112218,90,90,90,90,,5000,5000,1.0,3021694564,20260901,17,sofa,positive
s_last,per_class,all,micro,foreground_mass,0.565330439805289,0.46537613117193183,0.6692299847430554,90,90,90,90,,5000,5000,1.0,3021694564,20260901,17,sofa,positive
s_last,per_class,all,micro,background_mass,0.40133523405573635,0.3000002898614575,0.5032593581480944,90,90,90,90,,5000,5000,1.0,3021694564,20260901,17,sofa,positive
s_last,per_class,all,micro,max_score,1263.5745282854352,1175.8887537275043,1364.814826311384,84,84,84,84,,5000,5000,1.0,3021694564,20260901,18,train,positive
s_last,per_class,all,micro,top10_mean_score,687.9631459128004,629.6940514918585,750.3513655557742,84,84,84,84,,5000,5000,1.0,3021694564,20260901,18,train,positive
s_last,per_class,all,micro,spatial_entropy,0.002057464977158193,4.8979553321419146e-05,0.005066926707437827,84,84,84,84,,5000,5000,1.0,3021694564,20260901,18,train,positive
s_last,per_class,all,micro,foreground_mass,0.46426714141246755,0.35714245101655895,0.5714281695547246,84,84,84,84,,5000,5000,1.0,3021694564,20260901,18,train,positive
s_last,per_class,all,micro,background_mass,0.5000197704314356,0.39287730797851206,0.6071612961207634,84,84,84,84,,5000,5000,1.0,3021694564,20260901,18,train,positive
s_last,per_class,all,micro,max_score,2458.5387283531395,2092.4318172325957,2893.11939483591,74,74,74,74,,5000,5000,1.0,3021694564,20260901,19,tvmonitor,positive
s_last,per_class,all,micro,top10_mean_score,1579.9864907716785,1391.0063121785797,1766.7694772159537,74,74,74,74,,5000,5000,1.0,3021694564,20260901,19,tvmonitor,positive
s_last,per_class,all,micro,spatial_entropy,0.0031795187179251144,0.001000752591175003,0.005845443855599358,74,74,74,74,,5000,5000,1.0,3021694564,20260901,19,tvmonitor,positive
s_last,per_class,all,micro,foreground_mass,0.581218922934323,0.45973510746638635,0.6893514164087412,74,74,74,74,,5000,5000,1.0,3021694564,20260901,19,tvmonitor,positive
s_last,per_class,all,micro,background_mass,0.37824124484477334,0.2701576674795556,0.48639240506963566,74,74,74,74,,5000,5000,1.0,3021694564,20260901,19,tvmonitor,positive
s_pos,all_rows,all,micro,max_score,2431.841036614515,2381.085155589486,2481.1481363241724,1449,1449,26833,26833,,5000,5000,1.0,3021694564,20260901,,,absent
s_pos,all_rows,all,micro,top10_mean_score,798.0512004793283,771.1024107165234,825.0139728324601,1449,1449,26833,26833,,5000,5000,1.0,3021694564,20260901,,,absent
s_pos,all_rows,all,micro,spatial_entropy,0.0016679098760147798,0.0014120906471573938,0.001940227268076757,1449,1449,26833,26833,,5000,5000,1.0,3021694564,20260901,,,absent
s_pos,all_rows,all,micro,foreground_mass,0.3841011002264555,0.3595629677641051,0.40853229145519276,1449,1449,26833,26833,,5000,5000,1.0,3021694564,20260901,,,absent
s_pos,all_rows,all,micro,background_mass,0.5779420976805009,0.552530490554381,0.6029065714494255,1449,1449,26833,26833,,5000,5000,1.0,3021694564,20260901,,,absent
s_pos,all_rows,all,macro_class,max_score,2423.8624181329915,2372.997428324963,2473.011285754678,1449,1449,26833,26833,20,5000,5000,1.0,3021694564,20260901,,,absent
s_pos,all_rows,all,macro_class,top10_mean_score,796.4808618548496,769.5577190281061,823.4280067018857,1449,1449,26833,26833,20,5000,5000,1.0,3021694564,20260901,,,absent
s_pos,all_rows,all,macro_class,spatial_entropy,0.0017302853246762644,0.0014701863954775724,0.0020069880007264848,1449,1449,26833,26833,20,5000,5000,1.0,3021694564,20260901,,,absent
s_pos,all_rows,all,macro_class,foreground_mass,0.3840768449228274,0.35962762003526616,0.40842224990169784,1449,1449,26833,26833,20,5000,5000,1.0,3021694564,20260901,,,absent
s_pos,all_rows,all,macro_class,background_mass,0.5780795854914978,0.5526507779224906,0.6030014842594296,1449,1449,26833,26833,20,5000,5000,1.0,3021694564,20260901,,,absent
s_pos,per_class,all,micro,max_score,2574.363663806031,2520.5223651536517,2627.597100285522,1359,1359,1359,1359,,5000,5000,1.0,3021694564,20260901,0,aeroplane,absent
s_pos,per_class,all,micro,top10_mean_score,849.3522478305899,821.2080442727007,878.1589854388156,1359,1359,1359,1359,,5000,5000,1.0,3021694564,20260901,0,aeroplane,absent
s_pos,per_class,all,micro,spatial_entropy,0.0008151771921297069,0.0004769478636443104,0.0012179111085134555,1359,1359,1359,1359,,5000,5000,1.0,3021694564,20260901,0,aeroplane,absent
s_pos,per_class,all,micro,foreground_mass,0.38413677844802707,0.35793972601130863,0.40953212047114224,1359,1359,1359,1359,,5000,5000,1.0,3021694564,20260901,0,aeroplane,absent
s_pos,per_class,all,micro,background_mass,0.5784942263686521,0.5526897927040182,0.6044957168330255,1359,1359,1359,1359,,5000,5000,1.0,3021694564,20260901,0,aeroplane,absent
s_pos,per_class,all,micro,max_score,2553.701092401212,2498.6680016047067,2607.8448347214194,1370,1370,1370,1370,,5000,5000,1.0,3021694564,20260901,1,bicycle,absent
s_pos,per_class,all,micro,top10_mean_score,844.525336845225,815.9246430462742,874.0498303890665,1370,1370,1370,1370,,5000,5000,1.0,3021694564,20260901,1,bicycle,absent
s_pos,per_class,all,micro,spatial_entropy,0.0010822351323972043,0.0006548759508382118,0.0015768906616770322,1370,1370,1370,1370,,5000,5000,1.0,3021694564,20260901,1,bicycle,absent
s_pos,per_class,all,micro,foreground_mass,0.3987412946659904,0.3727941594856781,0.4248671918530865,1370,1370,1370,1370,,5000,5000,1.0,3021694564,20260901,1,bicycle,absent
s_pos,per_class,all,micro,background_mass,0.5647694781280689,0.5388681422869577,0.5909328437448474,1370,1370,1370,1370,,5000,5000,1.0,3021694564,20260901,1,bicycle,absent
s_pos,per_class,all,micro,max_score,2342.1322308281024,2295.108017538632,2387.9504265643864,1346,1346,1346,1346,,5000,5000,1.0,3021694564,20260901,2,bird,absent
s_pos,per_class,all,micro,top10_mean_score,736.7762032286018,713.8815891870053,760.1169823388977,1346,1346,1346,1346,,5000,5000,1.0,3021694564,20260901,2,bird,absent
s_pos,per_class,all,micro,spatial_entropy,0.0013565755418198527,0.0007224050610166336,0.0021904754121928618,1346,1346,1346,1346,,5000,5000,1.0,3021694564,20260901,2,bird,absent
s_pos,per_class,all,micro,foreground_mass,0.3903432053783096,0.3650443350803179,0.41642810333332647,1346,1346,1346,1346,,5000,5000,1.0,3021694564,20260901,2,bird,absent
s_pos,per_class,all,micro,background_mass,0.5717667256005465,0.5456565226674055,0.5975166913603798,1346,1346,1346,1346,,5000,5000,1.0,3021694564,20260901,2,bird,absent
s_pos,per_class,all,micro,max_score,2393.364415952063,2342.936601724673,2441.043454230481,1377,1377,1377,1377,,5000,5000,1.0,3021694564,20260901,3,boat,absent
s_pos,per_class,all,micro,top10_mean_score,764.5017395220369,738.0348549395336,790.5583472710086,1377,1377,1377,1377,,5000,5000,1.0,3021694564,20260901,3,boat,absent
s_pos,per_class,all,micro,spatial_entropy,0.0012833882330509252,0.0008113494764001618,0.0018370321691675504,1377,1377,1377,1377,,5000,5000,1.0,3021694564,20260901,3,boat,absent
s_pos,per_class,all,micro,foreground_mass,0.39115619379668903,0.36493500469605744,0.4163389676167471,1377,1377,1377,1377,,5000,5000,1.0,3021694564,20260901,3,boat,absent
s_pos,per_class,all,micro,background_mass,0.5717565610839899,0.5463635349180398,0.5984332797150911,1377,1377,1377,1377,,5000,5000,1.0,3021694564,20260901,3,boat,absent
s_pos,per_class,all,micro,max_score,2389.7323091934104,2324.234323517587,2454.9934271402212,1353,1353,1353,1353,,5000,5000,1.0,3021694564,20260901,4,bottle,absent
s_pos,per_class,all,micro,top10_mean_score,776.4895922717977,745.9896742273977,806.5802006807072,1353,1353,1353,1353,,5000,5000,1.0,3021694564,20260901,4,bottle,absent
s_pos,per_class,all,micro,spatial_entropy,0.0018032008078148866,0.001181110530717778,0.0024975175202758392,1353,1353,1353,1353,,5000,5000,1.0,3021694564,20260901,4,bottle,absent
s_pos,per_class,all,micro,foreground_mass,0.38714435001903663,0.36148784345352497,0.41259936026034183,1353,1353,1353,1353,,5000,5000,1.0,3021694564,20260901,4,bottle,absent
s_pos,per_class,all,micro,background_mass,0.5719733292474176,0.5449189746616037,0.5987227465975441,1353,1353,1353,1353,,5000,5000,1.0,3021694564,20260901,4,bottle,absent
s_pos,per_class,all,micro,max_score,2602.4304099981136,2548.34499825169,2655.872970467793,1375,1375,1375,1375,,5000,5000,1.0,3021694564,20260901,5,bus,absent
s_pos,per_class,all,micro,top10_mean_score,865.869876986701,837.6027123274521,895.1003783995834,1375,1375,1375,1375,,5000,5000,1.0,3021694564,20260901,5,bus,absent
s_pos,per_class,all,micro,spatial_entropy,0.0012098283313019711,0.0007504744000643636,0.0017257638332342673,1375,1375,1375,1375,,5000,5000,1.0,3021694564,20260901,5,bus,absent
s_pos,per_class,all,micro,foreground_mass,0.3722548751164,0.3468225720738988,0.39810736577988215,1375,1375,1375,1375,,5000,5000,1.0,3021694564,20260901,5,bus,absent
s_pos,per_class,all,micro,background_mass,0.587744198095458,0.5620299485122967,0.6133645159981309,1375,1375,1375,1375,,5000,5000,1.0,3021694564,20260901,5,bus,absent
s_pos,per_class,all,micro,max_score,2215.860852939188,2158.2558369640865,2274.8938070378713,1322,1322,1322,1322,,5000,5000,1.0,3021694564,20260901,6,car,absent
s_pos,per_class,all,micro,top10_mean_score,764.3377490783056,736.5828392410481,792.6536817177245,1322,1322,1322,1322,,5000,5000,1.0,3021694564,20260901,6,car,absent
s_pos,per_class,all,micro,spatial_entropy,0.00276899074980993,0.0019205533796099437,0.003715194066434615,1322,1322,1322,1322,,5000,5000,1.0,3021694564,20260901,6,car,absent
s_pos,per_class,all,micro,foreground_mass,0.3757069740562523,0.35105585355355257,0.40186114434577574,1322,1322,1322,1322,,5000,5000,1.0,3021694564,20260901,6,car,absent
s_pos,per_class,all,micro,background_mass,0.587156373707599,0.561213436121032,0.612360204172279,1322,1322,1322,1322,,5000,5000,1.0,3021694564,20260901,6,car,absent
s_pos,per_class,all,micro,max_score,2536.7456074936945,2479.652239068254,2593.8705032692815,1330,1330,1330,1330,,5000,5000,1.0,3021694564,20260901,7,cat,absent
s_pos,per_class,all,micro,top10_mean_score,810.6947193944046,781.7720685577181,839.9219768295,1330,1330,1330,1330,,5000,5000,1.0,3021694564,20260901,7,cat,absent
s_pos,per_class,all,micro,spatial_entropy,0.0011334444140043555,0.0006999978468931813,0.0016192994267203574,1330,1330,1330,1330,,5000,5000,1.0,3021694564,20260901,7,cat,absent
s_pos,per_class,all,micro,foreground_mass,0.3844118226644155,0.35887668883707224,0.4103986669492573,1330,1330,1330,1330,,5000,5000,1.0,3021694564,20260901,7,cat,absent
s_pos,per_class,all,micro,background_mass,0.5781848544415801,0.5522069053969176,0.604331466701457,1330,1330,1330,1330,,5000,5000,1.0,3021694564,20260901,7,cat,absent
s_pos,per_class,all,micro,max_score,2278.5130579230654,2210.1700683824074,2343.9906298331903,1326,1326,1326,1326,,5000,5000,1.0,3021694564,20260901,8,chair,absent
s_pos,per_class,all,micro,top10_mean_score,753.4026619331427,722.7003282364557,783.8751441370803,1326,1326,1326,1326,,5000,5000,1.0,3021694564,20260901,8,chair,absent
s_pos,per_class,all,micro,spatial_entropy,0.0029922844272955245,0.0020923716193299658,0.004051110153391907,1326,1326,1326,1326,,5000,5000,1.0,3021694564,20260901,8,chair,absent
s_pos,per_class,all,micro,foreground_mass,0.4026242933896311,0.37540175203580006,0.42849756117378063,1326,1326,1326,1326,,5000,5000,1.0,3021694564,20260901,8,chair,absent
s_pos,per_class,all,micro,background_mass,0.555832207827198,0.5293447127476502,0.5826337382587515,1326,1326,1326,1326,,5000,5000,1.0,3021694564,20260901,8,chair,absent
s_pos,per_class,all,micro,max_score,2321.7478524458597,2272.6012287370695,2370.063057443919,1378,1378,1378,1378,,5000,5000,1.0,3021694564,20260901,9,cow,absent
s_pos,per_class,all,micro,top10_mean_score,737.1742979740936,711.2802935485653,763.5270641749115,1378,1378,1378,1378,,5000,5000,1.0,3021694564,20260901,9,cow,absent
s_pos,per_class,all,micro,spatial_entropy,0.001195461840930413,0.0007003734323237817,0.00178092137060028,1378,1378,1378,1378,,5000,5000,1.0,3021694564,20260901,9,cow,absent
s_pos,per_class,all,micro,foreground_mass,0.3792601605283923,0.35315428749480515,0.4043094193916505,1378,1378,1378,1378,,5000,5000,1.0,3021694564,20260901,9,cow,absent
s_pos,per_class,all,micro,background_mass,0.586632331292734,0.5606186016842433,0.6130765379314717,1378,1378,1378,1378,,5000,5000,1.0,3021694564,20260901,9,cow,absent
s_pos,per_class,all,micro,max_score,2565.1243256981197,2505.242872020008,2625.9730817388063,1374,1374,1374,1374,,5000,5000,1.0,3021694564,20260901,10,diningtable,absent
s_pos,per_class,all,micro,top10_mean_score,838.0619772223714,808.4438083535906,868.1096710449135,1374,1374,1374,1374,,5000,5000,1.0,3021694564,20260901,10,diningtable,absent
s_pos,per_class,all,micro,spatial_entropy,0.0011428284888596457,0.0007410586875102728,0.0015993306019634174,1374,1374,1374,1374,,5000,5000,1.0,3021694564,20260901,10,diningtable,absent
s_pos,per_class,all,micro,foreground_mass,0.37200272051920275,0.34713082502700665,0.3969028884113029,1374,1374,1374,1374,,5000,5000,1.0,3021694564,20260901,10,diningtable,absent
s_pos,per_class,all,micro,background_mass,0.5883391536339775,0.5628416290052911,0.6143410382450367,1374,1374,1374,1374,,5000,5000,1.0,3021694564,20260901,10,diningtable,absent
s_pos,per_class,all,micro,max_score,2470.1217431697223,2411.2976277045277,2528.467873092134,1321,1321,1321,1321,,5000,5000,1.0,3021694564,20260901,11,dog,absent
s_pos,per_class,all,micro,top10_mean_score,826.4189892260929,796.943535492603,856.3435820898674,1321,1321,1321,1321,,5000,5000,1.0,3021694564,20260901,11,dog,absent
s_pos,per_class,all,micro,spatial_entropy,0.0010485729343489227,0.0006294216754826795,0.0015272794346305383,1321,1321,1321,1321,,5000,5000,1.0,3021694564,20260901,11,dog,absent
s_pos,per_class,all,micro,foreground_mass,0.36923452339075746,0.3434815855851558,0.3954087085768887,1321,1321,1321,1321,,5000,5000,1.0,3021694564,20260901,11,dog,absent
s_pos,per_class,all,micro,background_mass,0.5944291276684724,0.5679341938542852,0.6209100285158182,1321,1321,1321,1321,,5000,5000,1.0,3021694564,20260901,11,dog,absent
s_pos,per_class,all,micro,max_score,2416.056450385769,2364.9648908513477,2466.4951618172304,1370,1370,1370,1370,,5000,5000,1.0,3021694564,20260901,12,horse,absent
s_pos,per_class,all,micro,top10_mean_score,776.6179980631622,749.2918912388674,803.7308357990582,1370,1370,1370,1370,,5000,5000,1.0,3021694564,20260901,12,horse,absent
s_pos,per_class,all,micro,spatial_entropy,0.0013966966401190613,0.0008853317690933659,0.0019657354966984546,1370,1370,1370,1370,,5000,5000,1.0,3021694564,20260901,12,horse,absent
s_pos,per_class,all,micro,foreground_mass,0.38224775120420246,0.35677799454459963,0.4079028584935279,1370,1370,1370,1370,,5000,5000,1.0,3021694564,20260901,12,horse,absent
s_pos,per_class,all,micro,background_mass,0.5809895819405749,0.5547975367429767,0.6071884204077437,1370,1370,1370,1370,,5000,5000,1.0,3021694564,20260901,12,horse,absent
s_pos,per_class,all,micro,max_score,2509.911623617896,2453.41312982944,2568.240285255817,1373,1373,1373,1373,,5000,5000,1.0,3021694564,20260901,13,motorbike,absent
s_pos,per_class,all,micro,top10_mean_score,826.9240123475129,796.8013786573215,856.3274847661075,1373,1373,1373,1373,,5000,5000,1.0,3021694564,20260901,13,motorbike,absent
s_pos,per_class,all,micro,spatial_entropy,0.0009080529638414488,0.0005514229065574649,0.0013046342377104273,1373,1373,1373,1373,,5000,5000,1.0,3021694564,20260901,13,motorbike,absent
s_pos,per_class,all,micro,foreground_mass,0.36955009027717367,0.34387654460058714,0.39477265930437194,1373,1373,1373,1373,,5000,5000,1.0,3021694564,20260901,13,motorbike,absent
s_pos,per_class,all,micro,background_mass,0.5933623622184899,0.5667459667265083,0.619730182772923,1373,1373,1373,1373,,5000,5000,1.0,3021694564,20260901,13,motorbike,absent
s_pos,per_class,all,micro,max_score,1861.0974190719573,1786.9220500204667,1931.020276141024,1004,1004,1004,1004,,5000,5000,1.0,3021694564,20260901,14,person,absent
s_pos,per_class,all,micro,top10_mean_score,684.1230273883141,648.0200425096002,719.9654150562078,1004,1004,1004,1004,,5000,5000,1.0,3021694564,20260901,14,person,absent
s_pos,per_class,all,micro,spatial_entropy,0.006151539248588422,0.004530989403606373,0.008007130333994427,1004,1004,1004,1004,,5000,5000,1.0,3021694564,20260901,14,person,absent
s_pos,per_class,all,micro,foreground_mass,0.38170239369893594,0.3530224512512593,0.41216840655863407,1004,1004,1004,1004,,5000,5000,1.0,3021694564,20260901,14,person,absent
s_pos,per_class,all,micro,background_mass,0.5891917532923249,0.5584209444313695,0.6181711264854918,1004,1004,1004,1004,,5000,5000,1.0,3021694564,20260901,14,person,absent
s_pos,per_class,all,micro,max_score,2398.0684093191476,2337.1668762207732,2459.7245507487105,1364,1364,1364,1364,,5000,5000,1.0,3021694564,20260901,15,pottedplant,absent
s_pos,per_class,all,micro,top10_mean_score,789.1188074989903,759.0885798908207,819.6310271434976,1364,1364,1364,1364,,5000,5000,1.0,3021694564,20260901,15,pottedplant,absent
s_pos,per_class,all,micro,spatial_entropy,0.002207568894712515,0.0013498310007522402,0.003272593560603052,1364,1364,1364,1364,,5000,5000,1.0,3021694564,20260901,15,pottedplant,absent
s_pos,per_class,all,micro,foreground_mass,0.3916810942936106,0.36627093500281255,0.4178034098082703,1364,1364,1364,1364,,5000,5000,1.0,3021694564,20260901,15,pottedplant,absent
s_pos,per_class,all,micro,background_mass,0.5697227698232789,0.543077712811393,0.5959384865722355,1364,1364,1364,1364,,5000,5000,1.0,3021694564,20260901,15,pottedplant,absent
s_pos,per_class,all,micro,max_score,2337.6564054424052,2288.5488906516853,2386.2890114005954,1392,1392,1392,1392,,5000,5000,1.0,3021694564,20260901,16,sheep,absent
s_pos,per_class,all,micro,top10_mean_score,747.991074085743,722.5964583376073,773.9223234115166,1392,1392,1392,1392,,5000,5000,1.0,3021694564,20260901,16,sheep,absent
s_pos,per_class,all,micro,spatial_entropy,0.001358673172212488,0.0008718936302519894,0.001947991399680395,1392,1392,1392,1392,,5000,5000,1.0,3021694564,20260901,16,sheep,absent
s_pos,per_class,all,micro,foreground_mass,0.38098123541439477,0.35538450881959777,0.4065807635198655,1392,1392,1392,1392,,5000,5000,1.0,3021694564,20260901,16,sheep,absent
s_pos,per_class,all,micro,background_mass,0.5816620541258728,0.5558433575563555,0.6073357906752251,1392,1392,1392,1392,,5000,5000,1.0,3021694564,20260901,16,sheep,absent
s_pos,per_class,all,micro,max_score,2576.8688223883014,2513.1570652986293,2637.161834006769,1359,1359,1359,1359,,5000,5000,1.0,3021694564,20260901,17,sofa,absent
s_pos,per_class,all,micro,top10_mean_score,850.4902334123591,820.2369121086358,880.6578269567191,1359,1359,1359,1359,,5000,5000,1.0,3021694564,20260901,17,sofa,absent
s_pos,per_class,all,micro,spatial_entropy,0.0018416580397550605,0.0011192645828254114,0.0027339223681178424,1359,1359,1359,1359,,5000,5000,1.0,3021694564,20260901,17,sofa,absent
s_pos,per_class,all,micro,foreground_mass,0.39271837005243804,0.3669009038516318,0.4189803596051228,1359,1359,1359,1359,,5000,5000,1.0,3021694564,20260901,17,sofa,absent
s_pos,per_class,all,micro,background_mass,0.5653431997888323,0.5393303391805057,0.5914248438828411,1359,1359,1359,1359,,5000,5000,1.0,3021694564,20260901,17,sofa,absent
s_pos,per_class,all,micro,max_score,2529.490740892739,2478.2334737842684,2581.2156474860335,1365,1365,1365,1365,,5000,5000,1.0,3021694564,20260901,18,train,absent
s_pos,per_class,all,micro,top10_mean_score,830.3356908663349,803.0264960851092,859.1029423851274,1365,1365,1365,1365,,5000,5000,1.0,3021694564,20260901,18,train,absent
s_pos,per_class,all,micro,spatial_entropy,0.001268656310457717,0.0007510135686283363,0.0018853387797698382,1365,1365,1365,1365,,5000,5000,1.0,3021694564,20260901,18,train,absent
s_pos,per_class,all,micro,foreground_mass,0.3843991326068041,0.3588132914749229,0.4111411131903138,1365,1365,1365,1365,,5000,5000,1.0,3021694564,20260901,18,train,absent
s_pos,per_class,all,micro,background_mass,0.5760404435193738,0.5494308732952845,0.6030735674756337,1365,1365,1365,1365,,5000,5000,1.0,3021694564,20260901,18,train,absent
s_pos,per_class,all,micro,max_score,2604.2609296930486,2540.5069659936385,2664.5703318786623,1375,1375,1375,1375,,5000,5000,1.0,3021694564,20260901,19,tvmonitor,absent
s_pos,per_class,all,micro,top10_mean_score,856.411001921216,825.6508942370551,887.2108240005002,1375,1375,1375,1375,,5000,5000,1.0,3021694564,20260901,19,tvmonitor,absent
s_pos,per_class,all,micro,spatial_entropy,0.0016408731300752435,0.001052524264757007,0.0022919295344502573,1375,1375,1375,1375,,5000,5000,1.0,3021694564,20260901,19,tvmonitor,absent
s_pos,per_class,all,micro,foreground_mass,0.39123963893588537,0.36507663950704183,0.4173625831651459,1375,1375,1375,1375,,5000,5000,1.0,3021694564,20260901,19,tvmonitor,absent
s_pos,per_class,all,micro,background_mass,0.5682009780255126,0.5410841031722035,0.5950602753685167,1375,1375,1375,1375,,5000,5000,1.0,3021694564,20260901,19,tvmonitor,absent
s_pos,all_rows,all,micro,max_score,1423.9123992076309,1388.5533645783769,1459.1445253461404,1449,1449,2147,2147,,5000,5000,1.0,3021694564,20260901,,,positive
s_pos,all_rows,all,micro,top10_mean_score,866.4245674134121,839.6640249017671,892.8453466796977,1449,1449,2147,2147,,5000,5000,1.0,3021694564,20260901,,,positive
s_pos,all_rows,all,micro,spatial_entropy,0.004403782566876633,0.0035612223889529095,0.005263704802549904,1449,1449,2147,2147,,5000,5000,1.0,3021694564,20260901,,,positive
s_pos,all_rows,all,micro,foreground_mass,0.5533652374639152,0.527877742499717,0.5796763541513422,1449,1449,2147,2147,,5000,5000,1.0,3021694564,20260901,,,positive
s_pos,all_rows,all,micro,background_mass,0.3805737891312867,0.3553970067393798,0.40569458764069133,1449,1449,2147,2147,,5000,5000,1.0,3021694564,20260901,,,positive
s_pos,all_rows,all,macro_class,max_score,1282.005620668098,1253.520939291729,1309.4247787445913,1449,1449,2147,2147,20,5000,5000,1.0,3021694564,20260901,,,positive
s_pos,all_rows,all,macro_class,top10_mean_score,772.6156372661919,751.8553064745159,793.1990091625851,1449,1449,2147,2147,20,5000,5000,1.0,3021694564,20260901,,,positive
s_pos,all_rows,all,macro_class,spatial_entropy,0.004753281080850451,0.0037922092593963303,0.005753377089392182,1449,1449,2147,2147,20,5000,5000,1.0,3021694564,20260901,,,positive
s_pos,all_rows,all,macro_class,foreground_mass,0.5199663603806509,0.4952475040653742,0.5455022510889165,1449,1449,2147,2147,20,5000,5000,1.0,3021694564,20260901,,,positive
s_pos,all_rows,all,macro_class,background_mass,0.41449986969189484,0.38930501972595205,0.4392178558892358,1449,1449,2147,2147,20,5000,5000,1.0,3021694564,20260901,,,positive
s_pos,per_class,all,micro,max_score,1192.6211201985677,1096.1380934651693,1289.8199422878688,90,90,90,90,,5000,5000,1.0,3021694564,20260901,0,aeroplane,positive
s_pos,per_class,all,micro,top10_mean_score,639.5094431790943,573.1643891407458,708.1689208009083,90,90,90,90,,5000,5000,1.0,3021694564,20260901,0,aeroplane,positive
s_pos,per_class,all,micro,spatial_entropy,0.0019041333482199025,0.0001917497664422496,0.004215955392645099,90,90,90,90,,5000,5000,1.0,3021694564,20260901,0,aeroplane,positive
s_pos,per_class,all,micro,foreground_mass,0.3427663750121398,0.250528761414163,0.4444397065374659,90,90,90,90,,5000,5000,1.0,3021694564,20260901,0,aeroplane,positive
s_pos,per_class,all,micro,background_mass,0.5572336235441366,0.45555823133666606,0.6555588599867077,90,90,90,90,,5000,5000,1.0,3021694564,20260901,0,aeroplane,positive
s_pos,per_class,all,micro,max_score,1634.7030686004252,1513.9041631095017,1755.6332614367523,79,79,79,79,,5000,5000,1.0,3021694564,20260901,1,bicycle,positive
s_pos,per_class,all,micro,top10_mean_score,1020.3927694493694,921.5263541601098,1121.3171263968895,79,79,79,79,,5000,5000,1.0,3021694564,20260901,1,bicycle,positive
s_pos,per_class,all,micro,spatial_entropy,0.0017352759132013896,2.9355969160881576e-05,0.004364676206385124,79,79,79,79,,5000,5000,1.0,3021694564,20260901,1,bicycle,positive
s_pos,per_class,all,micro,foreground_mass,0.4092550205939852,0.30375601448586675,0.5189042473250901,79,79,79,79,,5000,5000,1.0,3021694564,20260901,1,bicycle,positive
s_pos,per_class,all,micro,background_mass,0.35431625557610347,0.25305574101862915,0.45573242617288207,79,79,79,79,,5000,5000,1.0,3021694564,20260901,1,bicycle,positive
s_pos,per_class,all,micro,max_score,2224.358717242491,2077.68683856853,2372.498192500142,103,103,103,103,,5000,5000,1.0,3021694564,20260901,2,bird,positive
s_pos,per_class,all,micro,top10_mean_score,1180.63167521398,1085.841869327226,1274.5993408783677,103,103,103,103,,5000,5000,1.0,3021694564,20260901,2,bird,positive
s_pos,per_class,all,micro,spatial_entropy,0.000629677640461717,8.365898095244862e-05,0.0014763084457587753,103,103,103,103,,5000,5000,1.0,3021694564,20260901,2,bird,positive
s_pos,per_class,all,micro,foreground_mass,0.427119628318411,0.33009708737874793,0.5242070069590882,103,103,103,103,,5000,5000,1.0,3021694564,20260901,2,bird,positive
s_pos,per_class,all,micro,background_mass,0.5243366838634754,0.42731414209676843,0.6213592256169169,103,103,103,103,,5000,5000,1.0,3021694564,20260901,2,bird,positive
s_pos,per_class,all,micro,max_score,1204.374299791124,1081.7313421885171,1329.4348463164436,72,72,72,72,,5000,5000,1.0,3021694564,20260901,3,boat,positive
s_pos,per_class,all,micro,top10_mean_score,709.8222267855061,613.3729562970577,806.9587821634386,72,72,72,72,,5000,5000,1.0,3021694564,20260901,3,boat,positive
s_pos,per_class,all,micro,spatial_entropy,0.0029772170811420222,0.00022193128926322676,0.006879158279767949,72,72,72,72,,5000,5000,1.0,3021694564,20260901,3,boat,positive
s_pos,per_class,all,micro,foreground_mass,0.5000000107312795,0.38888889848578856,0.6111111294770681,72,72,72,72,,5000,5000,1.0,3021694564,20260901,3,boat,positive
s_pos,per_class,all,micro,background_mass,0.44444443149314883,0.3333333217435413,0.5555555472918416,72,72,72,72,,5000,5000,1.0,3021694564,20260901,3,boat,positive
s_pos,per_class,all,micro,max_score,1349.8860444625218,1202.9362533837557,1498.6759049534799,96,96,96,96,,5000,5000,1.0,3021694564,20260901,4,bottle,positive
s_pos,per_class,all,micro,top10_mean_score,777.4431098520322,670.6097002803868,885.9034924913565,96,96,96,96,,5000,5000,1.0,3021694564,20260901,4,bottle,positive
s_pos,per_class,all,micro,spatial_entropy,0.0046508802694839296,0.0009694608215206062,0.009882205000860733,96,96,96,96,,5000,5000,1.0,3021694564,20260901,4,bottle,positive
s_pos,per_class,all,micro,foreground_mass,0.5520627267005126,0.4479159802113331,0.656173187595438,96,96,96,96,,5000,5000,1.0,3021694564,20260901,4,bottle,positive
s_pos,per_class,all,micro,background_mass,0.3958355259563404,0.302082522524382,0.4895881821834023,96,96,96,96,,5000,5000,1.0,3021694564,20260901,4,bottle,positive
s_pos,per_class,all,micro,max_score,896.7226763544855,823.5349038768459,974.7143015552211,74,74,74,74,,5000,5000,1.0,3021694564,20260901,5,bus,positive
s_pos,per_class,all,micro,top10_mean_score,519.855573276136,474.1231966028471,564.8676466808063,74,74,74,74,,5000,5000,1.0,3021694564,20260901,5,bus,positive
s_pos,per_class,all,micro,spatial_entropy,0.006580151538378966,0.0018119983871833533,0.012859022607693485,74,74,74,74,,5000,5000,1.0,3021694564,20260901,5,bus,positive
s_pos,per_class,all,micro,foreground_mass,0.47297297055656845,0.3513513505458832,0.5810810786646765,74,74,74,74,,5000,5000,1.0,3021694564,20260901,5,bus,positive
s_pos,per_class,all,micro,background_mass,0.4864864857030144,0.37837837598342855,0.6081081041223502,74,74,74,74,,5000,5000,1.0,3021694564,20260901,5,bus,positive
s_pos,per_class,all,micro,max_score,1303.3480245334895,1180.4812173197588,1424.5324321123558,127,127,127,127,,5000,5000,1.0,3021694564,20260901,6,car,positive
s_pos,per_class,all,micro,top10_mean_score,801.6894300157077,719.9998061255255,885.6929316504422,127,127,127,127,,5000,5000,1.0,3021694564,20260901,6,car,positive
s_pos,per_class,all,micro,spatial_entropy,0.009018537609055497,0.004098691802773182,0.014849738582395655,127,127,127,127,,5000,5000,1.0,3021694564,20260901,6,car,positive
s_pos,per_class,all,micro,foreground_mass,0.4626155070372546,0.3759692327809002,0.5496651577351159,127,127,127,127,,5000,5000,1.0,3021694564,20260901,6,car,positive
s_pos,per_class,all,micro,background_mass,0.48754430480153754,0.40074768725261767,0.5763810916869929,127,127,127,127,,5000,5000,1.0,3021694564,20260901,6,car,positive
s_pos,per_class,all,micro,max_score,2089.4028689280276,1967.8205648879043,2207.034174370966,119,119,119,119,,5000,5000,1.0,3021694564,20260901,7,cat,positive
s_pos,per_class,all,micro,top10_mean_score,1580.529830453406,1467.53940391499,1688.9644215283613,119,119,119,119,,5000,5000,1.0,3021694564,20260901,7,cat,positive
s_pos,per_class,all,micro,spatial_entropy,0.0021204737461296163,0.0003195760094400232,0.004629196357529828,119,119,119,119,,5000,5000,1.0,3021694564,20260901,7,cat,positive
s_pos,per_class,all,micro,foreground_mass,0.8518061820940834,0.7849068009859235,0.9130673060275496,119,119,119,119,,5000,5000,1.0,3021694564,20260901,7,cat,positive
s_pos,per_class,all,micro,background_mass,0.131323493094863,0.07249997321627139,0.19502480655069399,119,119,119,119,,5000,5000,1.0,3021694564,20260901,7,cat,positive
s_pos,per_class,all,micro,max_score,808.7435209854104,723.7734228072128,894.995016760588,123,123,123,123,,5000,5000,1.0,3021694564,20260901,8,chair,positive
s_pos,per_class,all,micro,top10_mean_score,413.84098548838966,369.0670297682844,458.40505088902546,123,123,123,123,,5000,5000,1.0,3021694564,20260901,8,chair,positive
s_pos,per_class,all,micro,spatial_entropy,0.004864010053461734,0.0022117569914941,0.007995117692054016,123,123,123,123,,5000,5000,1.0,3021694564,20260901,8,chair,positive
s_pos,per_class,all,micro,foreground_mass,0.5607403925300969,0.4713967365392444,0.6499128030037948,123,123,123,123,,5000,5000,1.0,3021694564,20260901,8,chair,positive
s_pos,per_class,all,micro,background_mass,0.3172651295313039,0.2359429061568255,0.39858107374502366,123,123,123,123,,5000,5000,1.0,3021694564,20260901,8,chair,positive
s_pos,per_class,all,micro,max_score,361.8518297705852,298.1539877441567,437.57926672814597,71,71,71,71,,5000,5000,1.0,3021694564,20260901,9,cow,positive
s_pos,per_class,all,micro,top10_mean_score,105.60567869363065,59.30148109782388,152.0812984856737,71,71,71,71,,5000,5000,1.0,3021694564,20260901,9,cow,positive
s_pos,per_class,all,micro,spatial_entropy,0.007251178617285958,0.0025684415963699516,0.012866312137269503,71,71,71,71,,5000,5000,1.0,3021694564,20260901,9,cow,positive
s_pos,per_class,all,micro,foreground_mass,0.3661971854522642,0.253521129114236,0.47887324179020807,71,71,71,71,,5000,5000,1.0,3021694564,20260901,9,cow,positive
s_pos,per_class,all,micro,background_mass,0.6057043605497209,0.49302830337219217,0.7183098541179204,71,71,71,71,,5000,5000,1.0,3021694564,20260901,9,cow,positive
s_pos,per_class,all,micro,max_score,956.6152361551921,801.4398033116659,1129.3595912310282,75,75,75,75,,5000,5000,1.0,3021694564,20260901,10,diningtable,positive
s_pos,per_class,all,micro,top10_mean_score,493.0780717177692,413.12707578317037,580.0389669140664,75,75,75,75,,5000,5000,1.0,3021694564,20260901,10,diningtable,positive
s_pos,per_class,all,micro,spatial_entropy,0.017763525094540135,0.007799423798331762,0.02970843288103216,75,75,75,75,,5000,5000,1.0,3021694564,20260901,10,diningtable,positive
s_pos,per_class,all,micro,foreground_mass,0.7003367696913021,0.5973204878193045,0.8016193274413546,75,75,75,75,,5000,5000,1.0,3021694564,20260901,10,diningtable,positive
s_pos,per_class,all,micro,background_mass,0.2567205869341638,0.16473698384892702,0.3549960521289017,75,75,75,75,,5000,5000,1.0,3021694564,20260901,10,diningtable,positive
s_pos,per_class,all,micro,max_score,1657.424388408661,1566.47356300354,1749.3828133702277,128,128,128,128,,5000,5000,1.0,3021694564,20260901,11,dog,positive
s_pos,per_class,all,micro,top10_mean_score,1122.331604599486,1047.1125559705945,1198.0717768042791,128,128,128,128,,5000,5000,1.0,3021694564,20260901,11,dog,positive
s_pos,per_class,all,micro,spatial_entropy,0.00345787088325435,0.0010650642476377201,0.006448532582762332,128,128,128,128,,5000,5000,1.0,3021694564,20260901,11,dog,positive
s_pos,per_class,all,micro,foreground_mass,0.7589592824929782,0.6820011737055678,0.8359325257742884,128,128,128,128,,5000,5000,1.0,3021694564,20260901,11,dog,positive
s_pos,per_class,all,micro,background_mass,0.21760321568855717,0.14729596339554393,0.28906221800936355,128,128,128,128,,5000,5000,1.0,3021694564,20260901,11,dog,positive
s_pos,per_class,all,micro,max_score,1029.4270224752306,928.9949252466613,1132.3405385476126,79,79,79,79,,5000,5000,1.0,3021694564,20260901,12,horse,positive
s_pos,per_class,all,micro,top10_mean_score,581.4649708951089,515.0264929669587,650.3848248570537,79,79,79,79,,5000,5000,1.0,3021694564,20260901,12,horse,positive
s_pos,per_class,all,micro,spatial_entropy,0.004344612226734728,0.0009579273729925269,0.008870196146596593,79,79,79,79,,5000,5000,1.0,3021694564,20260901,12,horse,positive
s_pos,per_class,all,micro,foreground_mass,0.4542713136826612,0.34635625775554757,0.5629710170665663,79,79,79,79,,5000,5000,1.0,3021694564,20260901,12,horse,positive
s_pos,per_class,all,micro,background_mass,0.5204122259139915,0.41091756051099826,0.6313317762009455,79,79,79,79,,5000,5000,1.0,3021694564,20260901,12,horse,positive
s_pos,per_class,all,micro,max_score,1503.3450309853804,1401.1543268354314,1601.4802580281307,76,76,76,76,,5000,5000,1.0,3021694564,20260901,13,motorbike,positive
s_pos,per_class,all,micro,top10_mean_score,993.0742833090245,916.6652338594836,1068.9679881636637,76,76,76,76,,5000,5000,1.0,3021694564,20260901,13,motorbike,positive
s_pos,per_class,all,micro,spatial_entropy,0.0007730757500506644,2.0429831591321776e-06,0.002285506538038074,76,76,76,76,,5000,5000,1.0,3021694564,20260901,13,motorbike,positive
s_pos,per_class,all,micro,foreground_mass,0.30427022126590897,0.21052382687315674,0.40791616018593313,76,76,76,76,,5000,5000,1.0,3021694564,20260901,13,motorbike,positive
s_pos,per_class,all,micro,background_mass,0.6562559957359269,0.5510135068483171,0.761519324620969,76,76,76,76,,5000,5000,1.0,3021694564,20260901,13,motorbike,positive
s_pos,per_class,all,micro,max_score,1912.5750681759266,1829.2732035628328,1996.0339680575253,445,445,445,445,,5000,5000,1.0,3021694564,20260901,14,person,positive
s_pos,per_class,all,micro,top10_mean_score,1164.0627072723291,1105.9781044154147,1221.3220893864855,445,445,445,445,,5000,5000,1.0,3021694564,20260901,14,person,positive
s_pos,per_class,all,micro,spatial_entropy,0.002785932992164609,0.0014471607744032833,0.004353031629321369,445,445,445,445,,5000,5000,1.0,3021694564,20260901,14,person,positive
s_pos,per_class,all,micro,foreground_mass,0.6532598256507468,0.6091875487924285,0.6968979937108419,445,445,445,445,,5000,5000,1.0,3021694564,20260901,14,person,positive
s_pos,per_class,all,micro,background_mass,0.2748402931083178,0.23334327763770124,0.31633223800543003,445,445,445,445,,5000,5000,1.0,3021694564,20260901,14,person,positive
s_pos,per_class,all,micro,max_score,1213.9524012621712,1053.0327206538705,1382.2052579341214,85,85,85,85,,5000,5000,1.0,3021694564,20260901,15,pottedplant,positive
s_pos,per_class,all,micro,top10_mean_score,737.8275267081492,619.658233912363,866.2421155348736,85,85,85,85,,5000,5000,1.0,3021694564,20260901,15,pottedplant,positive
s_pos,per_class,all,micro,spatial_entropy,0.005524338190993265,0.0017251299139448056,0.011236939744137317,85,85,85,85,,5000,5000,1.0,3021694564,20260901,15,pottedplant,positive
s_pos,per_class,all,micro,foreground_mass,0.4301542217706111,0.32427191144917944,0.5348786791834426,85,85,85,85,,5000,5000,1.0,3021694564,20260901,15,pottedplant,positive
s_pos,per_class,all,micro,background_mass,0.3723432178760711,0.27058821103529984,0.47448360884426044,85,85,85,85,,5000,5000,1.0,3021694564,20260901,15,pottedplant,positive
s_pos,per_class,all,micro,max_score,507.13276926676434,430.296057406643,592.5099277663649,57,57,57,57,,5000,5000,1.0,3021694564,20260901,16,sheep,positive
s_pos,per_class,all,micro,top10_mean_score,202.09932211820694,169.9702228480371,233.591062172065,57,57,57,57,,5000,5000,1.0,3021694564,20260901,16,sheep,positive
s_pos,per_class,all,micro,spatial_entropy,0.0011675792978067165,6.916956137679843e-05,0.0026829198823443137,57,57,57,57,,5000,5000,1.0,3021694564,20260901,16,sheep,positive
s_pos,per_class,all,micro,foreground_mass,0.4561334225585557,0.33332573260510623,0.5789505447905978,57,57,57,57,,5000,5000,1.0,3021694564,20260901,16,sheep,positive
s_pos,per_class,all,micro,background_mass,0.49123499493459255,0.35089483525411,0.6145042760883979,57,57,57,57,,5000,5000,1.0,3021694564,20260901,16,sheep,positive
s_pos,per_class,all,micro,max_score,1010.1455243428549,889.4892686314053,1134.5888683213125,90,90,90,90,,5000,5000,1.0,3021694564,20260901,17,sofa,positive
s_pos,per_class,all,micro,top10_mean_score,621.8084061616862,549.3970619636881,695.736886312536,90,90,90,90,,5000,5000,1.0,3021694564,20260901,17,sofa,positive
s_pos,per_class,all,micro,spatial_entropy,0.00811083423741051,0.003318496085981842,0.013972507595581305,90,90,90,90,,5000,5000,1.0,3021694564,20260901,17,sofa,positive
s_pos,per_class,all,micro,foreground_mass,0.5976549535285759,0.49731916225901635,0.6988216331095294,90,90,90,90,,5000,5000,1.0,3021694564,20260901,17,sofa,positive
s_pos,per_class,all,micro,background_mass,0.3711027854536112,0.2725386986423685,0.47122799078365196,90,90,90,90,,5000,5000,1.0,3021694564,20260901,17,sofa,positive
s_pos,per_class,all,micro,max_score,1000.62952205113,945.6437009266444,1055.904195749192,84,84,84,84,,5000,5000,1.0,3021694564,20260901,18,train,positive
s_pos,per_class,all,micro,top10_mean_score,542.2020830472445,504.11204951631225,580.8058248614298,84,84,84,84,,5000,5000,1.0,3021694564,20260901,18,train,positive
s_pos,per_class,all,micro,spatial_entropy,0.004427918097074286,0.0012409704652062623,0.008567677469552419,84,84,84,84,,5000,5000,1.0,3021694564,20260901,18,train,positive
s_pos,per_class,all,micro,foreground_mass,0.47716395723671473,0.3700752292372124,0.585303601641094,84,84,84,84,,5000,5000,1.0,3021694564,20260901,18,train,positive
s_pos,per_class,all,micro,background_mass,0.48712175687020426,0.3799241372945603,0.5943181634192517,84,84,84,84,,5000,5000,1.0,3021694564,20260901,18,train,positive
s_pos,per_class,all,micro,max_score,1782.8532793715194,1602.778300945179,1959.4222747313008,74,74,74,74,,5000,5000,1.0,3021694564,20260901,19,tvmonitor,positive
s_pos,per_class,all,micro,top10_mean_score,1245.0430470875863,1081.3439636276191,1409.7934085991733,74,74,74,74,,5000,5000,1.0,3021694564,20260901,19,tvmonitor,positive
s_pos,per_class,all,micro,spatial_entropy,0.004978399030159063,0.00013860528502402929,0.012739448710495623,74,74,74,74,,5000,5000,1.0,3021694564,20260901,19,tvmonitor,positive
s_pos,per_class,all,micro,foreground_mass,0.6215872407083661,0.5134451197432665,0.7296955388148495,74,74,74,74,,5000,5000,1.0,3021694564,20260901,19,tvmonitor,positive
s_pos,per_class,all,micro,background_mass,0.33787202720881726,0.22977358147676855,0.4459801296986691,74,74,74,74,,5000,5000,1.0,3021694564,20260901,19,tvmonitor,positive
