relation,scope,stratum,aggregation,metric,estimate,ci_low,ci_high,num_images,num_images_total,num_rows,num_rows_total,num_classes,bootstrap_repeats,bootstrap_valid_repeats,bootstrap_valid_fraction,bootstrap_seed,bootstrap_base_seed,class_id,class_name,transform,transform_kind
,all_rows,all,micro,s_last_max_abs_error,4.044392042713952e-11,4.012948293457183e-11,4.075381099319244e-11,1449,1449,2147,2147,,5000,5000,1.0,3021694564,20260901,,,haar_00,haar
,all_rows,all,micro,readout_max_abs_error,3.989149744372756e-15,3.949240107865554e-15,4.029238524764976e-15,1449,1449,2147,2147,,5000,5000,1.0,3021694564,20260901,,,haar_00,haar
,all_rows,all,micro,s_pos_map_spearman,0.9416367133498524,0.9330714022062757,0.9497603585870379,1449,1449,2147,2147,,5000,5000,1.0,3021694564,20260901,,,haar_00,haar
,all_rows,all,micro,s_pos_top10_jaccard,0.8139001150501032,0.8065723489358928,0.8212709543601945,1449,1449,2147,2147,,5000,5000,1.0,3021694564,20260901,,,haar_00,haar
,all_rows,all,micro,s_pos_normalized_l1,0.560189635706936,0.5401536524704101,0.5818533540313593,1449,1449,2147,2147,,5000,5000,1.0,3021694564,20260901,,,haar_00,haar
,all_rows,all,micro,s_pos_auc_target_bg,0.5630164119800747,0.552438955308707,0.5735937372347598,1424,1449,2004,2147,,5000,5000,1.0,3021694564,20260901,,,haar_00,haar
,all_rows,all,micro,s_pos_auc_target_other,0.5530280899179797,0.5427001990117734,0.5639197204482862,462,1449,1052,2147,,5000,5000,1.0,3021694564,20260901,,,haar_00,haar
,all_rows,all,macro_class,s_last_max_abs_error,4.04998392584816e-11,4.018841312921103e-11,4.081193136735674e-11,1449,1449,2147,2147,20,5000,5000,1.0,3021694564,20260901,,,haar_00,haar
,all_rows,all,macro_class,readout_max_abs_error,3.993279786561535e-15,3.953668405209325e-15,4.032989807558354e-15,1449,1449,2147,2147,20,5000,5000,1.0,3021694564,20260901,,,haar_00,haar
,all_rows,all,macro_class,s_pos_map_spearman,0.9409683937083111,0.9318487439129384,0.9495453122239258,1449,1449,2147,2147,20,5000,5000,1.0,3021694564,20260901,,,haar_00,haar
,all_rows,all,macro_class,s_pos_top10_jaccard,0.8040272376029977,0.7961404628344108,0.8117456042944985,1449,1449,2147,2147,20,5000,5000,1.0,3021694564,20260901,,,haar_00,haar
,all_rows,all,macro_class,s_pos_normalized_l1,0.5529079462558519,0.5352813413776577,0.5716920134129363,1449,1449,2147,2147,20,5000,5000,1.0,3021694564,20260901,,,haar_00,haar
,all_rows,all,macro_class,s_pos_auc_target_bg,0.5546772046362917,0.5450599997876218,0.563891177249935,1424,1449,2004,2147,20,5000,5000,1.0,3021694564,20260901,,,haar_00,haar
,all_rows,all,macro_class,s_pos_auc_target_other,0.5683003218968589,0.5407200687930072,0.5962373030954474,462,1449,1052,2147,20,5000,5000,1.0,3021694564,20260901,,,haar_00,haar
,all_rows,single_label,micro,s_last_max_abs_error,4.040825111889948e-11,4.0068784919532245e-11,4.074967955063301e-11,927,927,927,927,,5000,5000,1.0,3021694564,20260901,,,haar_00,haar
,all_rows,single_label,micro,readout_max_abs_error,4.020276859829262e-15,3.9752451600170656e-15,4.068182923459258e-15,927,927,927,927,,5000,5000,1.0,3021694564,20260901,,,haar_00,haar
,all_rows,single_label,micro,s_pos_map_spearman,0.9798935098841944,0.9739486413517408,0.984864554449883,927,927,927,927,,5000,5000,1.0,3021694564,20260901,,,haar_00,haar
,all_rows,single_label,micro,s_pos_top10_jaccard,0.8344424158442073,0.8263210274218313,0.8422571761210014,927,927,927,927,,5000,5000,1.0,3021694564,20260901,,,haar_00,haar
,all_rows,single_label,micro,s_pos_normalized_l1,0.43070926953789773,0.42132685110972096,0.44128219250037,927,927,927,927,,5000,5000,1.0,3021694564,20260901,,,haar_00,haar
,all_rows,single_label,micro,s_pos_auc_target_bg,0.5716580311281111,0.55605677383329,0.5869919311784865,912,927,912,927,,5000,5000,1.0,3021694564,20260901,,,haar_00,haar
,all_rows,single_label,macro_class,s_last_max_abs_error,4.010183284638166e-11,3.974681260102279e-11,4.048614371985437e-11,927,927,927,927,20,5000,5000,1.0,3021694564,20260901,,,haar_00,haar
,all_rows,single_label,macro_class,readout_max_abs_error,4.041830115707143e-15,3.981554686816448e-15,4.106389353041281e-15,927,927,927,927,20,5000,5000,1.0,3021694564,20260901,,,haar_00,haar
,all_rows,single_label,macro_class,s_pos_map_spearman,0.973966522418326,0.9601951189362306,0.9831796441858427,927,927,927,927,20,5000,5000,1.0,3021694564,20260901,,,haar_00,haar
,all_rows,single_label,macro_class,s_pos_top10_jaccard,0.8325670857991577,0.822495097698626,0.8416212502999298,927,927,927,927,20,5000,5000,1.0,3021694564,20260901,,,haar_00,haar
,all_rows,single_label,macro_class,s_pos_normalized_l1,0.4344346249781218,0.422161021025561,0.4489123334097903,927,927,927,927,20,5000,5000,1.0,3021694564,20260901,,,haar_00,haar
,all_rows,single_label,macro_class,s_pos_auc_target_bg,0.5720945641008297,0.5558733455571399,0.5876704371661184,912,927,912,927,20,5000,5000,1.0,3021694564,20260901,,,haar_00,haar
,all_rows,exactly_2_labels,micro,s_last_max_abs_error,4.038641539712747e-11,3.9857695810496805e-11,4.09296868989865e-11,375,375,750,750,,5000,5000,1.0,3021694564,20260901,,,haar_00,haar
,all_rows,exactly_2_labels,micro,readout_max_abs_error,3.983776271828295e-15,3.912721998252285e-15,4.054830545404305e-15,375,375,750,750,,5000,5000,1.0,3021694564,20260901,,,haar_00,haar
,all_rows,exactly_2_labels,micro,s_pos_map_spearman,0.9263113984216726,0.9083795290079324,0.9420342990009373,375,375,750,750,,5000,5000,1.0,3021694564,20260901,,,haar_00,haar
,all_rows,exactly_2_labels,micro,s_pos_top10_jaccard,0.8135512173227708,0.7998859416464497,0.8267947134810211,375,375,750,750,,5000,5000,1.0,3021694564,20260901,,,haar_00,haar
,all_rows,exactly_2_labels,micro,s_pos_normalized_l1,0.6264618448594599,0.5818757755194703,0.6721642224885532,375,375,750,750,,5000,5000,1.0,3021694564,20260901,,,haar_00,haar
,all_rows,exactly_2_labels,micro,s_pos_auc_target_bg,0.5604644243676291,0.5426386717295657,0.577854180587839,367,375,683,750,,5000,5000,1.0,3021694564,20260901,,,haar_00,haar
,all_rows,exactly_2_labels,micro,s_pos_auc_target_other,0.5491080867300565,0.5372485778316026,0.5620347395370727,322,375,644,750,,5000,5000,1.0,3021694564,20260901,,,haar_00,haar
,all_rows,exactly_2_labels,macro_class,s_last_max_abs_error,4.0309250047407066e-11,3.9695238635894534e-11,4.091597816771928e-11,375,375,750,750,20,5000,5000,1.0,3021694564,20260901,,,haar_00,haar
,all_rows,exactly_2_labels,macro_class,readout_max_abs_error,3.97496265018236e-15,3.893197999670615e-15,4.0592770932948895e-15,375,375,750,750,20,5000,5000,1.0,3021694564,20260901,,,haar_00,haar
,all_rows,exactly_2_labels,macro_class,s_pos_map_spearman,0.9273207733708733,0.9049604393352563,0.9460663905703882,375,375,750,750,20,5000,5000,1.0,3021694564,20260901,,,haar_00,haar
,all_rows,exactly_2_labels,macro_class,s_pos_top10_jaccard,0.8070019178430556,0.7893610526625445,0.8233356212600818,375,375,750,750,20,5000,5000,1.0,3021694564,20260901,,,haar_00,haar
,all_rows,exactly_2_labels,macro_class,s_pos_normalized_l1,0.607255110773947,0.5618271523207928,0.6554476660521324,375,375,750,750,20,5000,5000,1.0,3021694564,20260901,,,haar_00,haar
,all_rows,exactly_2_labels,macro_class,s_pos_auc_target_bg,0.5404268100971918,0.518652118621819,0.5640836372769096,367,375,683,750,20,5000,5000,1.0,3021694564,20260901,,,haar_00,haar
,all_rows,exactly_2_labels,macro_class,s_pos_auc_target_other,0.5683939942320694,0.5359510706715055,0.6009078995922144,322,375,644,750,20,5000,5000,1.0,3021694564,20260901,,,haar_00,haar
,all_rows,3plus_labels,micro,s_last_max_abs_error,4.060603579149601e-11,3.973013349828861e-11,4.1489819921815783e-11,147,147,470,470,,5000,5000,1.0,3021694564,20260901,,,haar_00,haar
,all_rows,3plus_labels,micro,readout_max_abs_error,3.9363311664582145e-15,3.832484513160265e-15,4.048263870049498e-15,147,147,470,470,,5000,5000,1.0,3021694564,20260901,,,haar_00,haar
,all_rows,3plus_labels,micro,s_pos_map_spearman,0.8906365767728296,0.8665883766918483,0.9132328142276793,147,147,470,470,,5000,5000,1.0,3021694564,20260901,,,haar_00,haar
,all_rows,3plus_labels,micro,s_pos_top10_jaccard,0.7739404564530092,0.7540744823557893,0.7927558538297237,147,147,470,470,,5000,5000,1.0,3021694564,20260901,,,haar_00,haar
,all_rows,3plus_labels,micro,s_pos_normalized_l1,0.7098154709714151,0.6606397283459152,0.7599924917468948,147,147,470,470,,5000,5000,1.0,3021694564,20260901,,,haar_00,haar
,all_rows,3plus_labels,micro,s_pos_auc_target_bg,0.5480087124111082,0.5254316669188309,0.5716616468549912,145,147,409,470,,5000,5000,1.0,3021694564,20260901,,,haar_00,haar
,all_rows,3plus_labels,micro,s_pos_auc_target_other,0.5592155459302907,0.5410489971813527,0.577353758991896,140,147,408,470,,5000,5000,1.0,3021694564,20260901,,,haar_00,haar
,all_rows,3plus_labels,macro_class,s_last_max_abs_error,4.0520288768821965e-11,3.9528624942570284e-11,4.147136787277733e-11,147,147,470,470,20,5000,5000,1.0,3021694564,20260901,,,haar_00,haar
,all_rows,3plus_labels,macro_class,readout_max_abs_error,4.027020954736305e-15,3.865546372462241e-15,4.200282126198103e-15,147,147,470,470,20,5000,5000,1.0,3021694564,20260901,,,haar_00,haar
,all_rows,3plus_labels,macro_class,s_pos_map_spearman,0.9083114508475225,0.8867715480451623,0.92644600463592,147,147,470,470,20,5000,5000,1.0,3021694564,20260901,,,haar_00,haar
,all_rows,3plus_labels,macro_class,s_pos_top10_jaccard,0.7708159119181592,0.7495813522057864,0.7973981411886261,147,147,470,470,20,5000,5000,1.0,3021694564,20260901,,,haar_00,haar
,all_rows,3plus_labels,macro_class,s_pos_normalized_l1,0.7531945870768645,0.6741353386779843,0.8572310751633146,147,147,470,470,20,5000,5000,1.0,3021694564,20260901,,,haar_00,haar
,all_rows,3plus_labels,macro_class,s_pos_auc_target_bg,0.550881575690293,0.5155647975025316,0.5878387135666848,145,147,409,470,19,5000,5000,1.0,3021694564,20260901,,,haar_00,haar
,all_rows,3plus_labels,macro_class,s_pos_auc_target_other,0.5980931541624247,0.5462209415589766,0.6329949897101831,140,147,408,470,19,5000,5000,1.0,3021694564,20260901,,,haar_00,haar
,all_rows,all,micro,s_last_max_abs_error,4.190453418201286e-11,4.162864237607948e-11,4.217702326165029e-11,1449,1449,2147,2147,,5000,5000,1.0,3021694564,20260901,,,haar_01,haar
,all_rows,all,micro,readout_max_abs_error,6.225936290864874e-15,6.177225747533054e-15,6.274618921812172e-15,1449,1449,2147,2147,,5000,5000,1.0,3021694564,20260901,,,haar_01,haar
,all_rows,all,micro,s_pos_map_spearman,0.9394258113316323,0.9303591133140451,0.9480931301102806,1449,1449,2147,2147,,5000,5000,1.0,3021694564,20260901,,,haar_01,haar
,all_rows,all,micro,s_pos_top10_jaccard,0.8188627639818931,0.8115432573915217,0.8262415544790696,1449,1449,2147,2147,,5000,5000,1.0,3021694564,20260901,,,haar_01,haar
,all_rows,all,micro,s_pos_normalized_l1,0.5536716247176975,0.5324895577963065,0.5760101356908905,1449,1449,2147,2147,,5000,5000,1.0,3021694564,20260901,,,haar_01,haar
,all_rows,all,micro,s_pos_auc_target_bg,0.559773693423914,0.549227569515143,0.5704055278129145,1424,1449,2004,2147,,5000,5000,1.0,3021694564,20260901,,,haar_01,haar
,all_rows,all,micro,s_pos_auc_target_other,0.5515374837492173,0.5412054394560851,0.562400562639307,462,1449,1052,2147,,5000,5000,1.0,3021694564,20260901,,,haar_01,haar
,all_rows,all,macro_class,s_last_max_abs_error,4.191987196180766e-11,4.164272530827182e-11,4.219512739426116e-11,1449,1449,2147,2147,20,5000,5000,1.0,3021694564,20260901,,,haar_01,haar
,all_rows,all,macro_class,readout_max_abs_error,6.223318206709176e-15,6.175413670553545e-15,6.271683913372155e-15,1449,1449,2147,2147,20,5000,5000,1.0,3021694564,20260901,,,haar_01,haar
,all_rows,all,macro_class,s_pos_map_spearman,0.93992177363049,0.9305355288357768,0.9487766152625289,1449,1449,2147,2147,20,5000,5000,1.0,3021694564,20260901,,,haar_01,haar
,all_rows,all,macro_class,s_pos_top10_jaccard,0.811000711563661,0.8032290765053648,0.8186478659049954,1449,1449,2147,2147,20,5000,5000,1.0,3021694564,20260901,,,haar_01,haar
,all_rows,all,macro_class,s_pos_normalized_l1,0.5445741247378535,0.5264050909684481,0.5633256583006307,1449,1449,2147,2147,20,5000,5000,1.0,3021694564,20260901,,,haar_01,haar
,all_rows,all,macro_class,s_pos_auc_target_bg,0.5502616356925214,0.540759079686514,0.5595902694504421,1424,1449,2004,2147,20,5000,5000,1.0,3021694564,20260901,,,haar_01,haar
,all_rows,all,macro_class,s_pos_auc_target_other,0.5639408261987112,0.5368185817089484,0.591885444741295,462,1449,1052,2147,20,5000,5000,1.0,3021694564,20260901,,,haar_01,haar
,all_rows,single_label,micro,s_last_max_abs_error,4.19132833438398e-11,4.16189484888971e-11,4.221747841642307e-11,927,927,927,927,,5000,5000,1.0,3021694564,20260901,,,haar_01,haar
,all_rows,single_label,micro,readout_max_abs_error,6.3379722182484664e-15,6.282401184437671e-15,6.392585130786662e-15,927,927,927,927,,5000,5000,1.0,3021694564,20260901,,,haar_01,haar
,all_rows,single_label,micro,s_pos_map_spearman,0.9809906815235202,0.9750672277198369,0.9859356679265555,927,927,927,927,,5000,5000,1.0,3021694564,20260901,,,haar_01,haar
,all_rows,single_label,micro,s_pos_top10_jaccard,0.841257015101936,0.8329821265970202,0.8490357794648599,927,927,927,927,,5000,5000,1.0,3021694564,20260901,,,haar_01,haar
,all_rows,single_label,micro,s_pos_normalized_l1,0.4250374078630687,0.4152581496287659,0.4363384391160973,927,927,927,927,,5000,5000,1.0,3021694564,20260901,,,haar_01,haar
,all_rows,single_label,micro,s_pos_auc_target_bg,0.5700911450595914,0.5543031970736634,0.585737718852874,912,927,912,927,,5000,5000,1.0,3021694564,20260901,,,haar_01,haar
,all_rows,single_label,macro_class,s_last_max_abs_error,4.168485775619974e-11,4.132709925502271e-11,4.203435240837338e-11,927,927,927,927,20,5000,5000,1.0,3021694564,20260901,,,haar_01,haar
,all_rows,single_label,macro_class,readout_max_abs_error,6.344932891834111e-15,6.273359036187127e-15,6.414014256779677e-15,927,927,927,927,20,5000,5000,1.0,3021694564,20260901,,,haar_01,haar
,all_rows,single_label,macro_class,s_pos_map_spearman,0.9752026506732872,0.9617248316179842,0.9842708666118911,927,927,927,927,20,5000,5000,1.0,3021694564,20260901,,,haar_01,haar
,all_rows,single_label,macro_class,s_pos_top10_jaccard,0.8376429670852152,0.8275876378823209,0.8467442985177667,927,927,927,927,20,5000,5000,1.0,3021694564,20260901,,,haar_01,haar
,all_rows,single_label,macro_class,s_pos_normalized_l1,0.4286670047358741,0.41468535478585117,0.4447846303616298,927,927,927,927,20,5000,5000,1.0,3021694564,20260901,,,haar_01,haar
,all_rows,single_label,macro_class,s_pos_auc_target_bg,0.5689224908686629,0.5526555850940384,0.5845253341228908,912,927,912,927,20,5000,5000,1.0,3021694564,20260901,,,haar_01,haar
,all_rows,exactly_2_labels,micro,s_last_max_abs_error,4.165728266040484e-11,4.1167368181049826e-11,4.2157019682539e-11,375,375,750,750,,5000,5000,1.0,3021694564,20260901,,,haar_01,haar
,all_rows,exactly_2_labels,micro,readout_max_abs_error,6.1746163737552706e-15,6.086982769678192e-15,6.2622499778323494e-15,375,375,750,750,,5000,5000,1.0,3021694564,20260901,,,haar_01,haar
,all_rows,exactly_2_labels,micro,s_pos_map_spearman,0.9227057116410461,0.9041760425094604,0.9396603681786715,375,375,750,750,,5000,5000,1.0,3021694564,20260901,,,haar_01,haar
,all_rows,exactly_2_labels,micro,s_pos_top10_jaccard,0.8180854923046761,0.8040218414778922,0.8317632981623345,375,375,750,750,,5000,5000,1.0,3021694564,20260901,,,haar_01,haar
,all_rows,exactly_2_labels,micro,s_pos_normalized_l1,0.6244722152275602,0.5771419339154252,0.6738499615304517,375,375,750,750,,5000,5000,1.0,3021694564,20260901,,,haar_01,haar
,all_rows,exactly_2_labels,micro,s_pos_auc_target_bg,0.5552118320024085,0.5372502621619986,0.5728744779634316,367,375,683,750,,5000,5000,1.0,3021694564,20260901,,,haar_01,haar
,all_rows,exactly_2_labels,micro,s_pos_auc_target_other,0.5487023505430406,0.5367750206724683,0.5618084832945626,322,375,644,750,,5000,5000,1.0,3021694564,20260901,,,haar_01,haar
,all_rows,exactly_2_labels,macro_class,s_last_max_abs_error,4.1638075916950884e-11,4.1077891984587286e-11,4.2193900455840056e-11,375,375,750,750,20,5000,5000,1.0,3021694564,20260901,,,haar_01,haar
,all_rows,exactly_2_labels,macro_class,readout_max_abs_error,6.197384082209019e-15,6.1004442590111276e-15,6.289355276970656e-15,375,375,750,750,20,5000,5000,1.0,3021694564,20260901,,,haar_01,haar
,all_rows,exactly_2_labels,macro_class,s_pos_map_spearman,0.9263821822753876,0.9034742574413684,0.9452808489680458,375,375,750,750,20,5000,5000,1.0,3021694564,20260901,,,haar_01,haar
,all_rows,exactly_2_labels,macro_class,s_pos_top10_jaccard,0.8132414606232097,0.795767044678937,0.8298980641542826,375,375,750,750,20,5000,5000,1.0,3021694564,20260901,,,haar_01,haar
,all_rows,exactly_2_labels,macro_class,s_pos_normalized_l1,0.5990274908858286,0.553430592564043,0.6471405810118791,375,375,750,750,20,5000,5000,1.0,3021694564,20260901,,,haar_01,haar
,all_rows,exactly_2_labels,macro_class,s_pos_auc_target_bg,0.5349819155993822,0.5135215316532225,0.5587698104798738,367,375,683,750,20,5000,5000,1.0,3021694564,20260901,,,haar_01,haar
,all_rows,exactly_2_labels,macro_class,s_pos_auc_target_other,0.563967328273407,0.5314862736787006,0.596543678953308,322,375,644,750,20,5000,5000,1.0,3021694564,20260901,,,haar_01,haar
,all_rows,3plus_labels,micro,s_last_max_abs_error,4.228182815689039e-11,4.151411923286759e-11,4.303522586527607e-11,147,147,470,470,,5000,5000,1.0,3021694564,20260901,,,haar_01,haar
,all_rows,3plus_labels,micro,readout_max_abs_error,6.086856786923624e-15,5.941932485085126e-15,6.2248240203716664e-15,147,147,470,470,,5000,5000,1.0,3021694564,20260901,,,haar_01,haar
,all_rows,3plus_labels,micro,s_pos_map_spearman,0.8841267477147374,0.8578277297792246,0.909044877130227,147,147,470,470,,5000,5000,1.0,3021694564,20260901,,,haar_01,haar
,all_rows,3plus_labels,micro,s_pos_top10_jaccard,0.7759340043428193,0.7563030357043056,0.794919840396341,147,147,470,470,,5000,5000,1.0,3021694564,20260901,,,haar_01,haar
,all_rows,3plus_labels,micro,s_pos_normalized_l1,0.6944024250194982,0.6439166852242519,0.7474002018565292,147,147,470,470,,5000,5000,1.0,3021694564,20260901,,,haar_01,haar
,all_rows,3plus_labels,micro,s_pos_auc_target_bg,0.5443855160624321,0.5218703783468979,0.5671395502857232,145,147,409,470,,5000,5000,1.0,3021694564,20260901,,,haar_01,haar
,all_rows,3plus_labels,micro,s_pos_auc_target_other,0.5560125469472019,0.5380305180554826,0.5742667633589404,140,147,408,470,,5000,5000,1.0,3021694564,20260901,,,haar_01,haar
,all_rows,3plus_labels,macro_class,s_last_max_abs_error,4.1305128137218e-11,4.048453528486978e-11,4.2184802792514316e-11,147,147,470,470,20,5000,5000,1.0,3021694564,20260901,,,haar_01,haar
,all_rows,3plus_labels,macro_class,readout_max_abs_error,6.074370744161544e-15,5.876996525514407e-15,6.250254926074113e-15,147,147,470,470,20,5000,5000,1.0,3021694564,20260901,,,haar_01,haar
,all_rows,3plus_labels,macro_class,s_pos_map_spearman,0.9068810342377984,0.8837445421851571,0.924886487935658,147,147,470,470,20,5000,5000,1.0,3021694564,20260901,,,haar_01,haar
,all_rows,3plus_labels,macro_class,s_pos_top10_jaccard,0.7724481797387633,0.7509864930345453,0.7988394570036682,147,147,470,470,20,5000,5000,1.0,3021694564,20260901,,,haar_01,haar
,all_rows,3plus_labels,macro_class,s_pos_normalized_l1,0.7224850360393007,0.6488840225986381,0.8213611596075849,147,147,470,470,20,5000,5000,1.0,3021694564,20260901,,,haar_01,haar
,all_rows,3plus_labels,macro_class,s_pos_auc_target_bg,0.5447750255098979,0.5100714468803647,0.5824785557884372,145,147,409,470,19,5000,5000,1.0,3021694564,20260901,,,haar_01,haar
,all_rows,3plus_labels,macro_class,s_pos_auc_target_other,0.5948628359326462,0.5429753502469563,0.628473290127693,140,147,408,470,19,5000,5000,1.0,3021694564,20260901,,,haar_01,haar
,all_rows,all,micro,s_last_max_abs_error,4.111153274665239e-11,4.074551284996323e-11,4.1472809153813265e-11,1449,1449,2147,2147,,5000,5000,1.0,3021694564,20260901,,,haar_02,haar
,all_rows,all,micro,readout_max_abs_error,5.642642591853613e-15,5.602681746436144e-15,5.682585784568508e-15,1449,1449,2147,2147,,5000,5000,1.0,3021694564,20260901,,,haar_02,haar
,all_rows,all,micro,s_pos_map_spearman,0.9386991614603697,0.9297362228438952,0.9472042343266953,1449,1449,2147,2147,,5000,5000,1.0,3021694564,20260901,,,haar_02,haar
,all_rows,all,micro,s_pos_top10_jaccard,0.8080618559041352,0.8009596393770444,0.8151632468701391,1449,1449,2147,2147,,5000,5000,1.0,3021694564,20260901,,,haar_02,haar
,all_rows,all,micro,s_pos_normalized_l1,0.5726646899713788,0.5512524974480012,0.5957512565095853,1449,1449,2147,2147,,5000,5000,1.0,3021694564,20260901,,,haar_02,haar
,all_rows,all,micro,s_pos_auc_target_bg,0.5589846121935741,0.5481425676737365,0.5696373752194794,1424,1449,2004,2147,,5000,5000,1.0,3021694564,20260901,,,haar_02,haar
,all_rows,all,micro,s_pos_auc_target_other,0.5500201338151142,0.5396185684001888,0.560920366111643,462,1449,1052,2147,,5000,5000,1.0,3021694564,20260901,,,haar_02,haar
,all_rows,all,macro_class,s_last_max_abs_error,4.115036791456297e-11,4.078844156624238e-11,4.1508793001068835e-11,1449,1449,2147,2147,20,5000,5000,1.0,3021694564,20260901,,,haar_02,haar
,all_rows,all,macro_class,readout_max_abs_error,5.642815429160064e-15,5.603388270007076e-15,5.682051967149172e-15,1449,1449,2147,2147,20,5000,5000,1.0,3021694564,20260901,,,haar_02,haar
,all_rows,all,macro_class,s_pos_map_spearman,0.9396173663379669,0.9303465766409368,0.9484102634791015,1449,1449,2147,2147,20,5000,5000,1.0,3021694564,20260901,,,haar_02,haar
,all_rows,all,macro_class,s_pos_top10_jaccard,0.8028463633053835,0.795122209945915,0.8102659399156198,1449,1449,2147,2147,20,5000,5000,1.0,3021694564,20260901,,,haar_02,haar
,all_rows,all,macro_class,s_pos_normalized_l1,0.5602475389003269,0.5412619846844826,0.5801258484759366,1449,1449,2147,2147,20,5000,5000,1.0,3021694564,20260901,,,haar_02,haar
,all_rows,all,macro_class,s_pos_auc_target_bg,0.5532499813187756,0.5437556654631595,0.562546417143478,1424,1449,2004,2147,20,5000,5000,1.0,3021694564,20260901,,,haar_02,haar
,all_rows,all,macro_class,s_pos_auc_target_other,0.5720766244950559,0.54474450602655,0.5997635384154915,462,1449,1052,2147,20,5000,5000,1.0,3021694564,20260901,,,haar_02,haar
,all_rows,single_label,micro,s_last_max_abs_error,4.11852951359482e-11,4.080658428925527e-11,4.157190396791543e-11,927,927,927,927,,5000,5000,1.0,3021694564,20260901,,,haar_02,haar
,all_rows,single_label,micro,readout_max_abs_error,5.6222556276163266e-15,5.5781820490767305e-15,5.666329206155923e-15,927,927,927,927,,5000,5000,1.0,3021694564,20260901,,,haar_02,haar
,all_rows,single_label,micro,s_pos_map_spearman,0.9805027073286414,0.9745442408988487,0.9855238562991324,927,927,927,927,,5000,5000,1.0,3021694564,20260901,,,haar_02,haar
,all_rows,single_label,micro,s_pos_top10_jaccard,0.8336334049457774,0.8259452026088027,0.8411333109483136,927,927,927,927,,5000,5000,1.0,3021694564,20260901,,,haar_02,haar
,all_rows,single_label,micro,s_pos_normalized_l1,0.4360588928810362,0.42598325074183346,0.4478302154145119,927,927,927,927,,5000,5000,1.0,3021694564,20260901,,,haar_02,haar
,all_rows,single_label,micro,s_pos_auc_target_bg,0.5683497492663258,0.5528207919013863,0.5839360243366314,912,927,912,927,,5000,5000,1.0,3021694564,20260901,,,haar_02,haar
,all_rows,single_label,macro_class,s_last_max_abs_error,4.086551659813007e-11,4.033726104314034e-11,4.143449774721047e-11,927,927,927,927,20,5000,5000,1.0,3021694564,20260901,,,haar_02,haar
,all_rows,single_label,macro_class,readout_max_abs_error,5.584889304771026e-15,5.5410759943370985e-15,5.630398204541642e-15,927,927,927,927,20,5000,5000,1.0,3021694564,20260901,,,haar_02,haar
,all_rows,single_label,macro_class,s_pos_map_spearman,0.974377362511613,0.9606438261038189,0.983697495971618,927,927,927,927,20,5000,5000,1.0,3021694564,20260901,,,haar_02,haar
,all_rows,single_label,macro_class,s_pos_top10_jaccard,0.8323495898527989,0.8219875527993092,0.8414354986341217,927,927,927,927,20,5000,5000,1.0,3021694564,20260901,,,haar_02,haar
,all_rows,single_label,macro_class,s_pos_normalized_l1,0.438964576365399,0.4241808748049363,0.4566137825237204,927,927,927,927,20,5000,5000,1.0,3021694564,20260901,,,haar_02,haar
,all_rows,single_label,macro_class,s_pos_auc_target_bg,0.5702254773877378,0.5534479352253424,0.5859819963723156,912,927,912,927,20,5000,5000,1.0,3021694564,20260901,,,haar_02,haar
,all_rows,exactly_2_labels,micro,s_last_max_abs_error,4.1046102220813436e-11,4.035731156667074e-11,4.1739743513365584e-11,375,375,750,750,,5000,5000,1.0,3021694564,20260901,,,haar_02,haar
,all_rows,exactly_2_labels,micro,readout_max_abs_error,5.6867103618666685e-15,5.613287612504792e-15,5.757764635442679e-15,375,375,750,750,,5000,5000,1.0,3021694564,20260901,,,haar_02,haar
,all_rows,exactly_2_labels,micro,s_pos_map_spearman,0.9222574782450663,0.9039065208595332,0.9385355453534064,375,375,750,750,,5000,5000,1.0,3021694564,20260901,,,haar_02,haar
,all_rows,exactly_2_labels,micro,s_pos_top10_jaccard,0.8016443393948707,0.78807384169757,0.8146813159628656,375,375,750,750,,5000,5000,1.0,3021694564,20260901,,,haar_02,haar
,all_rows,exactly_2_labels,micro,s_pos_normalized_l1,0.6438928073159387,0.5974828092434672,0.6929578907685209,375,375,750,750,,5000,5000,1.0,3021694564,20260901,,,haar_02,haar
,all_rows,exactly_2_labels,micro,s_pos_auc_target_bg,0.5513161945531984,0.5331442016800542,0.5692787576394378,367,375,683,750,,5000,5000,1.0,3021694564,20260901,,,haar_02,haar
,all_rows,exactly_2_labels,micro,s_pos_auc_target_other,0.5449640155719551,0.5330824177407569,0.5580393631299624,322,375,644,750,,5000,5000,1.0,3021694564,20260901,,,haar_02,haar
,all_rows,exactly_2_labels,macro_class,s_last_max_abs_error,4.066697995494603e-11,3.992346660225689e-11,4.148016706515323e-11,375,375,750,750,20,5000,5000,1.0,3021694564,20260901,,,haar_02,haar
,all_rows,exactly_2_labels,macro_class,readout_max_abs_error,5.66514914538178e-15,5.5926172877064384e-15,5.740110408749502e-15,375,375,750,750,20,5000,5000,1.0,3021694564,20260901,,,haar_02,haar
,all_rows,exactly_2_labels,macro_class,s_pos_map_spearman,0.9258852255620866,0.9033796530504459,0.944693070504022,375,375,750,750,20,5000,5000,1.0,3021694564,20260901,,,haar_02,haar
,all_rows,exactly_2_labels,macro_class,s_pos_top10_jaccard,0.8016667871195894,0.7848326842575465,0.8176138551488173,375,375,750,750,20,5000,5000,1.0,3021694564,20260901,,,haar_02,haar
,all_rows,exactly_2_labels,macro_class,s_pos_normalized_l1,0.6133564166834001,0.566102148232279,0.6629192340308364,375,375,750,750,20,5000,5000,1.0,3021694564,20260901,,,haar_02,haar
,all_rows,exactly_2_labels,macro_class,s_pos_auc_target_bg,0.5389997293097453,0.5172510852940373,0.5625629883985498,367,375,683,750,20,5000,5000,1.0,3021694564,20260901,,,haar_02,haar
,all_rows,exactly_2_labels,macro_class,s_pos_auc_target_other,0.5726959967950661,0.5403442842792481,0.6049535016985206,322,375,644,750,20,5000,5000,1.0,3021694564,20260901,,,haar_02,haar
,all_rows,3plus_labels,micro,s_last_max_abs_error,4.1070458617933256e-11,4.000250091695237e-11,4.213613131535243e-11,147,147,470,470,,5000,5000,1.0,3021694564,20260901,,,haar_02,haar
,all_rows,3plus_labels,micro,readout_max_abs_error,5.612531715977387e-15,5.508595943459287e-15,5.725448436847627e-15,147,147,470,470,,5000,5000,1.0,3021694564,20260901,,,haar_02,haar
,all_rows,3plus_labels,micro,s_pos_map_spearman,0.8824850665488555,0.856049365361979,0.9064238685302536,147,147,470,470,,5000,5000,1.0,3021694564,20260901,,,haar_02,haar
,all_rows,3plus_labels,micro,s_pos_top10_jaccard,0.7678667738197706,0.7488645710060773,0.7862048429947897,147,147,470,470,,5000,5000,1.0,3021694564,20260901,,,haar_02,haar
,all_rows,3plus_labels,micro,s_pos_normalized_l1,0.7284359365550586,0.6750225510991651,0.7838791069427209,147,147,470,470,,5000,5000,1.0,3021694564,20260901,,,haar_02,haar
,all_rows,3plus_labels,micro,s_pos_auc_target_bg,0.5509076543403404,0.5269338755237931,0.575056507735181,145,147,409,470,,5000,5000,1.0,3021694564,20260901,,,haar_02,haar
,all_rows,3plus_labels,micro,s_pos_auc_target_other,0.5580008694734341,0.5399547153452612,0.576535810152858,140,147,408,470,,5000,5000,1.0,3021694564,20260901,,,haar_02,haar
,all_rows,3plus_labels,macro_class,s_last_max_abs_error,3.972899696030535e-11,3.870942413763958e-11,4.089174237571053e-11,147,147,470,470,20,5000,5000,1.0,3021694564,20260901,,,haar_02,haar
,all_rows,3plus_labels,macro_class,readout_max_abs_error,5.549358344831037e-15,5.473838988693156e-15,5.651914995749405e-15,147,147,470,470,20,5000,5000,1.0,3021694564,20260901,,,haar_02,haar
,all_rows,3plus_labels,macro_class,s_pos_map_spearman,0.9065705357155073,0.883740924722558,0.9241757065701397,147,147,470,470,20,5000,5000,1.0,3021694564,20260901,,,haar_02,haar
,all_rows,3plus_labels,macro_class,s_pos_top10_jaccard,0.7705593597623503,0.7503830998067581,0.7952269847112686,147,147,470,470,20,5000,5000,1.0,3021694564,20260901,,,haar_02,haar
,all_rows,3plus_labels,macro_class,s_pos_normalized_l1,0.7560019943539753,0.6743939175083113,0.8663355580088589,147,147,470,470,20,5000,5000,1.0,3021694564,20260901,,,haar_02,haar
,all_rows,3plus_labels,macro_class,s_pos_auc_target_bg,0.5483414626565545,0.5131541702718369,0.5854580491831378,145,147,409,470,19,5000,5000,1.0,3021694564,20260901,,,haar_02,haar
,all_rows,3plus_labels,macro_class,s_pos_auc_target_other,0.6004674125723731,0.547482061916668,0.6338632525652453,140,147,408,470,19,5000,5000,1.0,3021694564,20260901,,,haar_02,haar
,all_rows,all,micro,s_last_max_abs_error,3.8877403702800307e-11,3.858494392572445e-11,3.917589451497738e-11,1449,1449,2147,2147,,5000,5000,1.0,3021694564,20260901,,,haar_03,haar
,all_rows,all,micro,readout_max_abs_error,4.991091119553801e-15,4.948362729963286e-15,5.035053403974763e-15,1449,1449,2147,2147,,5000,5000,1.0,3021694564,20260901,,,haar_03,haar
,all_rows,all,micro,s_pos_map_spearman,0.9411875554237179,0.932411562337338,0.9495097855778616,1449,1449,2147,2147,,5000,5000,1.0,3021694564,20260901,,,haar_03,haar
,all_rows,all,micro,s_pos_top10_jaccard,0.8161897932454827,0.8088257766065496,0.8235550891907473,1449,1449,2147,2147,,5000,5000,1.0,3021694564,20260901,,,haar_03,haar
,all_rows,all,micro,s_pos_normalized_l1,0.5200383828238166,0.49974504781305196,0.5417120597294641,1449,1449,2147,2147,,5000,5000,1.0,3021694564,20260901,,,haar_03,haar
,all_rows,all,micro,s_pos_auc_target_bg,0.5685159469193459,0.5578461574189607,0.5790521336735764,1424,1449,2004,2147,,5000,5000,1.0,3021694564,20260901,,,haar_03,haar
,all_rows,all,micro,s_pos_auc_target_other,0.5519345127673714,0.5416384540366405,0.5627420160703485,462,1449,1052,2147,,5000,5000,1.0,3021694564,20260901,,,haar_03,haar
,all_rows,all,macro_class,s_last_max_abs_error,3.898658322939308e-11,3.869533396200475e-11,3.9282668392710285e-11,1449,1449,2147,2147,20,5000,5000,1.0,3021694564,20260901,,,haar_03,haar
,all_rows,all,macro_class,readout_max_abs_error,5.0013149275767304e-15,4.95758343809511e-15,5.046587071433453e-15,1449,1449,2147,2147,20,5000,5000,1.0,3021694564,20260901,,,haar_03,haar
,all_rows,all,macro_class,s_pos_map_spearman,0.9418089141177507,0.9326720576364991,0.9503296604867982,1449,1449,2147,2147,20,5000,5000,1.0,3021694564,20260901,,,haar_03,haar
,all_rows,all,macro_class,s_pos_top10_jaccard,0.8080297430626089,0.8001908780961788,0.8156958801191344,1449,1449,2147,2147,20,5000,5000,1.0,3021694564,20260901,,,haar_03,haar
,all_rows,all,macro_class,s_pos_normalized_l1,0.5117367094625165,0.4941948558626503,0.5298728660267273,1449,1449,2147,2147,20,5000,5000,1.0,3021694564,20260901,,,haar_03,haar
,all_rows,all,macro_class,s_pos_auc_target_bg,0.55774526721986,0.5481698100990238,0.5669980846739568,1424,1449,2004,2147,20,5000,5000,1.0,3021694564,20260901,,,haar_03,haar
,all_rows,all,macro_class,s_pos_auc_target_other,0.5630138758961056,0.5357528127636204,0.5906908663673541,462,1449,1052,2147,20,5000,5000,1.0,3021694564,20260901,,,haar_03,haar
,all_rows,single_label,micro,s_last_max_abs_error,3.9226987234396137e-11,3.891891675288945e-11,3.952917101880397e-11,927,927,927,927,,5000,5000,1.0,3021694564,20260901,,,haar_03,haar
,all_rows,single_label,micro,readout_max_abs_error,4.977440011156581e-15,4.9247433411635854e-15,5.029178559876977e-15,927,927,927,927,,5000,5000,1.0,3021694564,20260901,,,haar_03,haar
,all_rows,single_label,micro,s_pos_map_spearman,0.9799381855557088,0.9738041403364921,0.9850289759076746,927,927,927,927,,5000,5000,1.0,3021694564,20260901,,,haar_03,haar
,all_rows,single_label,micro,s_pos_top10_jaccard,0.8350322451508161,0.8267136507304171,0.8429545802649755,927,927,927,927,,5000,5000,1.0,3021694564,20260901,,,haar_03,haar
,all_rows,single_label,micro,s_pos_normalized_l1,0.40163782760190364,0.39160390365777165,0.41309240004917364,927,927,927,927,,5000,5000,1.0,3021694564,20260901,,,haar_03,haar
,all_rows,single_label,micro,s_pos_auc_target_bg,0.5749701028734203,0.5593110431627124,0.5905149426169078,912,927,912,927,,5000,5000,1.0,3021694564,20260901,,,haar_03,haar
,all_rows,single_label,macro_class,s_last_max_abs_error,3.889715868397268e-11,3.854220642185111e-11,3.924687692514758e-11,927,927,927,927,20,5000,5000,1.0,3021694564,20260901,,,haar_03,haar
,all_rows,single_label,macro_class,readout_max_abs_error,4.9701282006256185e-15,4.908924289676225e-15,5.02992315976651e-15,927,927,927,927,20,5000,5000,1.0,3021694564,20260901,,,haar_03,haar
,all_rows,single_label,macro_class,s_pos_map_spearman,0.9743889749145673,0.9609238815589733,0.9835374220211895,927,927,927,927,20,5000,5000,1.0,3021694564,20260901,,,haar_03,haar
,all_rows,single_label,macro_class,s_pos_top10_jaccard,0.8359959207441184,0.8258739920610423,0.8451360336683927,927,927,927,927,20,5000,5000,1.0,3021694564,20260901,,,haar_03,haar
,all_rows,single_label,macro_class,s_pos_normalized_l1,0.4030170519222991,0.3897912966382988,0.41857502078022385,927,927,927,927,20,5000,5000,1.0,3021694564,20260901,,,haar_03,haar
,all_rows,single_label,macro_class,s_pos_auc_target_bg,0.5748294401309683,0.5583477400312616,0.5905935547697565,912,927,912,927,20,5000,5000,1.0,3021694564,20260901,,,haar_03,haar
,all_rows,exactly_2_labels,micro,s_last_max_abs_error,3.8378251095612843e-11,3.7878514073478684e-11,3.8906970682243506e-11,375,375,750,750,,5000,5000,1.0,3021694564,20260901,,,haar_03,haar
,all_rows,exactly_2_labels,micro,readout_max_abs_error,4.9903784808217705e-15,4.916955731459893e-15,5.066169705969514e-15,375,375,750,750,,5000,5000,1.0,3021694564,20260901,,,haar_03,haar
,all_rows,exactly_2_labels,micro,s_pos_map_spearman,0.9256474834064661,0.9079714991099537,0.9414749186364839,375,375,750,750,,5000,5000,1.0,3021694564,20260901,,,haar_03,haar
,all_rows,exactly_2_labels,micro,s_pos_top10_jaccard,0.8181414129625104,0.8043048630298416,0.8314502675179958,375,375,750,750,,5000,5000,1.0,3021694564,20260901,,,haar_03,haar
,all_rows,exactly_2_labels,micro,s_pos_normalized_l1,0.5877749612834955,0.5424666217491594,0.6359589822692913,375,375,750,750,,5000,5000,1.0,3021694564,20260901,,,haar_03,haar
,all_rows,exactly_2_labels,micro,s_pos_auc_target_bg,0.5677465338137231,0.550123460664454,0.5852687808455834,367,375,683,750,,5000,5000,1.0,3021694564,20260901,,,haar_03,haar
,all_rows,exactly_2_labels,micro,s_pos_auc_target_other,0.5488961445885383,0.5372958953645084,0.561647283448469,322,375,644,750,,5000,5000,1.0,3021694564,20260901,,,haar_03,haar
,all_rows,exactly_2_labels,macro_class,s_last_max_abs_error,3.822976569716102e-11,3.767515486383138e-11,3.8812668316839696e-11,375,375,750,750,20,5000,5000,1.0,3021694564,20260901,,,haar_03,haar
,all_rows,exactly_2_labels,macro_class,readout_max_abs_error,4.993346318282262e-15,4.893799616186028e-15,5.088097593989439e-15,375,375,750,750,20,5000,5000,1.0,3021694564,20260901,,,haar_03,haar
,all_rows,exactly_2_labels,macro_class,s_pos_map_spearman,0.9288240656396404,0.9075026826604388,0.9468868368699774,375,375,750,750,20,5000,5000,1.0,3021694564,20260901,,,haar_03,haar
,all_rows,exactly_2_labels,macro_class,s_pos_top10_jaccard,0.8128827945314949,0.7955686536514014,0.8287306828713545,375,375,750,750,20,5000,5000,1.0,3021694564,20260901,,,haar_03,haar
,all_rows,exactly_2_labels,macro_class,s_pos_normalized_l1,0.5626284555858444,0.5195163658051315,0.6092303293149839,375,375,750,750,20,5000,5000,1.0,3021694564,20260901,,,haar_03,haar
,all_rows,exactly_2_labels,macro_class,s_pos_auc_target_bg,0.5434545260017949,0.5222072754255085,0.5671341851602355,367,375,683,750,20,5000,5000,1.0,3021694564,20260901,,,haar_03,haar
,all_rows,exactly_2_labels,macro_class,s_pos_auc_target_other,0.5627076184778758,0.530540160714203,0.5950792248668537,322,375,644,750,20,5000,5000,1.0,3021694564,20260901,,,haar_03,haar
,all_rows,3plus_labels,micro,s_last_max_abs_error,3.8984426089185987e-11,3.81199614147052e-11,3.982484959852839e-11,147,147,470,470,,5000,5000,1.0,3021694564,20260901,,,haar_03,haar
,all_rows,3plus_labels,micro,readout_max_abs_error,5.019152941964963e-15,4.896366999794717e-15,5.1370855858205534e-15,147,147,470,470,,5000,5000,1.0,3021694564,20260901,,,haar_03,haar
,all_rows,3plus_labels,micro,s_pos_map_spearman,0.8895561083611225,0.8644567304415652,0.9130110277883522,147,147,470,470,,5000,5000,1.0,3021694564,20260901,,,haar_03,haar
,all_rows,3plus_labels,micro,s_pos_top10_jaccard,0.7759117768539743,0.755761620620866,0.795382756075252,147,147,470,470,,5000,5000,1.0,3021694564,20260901,,,haar_03,haar
,all_rows,3plus_labels,micro,s_pos_normalized_l1,0.6454742995173398,0.5977873983470252,0.6945432734390979,147,147,470,470,,5000,5000,1.0,3021694564,20260901,,,haar_03,haar
,all_rows,3plus_labels,micro,s_pos_auc_target_bg,0.5554091472152426,0.5327143967976804,0.5787849877013697,145,147,409,470,,5000,5000,1.0,3021694564,20260901,,,haar_03,haar
,all_rows,3plus_labels,micro,s_pos_auc_target_other,0.556730368422196,0.5386103233311483,0.5756012284487655,140,147,408,470,,5000,5000,1.0,3021694564,20260901,,,haar_03,haar
,all_rows,3plus_labels,macro_class,s_last_max_abs_error,3.8153234503329236e-11,3.7206529884487174e-11,3.9084629917746736e-11,147,147,470,470,20,5000,5000,1.0,3021694564,20260901,,,haar_03,haar
,all_rows,3plus_labels,macro_class,readout_max_abs_error,5.035574274734624e-15,4.844467344948592e-15,5.229749155862287e-15,147,147,470,470,20,5000,5000,1.0,3021694564,20260901,,,haar_03,haar
,all_rows,3plus_labels,macro_class,s_pos_map_spearman,0.9088842004655554,0.8870911709305598,0.9270821351840033,147,147,470,470,20,5000,5000,1.0,3021694564,20260901,,,haar_03,haar
,all_rows,3plus_labels,macro_class,s_pos_top10_jaccard,0.77044556011698,0.7485474226829485,0.7976137026891559,147,147,470,470,20,5000,5000,1.0,3021694564,20260901,,,haar_03,haar
,all_rows,3plus_labels,macro_class,s_pos_normalized_l1,0.6754776750950162,0.6028469806060881,0.7719435402856906,147,147,470,470,20,5000,5000,1.0,3021694564,20260901,,,haar_03,haar
,all_rows,3plus_labels,macro_class,s_pos_auc_target_bg,0.5565871616091034,0.5183185252244243,0.5937194370791369,145,147,409,470,19,5000,5000,1.0,3021694564,20260901,,,haar_03,haar
,all_rows,3plus_labels,macro_class,s_pos_auc_target_other,0.5947274511744824,0.5415341728256283,0.6282833270243449,140,147,408,470,19,5000,5000,1.0,3021694564,20260901,,,haar_03,haar
,all_rows,all,micro,s_last_max_abs_error,4.188165914060823e-11,4.1523267938065054e-11,4.2241834686094716e-11,1449,1449,2147,2147,,5000,5000,1.0,3021694564,20260901,,,haar_04,haar
,all_rows,all,micro,readout_max_abs_error,4.189372546019174e-15,4.146476752739028e-15,4.235641489811983e-15,1449,1449,2147,2147,,5000,5000,1.0,3021694564,20260901,,,haar_04,haar
,all_rows,all,micro,s_pos_map_spearman,0.9433408547469381,0.9346629919617344,0.9514896059484916,1449,1449,2147,2147,,5000,5000,1.0,3021694564,20260901,,,haar_04,haar
,all_rows,all,micro,s_pos_top10_jaccard,0.8239925304111374,0.8168430677544551,0.8309933200188282,1449,1449,2147,2147,,5000,5000,1.0,3021694564,20260901,,,haar_04,haar
,all_rows,all,micro,s_pos_normalized_l1,0.5305529313855863,0.5115046905115124,0.5513814391294085,1449,1449,2147,2147,,5000,5000,1.0,3021694564,20260901,,,haar_04,haar
,all_rows,all,micro,s_pos_auc_target_bg,0.5422488080833888,0.5314013353395713,0.552957426155681,1424,1449,2004,2147,,5000,5000,1.0,3021694564,20260901,,,haar_04,haar
,all_rows,all,micro,s_pos_auc_target_other,0.5513628372946809,0.5410255851918927,0.5622143317606654,462,1449,1052,2147,,5000,5000,1.0,3021694564,20260901,,,haar_04,haar
,all_rows,all,macro_class,s_last_max_abs_error,4.187384042093693e-11,4.1517737685615476e-11,4.223555352384678e-11,1449,1449,2147,2147,20,5000,5000,1.0,3021694564,20260901,,,haar_04,haar
,all_rows,all,macro_class,readout_max_abs_error,4.19681111848207e-15,4.1524280795756e-15,4.242766775554413e-15,1449,1449,2147,2147,20,5000,5000,1.0,3021694564,20260901,,,haar_04,haar
,all_rows,all,macro_class,s_pos_map_spearman,0.9432513673924007,0.9341394342544642,0.9517272429832945,1449,1449,2147,2147,20,5000,5000,1.0,3021694564,20260901,,,haar_04,haar
,all_rows,all,macro_class,s_pos_top10_jaccard,0.8165389677268184,0.8089560415986328,0.8240300328767497,1449,1449,2147,2147,20,5000,5000,1.0,3021694564,20260901,,,haar_04,haar
,all_rows,all,macro_class,s_pos_normalized_l1,0.5207388927292942,0.503231790228497,0.5392872311445162,1449,1449,2147,2147,20,5000,5000,1.0,3021694564,20260901,,,haar_04,haar
,all_rows,all,macro_class,s_pos_auc_target_bg,0.5304959341502327,0.5208892715314094,0.5399692110084857,1424,1449,2004,2147,20,5000,5000,1.0,3021694564,20260901,,,haar_04,haar
,all_rows,all,macro_class,s_pos_auc_target_other,0.5603367053253269,0.5331637163843697,0.5879975043611472,462,1449,1052,2147,20,5000,5000,1.0,3021694564,20260901,,,haar_04,haar
,all_rows,single_label,micro,s_last_max_abs_error,4.209577095390427e-11,4.166795524224506e-11,4.2517650912655466e-11,927,927,927,927,,5000,5000,1.0,3021694564,20260901,,,haar_04,haar
,all_rows,single_label,micro,readout_max_abs_error,4.226272933438244e-15,4.1745343847178485e-15,4.27896960343124e-15,927,927,927,927,,5000,5000,1.0,3021694564,20260901,,,haar_04,haar
,all_rows,single_label,micro,s_pos_map_spearman,0.9824933168445946,0.977245074354238,0.9869354848799218,927,927,927,927,,5000,5000,1.0,3021694564,20260901,,,haar_04,haar
,all_rows,single_label,micro,s_pos_top10_jaccard,0.8506357346609988,0.843036181235473,0.8579267677858121,927,927,927,927,,5000,5000,1.0,3021694564,20260901,,,haar_04,haar
,all_rows,single_label,micro,s_pos_normalized_l1,0.4069421527584877,0.39783575657716813,0.41760905703421347,927,927,927,927,,5000,5000,1.0,3021694564,20260901,,,haar_04,haar
,all_rows,single_label,micro,s_pos_auc_target_bg,0.5485590126470353,0.5326065869989205,0.5644040096807046,912,927,912,927,,5000,5000,1.0,3021694564,20260901,,,haar_04,haar
,all_rows,single_label,macro_class,s_last_max_abs_error,4.167004848055189e-11,4.1173990631694583e-11,4.218580837972756e-11,927,927,927,927,20,5000,5000,1.0,3021694564,20260901,,,haar_04,haar
,all_rows,single_label,macro_class,readout_max_abs_error,4.2159894605142925e-15,4.155583728842476e-15,4.279606925317751e-15,927,927,927,927,20,5000,5000,1.0,3021694564,20260901,,,haar_04,haar
,all_rows,single_label,macro_class,s_pos_map_spearman,0.97790492187504,0.9679124657799275,0.9853200638501999,927,927,927,927,20,5000,5000,1.0,3021694564,20260901,,,haar_04,haar
,all_rows,single_label,macro_class,s_pos_top10_jaccard,0.8478910281811975,0.8384481331449087,0.8560723261061964,927,927,927,927,20,5000,5000,1.0,3021694564,20260901,,,haar_04,haar
,all_rows,single_label,macro_class,s_pos_normalized_l1,0.4118893091751777,0.39774860120137956,0.42887535425039747,927,927,927,927,20,5000,5000,1.0,3021694564,20260901,,,haar_04,haar
,all_rows,single_label,macro_class,s_pos_auc_target_bg,0.5493118459673079,0.5330272890583926,0.5648072557306495,912,927,912,927,20,5000,5000,1.0,3021694564,20260901,,,haar_04,haar
,all_rows,exactly_2_labels,micro,s_last_max_abs_error,4.1763996705412866e-11,4.1104309881726904e-11,4.242380479505906e-11,375,375,750,750,,5000,5000,1.0,3021694564,20260901,,,haar_04,haar
,all_rows,exactly_2_labels,micro,readout_max_abs_error,4.132990246337916e-15,4.057199021190172e-15,4.211149947271527e-15,375,375,750,750,,5000,5000,1.0,3021694564,20260901,,,haar_04,haar
,all_rows,exactly_2_labels,micro,s_pos_map_spearman,0.9264216962011042,0.9082817557561078,0.9424612762590356,375,375,750,750,,5000,5000,1.0,3021694564,20260901,,,haar_04,haar
,all_rows,exactly_2_labels,micro,s_pos_top10_jaccard,0.8169476063206073,0.8034547301273373,0.8296245408177517,375,375,750,750,,5000,5000,1.0,3021694564,20260901,,,haar_04,haar
,all_rows,exactly_2_labels,micro,s_pos_normalized_l1,0.5921352671596212,0.5502919693723819,0.6358580339802706,375,375,750,750,,5000,5000,1.0,3021694564,20260901,,,haar_04,haar
,all_rows,exactly_2_labels,micro,s_pos_auc_target_bg,0.5388316350091686,0.5208983997950232,0.556370784399187,367,375,683,750,,5000,5000,1.0,3021694564,20260901,,,haar_04,haar
,all_rows,exactly_2_labels,micro,s_pos_auc_target_other,0.5473314929350175,0.5355891112342306,0.5603427541802096,322,375,644,750,,5000,5000,1.0,3021694564,20260901,,,haar_04,haar
,all_rows,exactly_2_labels,macro_class,s_last_max_abs_error,4.167065167003149e-11,4.0991880737639983e-11,4.235850502761582e-11,375,375,750,750,20,5000,5000,1.0,3021694564,20260901,,,haar_04,haar
,all_rows,exactly_2_labels,macro_class,readout_max_abs_error,4.092746372784759e-15,4.003804042917476e-15,4.1949618132990466e-15,375,375,750,750,20,5000,5000,1.0,3021694564,20260901,,,haar_04,haar
,all_rows,exactly_2_labels,macro_class,s_pos_map_spearman,0.928515829613272,0.9058943568091604,0.9473053294697606,375,375,750,750,20,5000,5000,1.0,3021694564,20260901,,,haar_04,haar
,all_rows,exactly_2_labels,macro_class,s_pos_top10_jaccard,0.8125543842542055,0.7950713786822925,0.8287888403731476,375,375,750,750,20,5000,5000,1.0,3021694564,20260901,,,haar_04,haar
,all_rows,exactly_2_labels,macro_class,s_pos_normalized_l1,0.5678344489521046,0.5243626816768343,0.6139083757478805,375,375,750,750,20,5000,5000,1.0,3021694564,20260901,,,haar_04,haar
,all_rows,exactly_2_labels,macro_class,s_pos_auc_target_bg,0.5146123308579644,0.49287930584174877,0.5385712059844316,367,375,683,750,20,5000,5000,1.0,3021694564,20260901,,,haar_04,haar
,all_rows,exactly_2_labels,macro_class,s_pos_auc_target_other,0.5592440699064971,0.526942441083749,0.591793210830697,322,375,644,750,20,5000,5000,1.0,3021694564,20260901,,,haar_04,haar
,all_rows,3plus_labels,micro,s_last_max_abs_error,4.164711696075949e-11,4.0618956098558146e-11,4.268720302237929e-11,147,147,470,470,,5000,5000,1.0,3021694564,20260901,,,haar_04,haar
,all_rows,3plus_labels,micro,readout_max_abs_error,4.206564175005274e-15,4.083329947074161e-15,4.336869667066957e-15,147,147,470,470,,5000,5000,1.0,3021694564,20260901,,,haar_04,haar
,all_rows,3plus_labels,micro,s_pos_map_spearman,0.893117528246621,0.8684936651060647,0.9159227691558255,147,147,470,470,,5000,5000,1.0,3021694564,20260901,,,haar_04,haar
,all_rows,3plus_labels,micro,s_pos_top10_jaccard,0.7826849617479018,0.7639373392638995,0.8009458604331653,147,147,470,470,,5000,5000,1.0,3021694564,20260901,,,haar_04,haar
,all_rows,3plus_labels,micro,s_pos_normalized_l1,0.6760857823574898,0.6262999417797306,0.7269178923272726,147,147,470,470,,5000,5000,1.0,3021694564,20260901,,,haar_04,haar
,all_rows,3plus_labels,micro,s_pos_auc_target_bg,0.5338845602781234,0.5110841503145048,0.5573594027223623,145,147,409,470,,5000,5000,1.0,3021694564,20260901,,,haar_04,haar
,all_rows,3plus_labels,micro,s_pos_auc_target_other,0.557726037705521,0.5394068449859508,0.5760361613592807,140,147,408,470,,5000,5000,1.0,3021694564,20260901,,,haar_04,haar
,all_rows,3plus_labels,macro_class,s_last_max_abs_error,4.0511323843380427e-11,3.952713351000672e-11,4.181371310970528e-11,147,147,470,470,20,5000,5000,1.0,3021694564,20260901,,,haar_04,haar
,all_rows,3plus_labels,macro_class,readout_max_abs_error,4.251013539466765e-15,4.128804272592772e-15,4.399597274411689e-15,147,147,470,470,20,5000,5000,1.0,3021694564,20260901,,,haar_04,haar
,all_rows,3plus_labels,macro_class,s_pos_map_spearman,0.9128768855417123,0.8910718298723862,0.9298788153990667,147,147,470,470,20,5000,5000,1.0,3021694564,20260901,,,haar_04,haar
,all_rows,3plus_labels,macro_class,s_pos_top10_jaccard,0.7792608145943231,0.7599651834244116,0.8037431074907285,147,147,470,470,20,5000,5000,1.0,3021694564,20260901,,,haar_04,haar
,all_rows,3plus_labels,macro_class,s_pos_normalized_l1,0.7047938229450398,0.6284604914175885,0.8051434259089224,147,147,470,470,20,5000,5000,1.0,3021694564,20260901,,,haar_04,haar
,all_rows,3plus_labels,macro_class,s_pos_auc_target_bg,0.5222602960463736,0.4896516801945838,0.5619196249930977,145,147,409,470,19,5000,5000,1.0,3021694564,20260901,,,haar_04,haar
,all_rows,3plus_labels,macro_class,s_pos_auc_target_other,0.593184051944424,0.5407538924337432,0.6276473386248023,140,147,408,470,19,5000,5000,1.0,3021694564,20260901,,,haar_04,haar
,all_rows,all,micro,s_last_max_abs_error,0.0,0.0,0.0,1449,1449,2147,2147,,5000,5000,1.0,3021694564,20260901,,,identity,identity
,all_rows,all,micro,readout_max_abs_error,0.0,0.0,0.0,1449,1449,2147,2147,,5000,5000,1.0,3021694564,20260901,,,identity,identity
,all_rows,all,micro,s_pos_map_spearman,0.9999999997042385,0.9999999995950646,0.9999999998092549,1449,1449,2147,2147,,5000,5000,1.0,3021694564,20260901,,,identity,identity
,all_rows,all,micro,s_pos_top10_jaccard,1.0,1.0,1.0,1449,1449,2147,2147,,5000,5000,1.0,3021694564,20260901,,,identity,identity
,all_rows,all,micro,s_pos_normalized_l1,1.476333473540543e-07,1.471501566480253e-07,1.4812177885484688e-07,1449,1449,2147,2147,,5000,5000,1.0,3021694564,20260901,,,identity,identity
,all_rows,all,micro,s_pos_auc_target_bg,0.561353954415779,0.5509699949098269,0.5719342503614122,1424,1449,2004,2147,,5000,5000,1.0,3021694564,20260901,,,identity,identity
,all_rows,all,micro,s_pos_auc_target_other,0.5336877837595211,0.5243461275437167,0.5436001219045881,462,1449,1052,2147,,5000,5000,1.0,3021694564,20260901,,,identity,identity
,all_rows,all,macro_class,s_last_max_abs_error,0.0,0.0,0.0,1449,1449,2147,2147,20,5000,5000,1.0,3021694564,20260901,,,identity,identity
,all_rows,all,macro_class,readout_max_abs_error,0.0,0.0,0.0,1449,1449,2147,2147,20,5000,5000,1.0,3021694564,20260901,,,identity,identity
,all_rows,all,macro_class,s_pos_map_spearman,0.999999999711689,0.9999999995949947,0.9999999998215998,1449,1449,2147,2147,20,5000,5000,1.0,3021694564,20260901,,,identity,identity
,all_rows,all,macro_class,s_pos_top10_jaccard,1.0,1.0,1.0,1449,1449,2147,2147,20,5000,5000,1.0,3021694564,20260901,,,identity,identity
,all_rows,all,macro_class,s_pos_normalized_l1,1.474299221782708e-07,1.469220553444011e-07,1.4792608811811578e-07,1449,1449,2147,2147,20,5000,5000,1.0,3021694564,20260901,,,identity,identity
,all_rows,all,macro_class,s_pos_auc_target_bg,0.5486516600089362,0.5392840739737408,0.5580219862396504,1424,1449,2004,2147,20,5000,5000,1.0,3021694564,20260901,,,identity,identity
,all_rows,all,macro_class,s_pos_auc_target_other,0.5360121133053706,0.5084455042787671,0.5647762195739433,462,1449,1052,2147,20,5000,5000,1.0,3021694564,20260901,,,identity,identity
,all_rows,single_label,micro,s_last_max_abs_error,0.0,0.0,0.0,927,927,927,927,,5000,5000,1.0,3021694564,20260901,,,identity,identity
,all_rows,single_label,micro,readout_max_abs_error,0.0,0.0,0.0,927,927,927,927,,5000,5000,1.0,3021694564,20260901,,,identity,identity
,all_rows,single_label,micro,s_pos_map_spearman,0.9999999997918121,0.9999999996440657,0.9999999999126954,927,927,927,927,,5000,5000,1.0,3021694564,20260901,,,identity,identity
,all_rows,single_label,micro,s_pos_top10_jaccard,1.0,1.0,1.0,927,927,927,927,,5000,5000,1.0,3021694564,20260901,,,identity,identity
,all_rows,single_label,micro,s_pos_normalized_l1,1.4856694574717406e-07,1.4800693802294223e-07,1.4914539943958095e-07,927,927,927,927,,5000,5000,1.0,3021694564,20260901,,,identity,identity
,all_rows,single_label,micro,s_pos_auc_target_bg,0.5697984761253329,0.5543318505727742,0.5852483817783584,912,927,912,927,,5000,5000,1.0,3021694564,20260901,,,identity,identity
,all_rows,single_label,macro_class,s_last_max_abs_error,0.0,0.0,0.0,927,927,927,927,20,5000,5000,1.0,3021694564,20260901,,,identity,identity
,all_rows,single_label,macro_class,readout_max_abs_error,0.0,0.0,0.0,927,927,927,927,20,5000,5000,1.0,3021694564,20260901,,,identity,identity
,all_rows,single_label,macro_class,s_pos_map_spearman,0.9999999998464348,0.999999999739656,0.9999999999351364,927,927,927,927,20,5000,5000,1.0,3021694564,20260901,,,identity,identity
,all_rows,single_label,macro_class,s_pos_top10_jaccard,1.0,1.0,1.0,927,927,927,927,20,5000,5000,1.0,3021694564,20260901,,,identity,identity
,all_rows,single_label,macro_class,s_pos_normalized_l1,1.480908790576232e-07,1.4729253113199438e-07,1.4885460519987533e-07,927,927,927,927,20,5000,5000,1.0,3021694564,20260901,,,identity,identity
,all_rows,single_label,macro_class,s_pos_auc_target_bg,0.5703721154193161,0.5537904854186192,0.5856606122870275,912,927,912,927,20,5000,5000,1.0,3021694564,20260901,,,identity,identity
,all_rows,exactly_2_labels,micro,s_last_max_abs_error,0.0,0.0,0.0,375,375,750,750,,5000,5000,1.0,3021694564,20260901,,,identity,identity
,all_rows,exactly_2_labels,micro,readout_max_abs_error,0.0,0.0,0.0,375,375,750,750,,5000,5000,1.0,3021694564,20260901,,,identity,identity
,all_rows,exactly_2_labels,micro,s_pos_map_spearman,0.9999999994770588,0.9999999992114377,0.9999999997094771,375,375,750,750,,5000,5000,1.0,3021694564,20260901,,,identity,identity
,all_rows,exactly_2_labels,micro,s_pos_top10_jaccard,1.0,1.0,1.0,375,375,750,750,,5000,5000,1.0,3021694564,20260901,,,identity,identity
,all_rows,exactly_2_labels,micro,s_pos_normalized_l1,1.4691200076017352e-07,1.4601016261156668e-07,1.4782306894453853e-07,375,375,750,750,,5000,5000,1.0,3021694564,20260901,,,identity,identity
,all_rows,exactly_2_labels,micro,s_pos_auc_target_bg,0.5613808380471891,0.5434734962091402,0.578728612376192,367,375,683,750,,5000,5000,1.0,3021694564,20260901,,,identity,identity
,all_rows,exactly_2_labels,micro,s_pos_auc_target_other,0.5360538004364979,0.5253102369355419,0.5477764742923174,322,375,644,750,,5000,5000,1.0,3021694564,20260901,,,identity,identity
,all_rows,exactly_2_labels,macro_class,s_last_max_abs_error,0.0,0.0,0.0,375,375,750,750,20,5000,5000,1.0,3021694564,20260901,,,identity,identity
,all_rows,exactly_2_labels,macro_class,readout_max_abs_error,0.0,0.0,0.0,375,375,750,750,20,5000,5000,1.0,3021694564,20260901,,,identity,identity
,all_rows,exactly_2_labels,macro_class,s_pos_map_spearman,0.9999999996119809,0.9999999993826079,0.9999999998089047,375,375,750,750,20,5000,5000,1.0,3021694564,20260901,,,identity,identity
,all_rows,exactly_2_labels,macro_class,s_pos_top10_jaccard,1.0,1.0,1.0,375,375,750,750,20,5000,5000,1.0,3021694564,20260901,,,identity,identity
,all_rows,exactly_2_labels,macro_class,s_pos_normalized_l1,1.4636990860008284e-07,1.4525078479032504e-07,1.4748525593835906e-07,375,375,750,750,20,5000,5000,1.0,3021694564,20260901,,,identity,identity
,all_rows,exactly_2_labels,macro_class,s_pos_auc_target_bg,0.5314919391822479,0.5086435064699537,0.5562591575385589,367,375,683,750,20,5000,5000,1.0,3021694564,20260901,,,identity,identity
,all_rows,exactly_2_labels,macro_class,s_pos_auc_target_other,0.5368951916934991,0.5029773491253635,0.569736199701005,322,375,644,750,20,5000,5000,1.0,3021694564,20260901,,,identity,identity
,all_rows,3plus_labels,micro,s_last_max_abs_error,0.0,0.0,0.0,147,147,470,470,,5000,5000,1.0,3021694564,20260901,,,identity,identity
,all_rows,3plus_labels,micro,readout_max_abs_error,0.0,0.0,0.0,147,147,470,470,,5000,5000,1.0,3021694564,20260901,,,identity,identity
,all_rows,3plus_labels,micro,s_pos_map_spearman,0.9999999998940342,0.9999999997595175,0.9999999999866692,147,147,470,470,,5000,5000,1.0,3021694564,20260901,,,identity,identity
,all_rows,3plus_labels,micro,s_pos_top10_jaccard,1.0,1.0,1.0,147,147,470,470,,5000,5000,1.0,3021694564,20260901,,,identity,identity
,all_rows,3plus_labels,micro,s_pos_normalized_l1,1.4694305849232545e-07,1.456754303249061e-07,1.4821592091085064e-07,147,147,470,470,,5000,5000,1.0,3021694564,20260901,,,identity,identity
,all_rows,3plus_labels,micro,s_pos_auc_target_bg,0.5424792225835923,0.519456414165221,0.566016290751114,145,147,409,470,,5000,5000,1.0,3021694564,20260901,,,identity,identity
,all_rows,3plus_labels,micro,s_pos_auc_target_other,0.5299531888086071,0.5128921960278064,0.5482616384027436,140,147,408,470,,5000,5000,1.0,3021694564,20260901,,,identity,identity
,all_rows,3plus_labels,macro_class,s_last_max_abs_error,0.0,0.0,0.0,147,147,470,470,20,5000,5000,1.0,3021694564,20260901,,,identity,identity
,all_rows,3plus_labels,macro_class,readout_max_abs_error,0.0,0.0,0.0,147,147,470,470,20,5000,5000,1.0,3021694564,20260901,,,identity,identity
,all_rows,3plus_labels,macro_class,s_pos_map_spearman,0.9999999999249694,0.9999999998226302,0.9999999999890781,147,147,470,470,20,5000,5000,1.0,3021694564,20260901,,,identity,identity
,all_rows,3plus_labels,macro_class,s_pos_top10_jaccard,1.0,1.0,1.0,147,147,470,470,20,5000,5000,1.0,3021694564,20260901,,,identity,identity
,all_rows,3plus_labels,macro_class,s_pos_normalized_l1,1.442561971689563e-07,1.4280477695310892e-07,1.4632731923002961e-07,147,147,470,470,20,5000,5000,1.0,3021694564,20260901,,,identity,identity
,all_rows,3plus_labels,macro_class,s_pos_auc_target_bg,0.5372530110704119,0.5014879336094609,0.5764005757477302,145,147,409,470,19,5000,5000,1.0,3021694564,20260901,,,identity,identity
,all_rows,3plus_labels,macro_class,s_pos_auc_target_other,0.5703792887003248,0.5170383819074281,0.6022474652324022,140,147,408,470,19,5000,5000,1.0,3021694564,20260901,,,identity,identity
,all_rows,all,micro,s_last_max_abs_error,3.721515069406395e-11,3.696284898858933e-11,3.746591369559332e-11,1449,1449,2147,2147,,5000,5000,1.0,3021694564,20260901,,,permutation,permutation
,all_rows,all,micro,readout_max_abs_error,3.302848860216954e-15,3.2668150965735955e-15,3.33888524426848e-15,1449,1449,2147,2147,,5000,5000,1.0,3021694564,20260901,,,permutation,permutation
,all_rows,all,micro,s_pos_map_spearman,0.9999999997042385,0.9999999995950646,0.9999999998092549,1449,1449,2147,2147,,5000,5000,1.0,3021694564,20260901,,,permutation,permutation
,all_rows,all,micro,s_pos_top10_jaccard,1.0,1.0,1.0,1449,1449,2147,2147,,5000,5000,1.0,3021694564,20260901,,,permutation,permutation
,all_rows,all,micro,s_pos_normalized_l1,1.4763334735422256e-07,1.471501566481822e-07,1.4812177885502091e-07,1449,1449,2147,2147,,5000,5000,1.0,3021694564,20260901,,,permutation,permutation
,all_rows,all,micro,s_pos_auc_target_bg,0.561353954415779,0.5509699949098269,0.5719342503614122,1424,1449,2004,2147,,5000,5000,1.0,3021694564,20260901,,,permutation,permutation
,all_rows,all,micro,s_pos_auc_target_other,0.5336877837595211,0.5243461275437167,0.5436001219045881,462,1449,1052,2147,,5000,5000,1.0,3021694564,20260901,,,permutation,permutation
,all_rows,all,macro_class,s_last_max_abs_error,3.721073336178656e-11,3.695766276886044e-11,3.7465023366453726e-11,1449,1449,2147,2147,20,5000,5000,1.0,3021694564,20260901,,,permutation,permutation
,all_rows,all,macro_class,readout_max_abs_error,3.317432517246782e-15,3.283067575862465e-15,3.3513941104678397e-15,1449,1449,2147,2147,20,5000,5000,1.0,3021694564,20260901,,,permutation,permutation
,all_rows,all,macro_class,s_pos_map_spearman,0.999999999711689,0.9999999995949947,0.9999999998215998,1449,1449,2147,2147,20,5000,5000,1.0,3021694564,20260901,,,permutation,permutation
,all_rows,all,macro_class,s_pos_top10_jaccard,1.0,1.0,1.0,1449,1449,2147,2147,20,5000,5000,1.0,3021694564,20260901,,,permutation,permutation
,all_rows,all,macro_class,s_pos_normalized_l1,1.474299221783158e-07,1.4692205534502364e-07,1.479260881170367e-07,1449,1449,2147,2147,20,5000,5000,1.0,3021694564,20260901,,,permutation,permutation
,all_rows,all,macro_class,s_pos_auc_target_bg,0.5486516600089362,0.5392840739737408,0.5580219862396504,1424,1449,2004,2147,20,5000,5000,1.0,3021694564,20260901,,,permutation,permutation
,all_rows,all,macro_class,s_pos_auc_target_other,0.5360121133053706,0.5084455042787671,0.5647762195739433,462,1449,1052,2147,20,5000,5000,1.0,3021694564,20260901,,,permutation,permutation
,all_rows,single_label,micro,s_last_max_abs_error,3.7737652868386097e-11,3.7423695689780554e-11,3.805749674409049e-11,927,927,927,927,,5000,5000,1.0,3021694564,20260901,,,permutation,permutation
,all_rows,single_label,micro,readout_max_abs_error,3.338094513738119e-15,3.299769662834122e-15,3.374503122096916e-15,927,927,927,927,,5000,5000,1.0,3021694564,20260901,,,permutation,permutation
,all_rows,single_label,micro,s_pos_map_spearman,0.9999999997918121,0.9999999996440657,0.9999999999126954,927,927,927,927,,5000,5000,1.0,3021694564,20260901,,,permutation,permutation
,all_rows,single_label,micro,s_pos_top10_jaccard,1.0,1.0,1.0,927,927,927,927,,5000,5000,1.0,3021694564,20260901,,,permutation,permutation
,all_rows,single_label,micro,s_pos_normalized_l1,1.4856694574768845e-07,1.4800693802361194e-07,1.4914539943925341e-07,927,927,927,927,,5000,5000,1.0,3021694564,20260901,,,permutation,permutation
,all_rows,single_label,micro,s_pos_auc_target_bg,0.5697984761253329,0.5543318505727742,0.5852483817783584,912,927,912,927,,5000,5000,1.0,3021694564,20260901,,,permutation,permutation
,all_rows,single_label,macro_class,s_last_max_abs_error,3.757001019931091e-11,3.718043496668306e-11,3.7943287215118895e-11,927,927,927,927,20,5000,5000,1.0,3021694564,20260901,,,permutation,permutation
,all_rows,single_label,macro_class,readout_max_abs_error,3.367848757375003e-15,3.3318072153465704e-15,3.402415806029589e-15,927,927,927,927,20,5000,5000,1.0,3021694564,20260901,,,permutation,permutation
,all_rows,single_label,macro_class,s_pos_map_spearman,0.9999999998464348,0.999999999739656,0.9999999999351364,927,927,927,927,20,5000,5000,1.0,3021694564,20260901,,,permutation,permutation
,all_rows,single_label,macro_class,s_pos_top10_jaccard,1.0,1.0,1.0,927,927,927,927,20,5000,5000,1.0,3021694564,20260901,,,permutation,permutation
,all_rows,single_label,macro_class,s_pos_normalized_l1,1.4809087905727582e-07,1.4729253113175226e-07,1.4885460519891122e-07,927,927,927,927,20,5000,5000,1.0,3021694564,20260901,,,permutation,permutation
,all_rows,single_label,macro_class,s_pos_auc_target_bg,0.5703721154193161,0.5537904854186192,0.5856606122870275,912,927,912,927,20,5000,5000,1.0,3021694564,20260901,,,permutation,permutation
,all_rows,exactly_2_labels,micro,s_last_max_abs_error,3.6952163403232894e-11,3.6515605946381885e-11,3.740824467968196e-11,375,375,750,750,,5000,5000,1.0,3021694564,20260901,,,permutation,permutation
,all_rows,exactly_2_labels,micro,readout_max_abs_error,3.282707439211663e-15,3.216390117207387e-15,3.349024761215939e-15,375,375,750,750,,5000,5000,1.0,3021694564,20260901,,,permutation,permutation
,all_rows,exactly_2_labels,micro,s_pos_map_spearman,0.9999999994770588,0.9999999992114377,0.9999999997094771,375,375,750,750,,5000,5000,1.0,3021694564,20260901,,,permutation,permutation
,all_rows,exactly_2_labels,micro,s_pos_top10_jaccard,1.0,1.0,1.0,375,375,750,750,,5000,5000,1.0,3021694564,20260901,,,permutation,permutation
,all_rows,exactly_2_labels,micro,s_pos_normalized_l1,1.4691200076007772e-07,1.460101626126225e-07,1.4782306894350174e-07,375,375,750,750,,5000,5000,1.0,3021694564,20260901,,,permutation,permutation
,all_rows,exactly_2_labels,micro,s_pos_auc_target_bg,0.5613808380471891,0.5434734962091402,0.578728612376192,367,375,683,750,,5000,5000,1.0,3021694564,20260901,,,permutation,permutation
,all_rows,exactly_2_labels,micro,s_pos_auc_target_other,0.5360538004364979,0.5253102369355419,0.5477764742923174,322,375,644,750,,5000,5000,1.0,3021694564,20260901,,,permutation,permutation
,all_rows,exactly_2_labels,macro_class,s_last_max_abs_error,3.6870633232697365e-11,3.6379958948194153e-11,3.7374597205192413e-11,375,375,750,750,20,5000,5000,1.0,3021694564,20260901,,,permutation,permutation
,all_rows,exactly_2_labels,macro_class,readout_max_abs_error,3.3149198095832182e-15,3.250731416581747e-15,3.3754807981548414e-15,375,375,750,750,20,5000,5000,1.0,3021694564,20260901,,,permutation,permutation
,all_rows,exactly_2_labels,macro_class,s_pos_map_spearman,0.9999999996119809,0.9999999993826079,0.9999999998089047,375,375,750,750,20,5000,5000,1.0,3021694564,20260901,,,permutation,permutation
,all_rows,exactly_2_labels,macro_class,s_pos_top10_jaccard,1.0,1.0,1.0,375,375,750,750,20,5000,5000,1.0,3021694564,20260901,,,permutation,permutation
,all_rows,exactly_2_labels,macro_class,s_pos_normalized_l1,1.463699085984584e-07,1.452507847895701e-07,1.4748525593553315e-07,375,375,750,750,20,5000,5000,1.0,3021694564,20260901,,,permutation,permutation
,all_rows,exactly_2_labels,macro_class,s_pos_auc_target_bg,0.5314919391822479,0.5086435064699537,0.5562591575385589,367,375,683,750,20,5000,5000,1.0,3021694564,20260901,,,permutation,permutation
,all_rows,exactly_2_labels,macro_class,s_pos_auc_target_other,0.5368951916934991,0.5029773491253635,0.569736199701005,322,375,644,750,20,5000,5000,1.0,3021694564,20260901,,,permutation,permutation
,all_rows,3plus_labels,micro,s_last_max_abs_error,3.660425910369513e-11,3.589702931919247e-11,3.729119028326866e-11,147,147,470,470,,5000,5000,1.0,3021694564,20260901,,,permutation,permutation
,all_rows,3plus_labels,micro,readout_max_abs_error,3.2654729983868434e-15,3.152929774082258e-15,3.3693478115075718e-15,147,147,470,470,,5000,5000,1.0,3021694564,20260901,,,permutation,permutation
,all_rows,3plus_labels,micro,s_pos_map_spearman,0.9999999998940342,0.9999999997595175,0.9999999999866692,147,147,470,470,,5000,5000,1.0,3021694564,20260901,,,permutation,permutation
,all_rows,3plus_labels,micro,s_pos_top10_jaccard,1.0,1.0,1.0,147,147,470,470,,5000,5000,1.0,3021694564,20260901,,,permutation,permutation
,all_rows,3plus_labels,micro,s_pos_normalized_l1,1.4694305849223318e-07,1.4567543032496814e-07,1.4821592091044033e-07,147,147,470,470,,5000,5000,1.0,3021694564,20260901,,,permutation,permutation
,all_rows,3plus_labels,micro,s_pos_auc_target_bg,0.5424792225835923,0.519456414165221,0.566016290751114,145,147,409,470,,5000,5000,1.0,3021694564,20260901,,,permutation,permutation
,all_rows,3plus_labels,micro,s_pos_auc_target_other,0.5299531888086071,0.5128921960278064,0.5482616384027436,140,147,408,470,,5000,5000,1.0,3021694564,20260901,,,permutation,permutation
,all_rows,3plus_labels,macro_class,s_last_max_abs_error,3.626101902948275e-11,3.563561216491349e-11,3.683512531328423e-11,147,147,470,470,20,5000,5000,1.0,3021694564,20260901,,,permutation,permutation
,all_rows,3plus_labels,macro_class,readout_max_abs_error,3.3654714317600453e-15,3.273698682863e-15,3.435206241350298e-15,147,147,470,470,20,5000,5000,1.0,3021694564,20260901,,,permutation,permutation
,all_rows,3plus_labels,macro_class,s_pos_map_spearman,0.9999999999249694,0.9999999998226302,0.9999999999890781,147,147,470,470,20,5000,5000,1.0,3021694564,20260901,,,permutation,permutation
,all_rows,3plus_labels,macro_class,s_pos_top10_jaccard,1.0,1.0,1.0,147,147,470,470,20,5000,5000,1.0,3021694564,20260901,,,permutation,permutation
,all_rows,3plus_labels,macro_class,s_pos_normalized_l1,1.4425619716693285e-07,1.42804776952923e-07,1.4632731923098814e-07,147,147,470,470,20,5000,5000,1.0,3021694564,20260901,,,permutation,permutation
,all_rows,3plus_labels,macro_class,s_pos_auc_target_bg,0.5372530110704119,0.5014879336094609,0.5764005757477302,145,147,409,470,19,5000,5000,1.0,3021694564,20260901,,,permutation,permutation
,all_rows,3plus_labels,macro_class,s_pos_auc_target_other,0.5703792887003248,0.5170383819074281,0.6022474652324022,140,147,408,470,19,5000,5000,1.0,3021694564,20260901,,,permutation,permutation
,all_rows,all,micro,s_last_max_abs_error,4.0659115261094175e-11,4.032291428007166e-11,4.1019427965973296e-11,1449,1449,2147,2147,,5000,5000,1.0,3021694564,20260901,,,signed_permutation,signed_permutation
,all_rows,all,micro,readout_max_abs_error,3.2954025576763844e-15,3.2573378514677252e-15,3.332012419390519e-15,1449,1449,2147,2147,,5000,5000,1.0,3021694564,20260901,,,signed_permutation,signed_permutation
,all_rows,all,micro,s_pos_map_spearman,0.9489243739081388,0.9403640971976737,0.9568641950599944,1449,1449,2147,2147,,5000,5000,1.0,3021694564,20260901,,,signed_permutation,signed_permutation
,all_rows,all,micro,s_pos_top10_jaccard,0.8534630271355559,0.8468006509116663,0.8601241671911205,1449,1449,2147,2147,,5000,5000,1.0,3021694564,20260901,,,signed_permutation,signed_permutation
,all_rows,all,micro,s_pos_normalized_l1,0.3844738149622858,0.36729849240352114,0.4028606897866174,1449,1449,2147,2147,,5000,5000,1.0,3021694564,20260901,,,signed_permutation,signed_permutation
,all_rows,all,micro,s_pos_auc_target_bg,0.5518607492643715,0.5409943418413499,0.5626432895571778,1424,1449,2004,2147,,5000,5000,1.0,3021694564,20260901,,,signed_permutation,signed_permutation
,all_rows,all,micro,s_pos_auc_target_other,0.5480103064309283,0.5376607884830132,0.5587871135594903,462,1449,1052,2147,,5000,5000,1.0,3021694564,20260901,,,signed_permutation,signed_permutation
,all_rows,all,macro_class,s_last_max_abs_error,4.074493991278213e-11,4.0409071512446014e-11,4.109858765297426e-11,1449,1449,2147,2147,20,5000,5000,1.0,3021694564,20260901,,,signed_permutation,signed_permutation
,all_rows,all,macro_class,readout_max_abs_error,3.306201677152459e-15,3.2694512941753036e-15,3.340980778661716e-15,1449,1449,2147,2147,20,5000,5000,1.0,3021694564,20260901,,,signed_permutation,signed_permutation
,all_rows,all,macro_class,s_pos_map_spearman,0.94993010460168,0.9409595660690496,0.9583112431228281,1449,1449,2147,2147,20,5000,5000,1.0,3021694564,20260901,,,signed_permutation,signed_permutation
,all_rows,all,macro_class,s_pos_top10_jaccard,0.8562714020705775,0.8492483964423755,0.8630140570637487,1449,1449,2147,2147,20,5000,5000,1.0,3021694564,20260901,,,signed_permutation,signed_permutation
,all_rows,all,macro_class,s_pos_normalized_l1,0.377193875751625,0.3624813037075031,0.3926575900753143,1449,1449,2147,2147,20,5000,5000,1.0,3021694564,20260901,,,signed_permutation,signed_permutation
,all_rows,all,macro_class,s_pos_auc_target_bg,0.5473710521906482,0.537857975405917,0.5566838726527619,1424,1449,2004,2147,20,5000,5000,1.0,3021694564,20260901,,,signed_permutation,signed_permutation
,all_rows,all,macro_class,s_pos_auc_target_other,0.5765544199449277,0.5494516007263024,0.6043000347735357,462,1449,1052,2147,20,5000,5000,1.0,3021694564,20260901,,,signed_permutation,signed_permutation
,all_rows,single_label,micro,s_last_max_abs_error,4.112250370022709e-11,4.0730057226970164e-11,4.1534572497146864e-11,927,927,927,927,,5000,5000,1.0,3021694564,20260901,,,signed_permutation,signed_permutation
,all_rows,single_label,micro,readout_max_abs_error,3.3495919690093182e-15,3.3131833606505212e-15,3.3860005773681148e-15,927,927,927,927,,5000,5000,1.0,3021694564,20260901,,,signed_permutation,signed_permutation
,all_rows,single_label,micro,s_pos_map_spearman,0.9892995839796108,0.9845385506920875,0.9932658144494834,927,927,927,927,,5000,5000,1.0,3021694564,20260901,,,signed_permutation,signed_permutation
,all_rows,single_label,micro,s_pos_top10_jaccard,0.8935717531382215,0.8884115697168894,0.8983865452253377,927,927,927,927,,5000,5000,1.0,3021694564,20260901,,,signed_permutation,signed_permutation
,all_rows,single_label,micro,s_pos_normalized_l1,0.30118990794806483,0.29052771910769987,0.31340145103879846,927,927,927,927,,5000,5000,1.0,3021694564,20260901,,,signed_permutation,signed_permutation
,all_rows,single_label,micro,s_pos_auc_target_bg,0.5648126985609668,0.5492988026233318,0.5804712150991073,912,927,912,927,,5000,5000,1.0,3021694564,20260901,,,signed_permutation,signed_permutation
,all_rows,single_label,macro_class,s_last_max_abs_error,4.105513204074638e-11,4.045537925882312e-11,4.1727104552702714e-11,927,927,927,927,20,5000,5000,1.0,3021694564,20260901,,,signed_permutation,signed_permutation
,all_rows,single_label,macro_class,readout_max_abs_error,3.3571815963624965e-15,3.315660010183792e-15,3.3966522233918448e-15,927,927,927,927,20,5000,5000,1.0,3021694564,20260901,,,signed_permutation,signed_permutation
,all_rows,single_label,macro_class,s_pos_map_spearman,0.9848151928234925,0.9752066201416444,0.9919231292830665,927,927,927,927,20,5000,5000,1.0,3021694564,20260901,,,signed_permutation,signed_permutation
,all_rows,single_label,macro_class,s_pos_top10_jaccard,0.8892237272913526,0.8803036683213821,0.8967399552560505,927,927,927,927,20,5000,5000,1.0,3021694564,20260901,,,signed_permutation,signed_permutation
,all_rows,single_label,macro_class,s_pos_normalized_l1,0.3046541788186345,0.2886227070364011,0.3236275456465911,927,927,927,927,20,5000,5000,1.0,3021694564,20260901,,,signed_permutation,signed_permutation
,all_rows,single_label,macro_class,s_pos_auc_target_bg,0.5656491154013159,0.5494565372614543,0.5810158163762965,912,927,912,927,20,5000,5000,1.0,3021694564,20260901,,,signed_permutation,signed_permutation
,all_rows,exactly_2_labels,micro,s_last_max_abs_error,4.016813666870197e-11,3.955695622911056e-11,4.0798719661931195e-11,375,375,750,750,,5000,5000,1.0,3021694564,20260901,,,signed_permutation,signed_permutation
,all_rows,exactly_2_labels,micro,readout_max_abs_error,3.273233536068195e-15,3.2069162140639187e-15,3.3395508580724707e-15,375,375,750,750,,5000,5000,1.0,3021694564,20260901,,,signed_permutation,signed_permutation
,all_rows,exactly_2_labels,micro,s_pos_map_spearman,0.9324558234757708,0.9149989291816341,0.9482124150668783,375,375,750,750,,5000,5000,1.0,3021694564,20260901,,,signed_permutation,signed_permutation
,all_rows,exactly_2_labels,micro,s_pos_top10_jaccard,0.8387495829930728,0.8260264659270405,0.8506373582563079,375,375,750,750,,5000,5000,1.0,3021694564,20260901,,,signed_permutation,signed_permutation
,all_rows,exactly_2_labels,micro,s_pos_normalized_l1,0.42897270170149004,0.3908232002307214,0.46979153945824625,375,375,750,750,,5000,5000,1.0,3021694564,20260901,,,signed_permutation,signed_permutation
,all_rows,exactly_2_labels,micro,s_pos_auc_target_bg,0.5443985892580937,0.5263512296441244,0.5624155202027961,367,375,683,750,,5000,5000,1.0,3021694564,20260901,,,signed_permutation,signed_permutation
,all_rows,exactly_2_labels,micro,s_pos_auc_target_other,0.5445135882020171,0.5327219890501563,0.5576179215950168,322,375,644,750,,5000,5000,1.0,3021694564,20260901,,,signed_permutation,signed_permutation
,all_rows,exactly_2_labels,macro_class,s_last_max_abs_error,4.0255397751648635e-11,3.95615342226463e-11,4.1013614001596285e-11,375,375,750,750,20,5000,5000,1.0,3021694564,20260901,,,signed_permutation,signed_permutation
,all_rows,exactly_2_labels,macro_class,readout_max_abs_error,3.277856839898741e-15,3.192530346823034e-15,3.3562248284094796e-15,375,375,750,750,20,5000,5000,1.0,3021694564,20260901,,,signed_permutation,signed_permutation
,all_rows,exactly_2_labels,macro_class,s_pos_map_spearman,0.9358774761307579,0.9138283806475117,0.9543712907419567,375,375,750,750,20,5000,5000,1.0,3021694564,20260901,,,signed_permutation,signed_permutation
,all_rows,exactly_2_labels,macro_class,s_pos_top10_jaccard,0.8449365075720283,0.829973467939418,0.8588241029256234,375,375,750,750,20,5000,5000,1.0,3021694564,20260901,,,signed_permutation,signed_permutation
,all_rows,exactly_2_labels,macro_class,s_pos_normalized_l1,0.4004076062441836,0.3667528311952291,0.436790076063503,375,375,750,750,20,5000,5000,1.0,3021694564,20260901,,,signed_permutation,signed_permutation
,all_rows,exactly_2_labels,macro_class,s_pos_auc_target_bg,0.5336752440135455,0.511537880484953,0.5572643351690925,367,375,683,750,20,5000,5000,1.0,3021694564,20260901,,,signed_permutation,signed_permutation
,all_rows,exactly_2_labels,macro_class,s_pos_auc_target_other,0.5773389781887717,0.5449486758224596,0.6094862723480412,322,375,644,750,20,5000,5000,1.0,3021694564,20260901,,,signed_permutation,signed_permutation
,all_rows,3plus_labels,micro,s_last_max_abs_error,4.0528631987089804e-11,3.956101108900698e-11,4.1485457818485295e-11,147,147,470,470,,5000,5000,1.0,3021694564,20260901,,,signed_permutation,signed_permutation
,all_rows,3plus_labels,micro,readout_max_abs_error,3.2238986893796035e-15,3.104861001070353e-15,3.331138714695725e-15,147,147,470,470,,5000,5000,1.0,3021694564,20260901,,,signed_permutation,signed_permutation
,all_rows,3plus_labels,micro,s_pos_map_spearman,0.8955703166486084,0.8709738062709368,0.9185200072998785,147,147,470,470,,5000,5000,1.0,3021694564,20260901,,,signed_permutation,signed_permutation
,all_rows,3plus_labels,micro,s_pos_top10_jaccard,0.7978338656512839,0.7794157830235238,0.8156995986262852,147,147,470,470,,5000,5000,1.0,3021694564,20260901,,,signed_permutation,signed_permutation
,all_rows,3plus_labels,micro,s_pos_normalized_l1,0.4777291697447947,0.4390455690973977,0.5198761510092909,147,147,470,470,,5000,5000,1.0,3021694564,20260901,,,signed_permutation,signed_permutation
,all_rows,3plus_labels,micro,s_pos_auc_target_bg,0.5354413789117862,0.5122089146155078,0.5595125339866002,145,147,409,470,,5000,5000,1.0,3021694564,20260901,,,signed_permutation,signed_permutation
,all_rows,3plus_labels,micro,s_pos_auc_target_other,0.5535296361844055,0.5351499040008837,0.572109038650813,140,147,408,470,,5000,5000,1.0,3021694564,20260901,,,signed_permutation,signed_permutation
,all_rows,3plus_labels,macro_class,s_last_max_abs_error,3.9958506117767966e-11,3.902078761747964e-11,4.1133358586506815e-11,147,147,470,470,20,5000,5000,1.0,3021694564,20260901,,,signed_permutation,signed_permutation
,all_rows,3plus_labels,macro_class,readout_max_abs_error,3.25536047993006e-15,3.1065857602249597e-15,3.379055812043759e-15,147,147,470,470,20,5000,5000,1.0,3021694564,20260901,,,signed_permutation,signed_permutation
,all_rows,3plus_labels,macro_class,s_pos_map_spearman,0.9200050376626567,0.8963656726974449,0.9359350855002624,147,147,470,470,20,5000,5000,1.0,3021694564,20260901,,,signed_permutation,signed_permutation
,all_rows,3plus_labels,macro_class,s_pos_top10_jaccard,0.8181588478634356,0.7973085631686462,0.8343850525639952,147,147,470,470,20,5000,5000,1.0,3021694564,20260901,,,signed_permutation,signed_permutation
,all_rows,3plus_labels,macro_class,s_pos_normalized_l1,0.4661596765301135,0.4160469514386514,0.5419365556617542,147,147,470,470,20,5000,5000,1.0,3021694564,20260901,,,signed_permutation,signed_permutation
,all_rows,3plus_labels,macro_class,s_pos_auc_target_bg,0.5400465139881263,0.5051434994494339,0.5783142503021282,145,147,409,470,19,5000,5000,1.0,3021694564,20260901,,,signed_permutation,signed_permutation
,all_rows,3plus_labels,macro_class,s_pos_auc_target_other,0.603820121201438,0.5497512181938803,0.6375415680202539,140,147,408,470,19,5000,5000,1.0,3021694564,20260901,,,signed_permutation,signed_permutation
