relation,scope,stratum,aggregation,metric,estimate,ci_low,ci_high,num_images,num_images_total,num_rows,num_rows_total,num_classes,bootstrap_repeats,bootstrap_valid_repeats,bootstrap_valid_fraction,bootstrap_seed,bootstrap_base_seed,class_id,class_name,comparison
,all_rows,all,micro,binary_mask_jaccard,0.6751601965200029,0.6676586094673784,0.6824778004846626,1449,1449,2147,2147,,5000,5000,1.0,3021694564,20260901,,,different_class_other_images
,all_rows,all,micro,binary_mask_cosine,0.768199686962169,0.7613016469913241,0.7750049065583142,1449,1449,2147,2147,,5000,5000,1.0,3021694564,20260901,,,different_class_other_images
,all_rows,all,micro,relu_token_cosine,0.7687319566933399,0.7594899351109679,0.7777999197405264,1449,1449,2147,2147,,5000,5000,1.0,3021694564,20260901,,,different_class_other_images
,all_rows,all,macro_class,binary_mask_jaccard,0.6730743331334073,0.665385263245529,0.6807273593263694,1449,1449,2147,2147,20,5000,5000,1.0,3021694564,20260901,,,different_class_other_images
,all_rows,all,macro_class,binary_mask_cosine,0.7666683540738465,0.7595330724358114,0.7737879618800018,1449,1449,2147,2147,20,5000,5000,1.0,3021694564,20260901,,,different_class_other_images
,all_rows,all,macro_class,relu_token_cosine,0.768217663818574,0.7587106447456462,0.7776709908874262,1449,1449,2147,2147,20,5000,5000,1.0,3021694564,20260901,,,different_class_other_images
,per_class,all,micro,binary_mask_jaccard,0.7594147089454862,0.7378213534504175,0.7761358428663678,90,90,90,90,,5000,5000,1.0,3021694564,20260901,0,aeroplane,different_class_other_images
,per_class,all,micro,binary_mask_cosine,0.8341277387407091,0.815526098128822,0.848075661742025,90,90,90,90,,5000,5000,1.0,3021694564,20260901,0,aeroplane,different_class_other_images
,per_class,all,micro,relu_token_cosine,0.8455060200558768,0.819650976864828,0.8644078963167138,90,90,90,90,,5000,5000,1.0,3021694564,20260901,0,aeroplane,different_class_other_images
,per_class,all,micro,binary_mask_jaccard,0.6911241556458836,0.6481631662342933,0.7279047998092786,79,79,79,79,,5000,5000,1.0,3021694564,20260901,1,bicycle,different_class_other_images
,per_class,all,micro,binary_mask_cosine,0.7779874535678308,0.7366723586251087,0.8132979853621012,79,79,79,79,,5000,5000,1.0,3021694564,20260901,1,bicycle,different_class_other_images
,per_class,all,micro,relu_token_cosine,0.7877293669536144,0.7345884079962403,0.8317946713889324,79,79,79,79,,5000,5000,1.0,3021694564,20260901,1,bicycle,different_class_other_images
,per_class,all,micro,binary_mask_jaccard,0.7346348345135022,0.7026309018466369,0.7604132337115922,103,103,103,103,,5000,5000,1.0,3021694564,20260901,2,bird,different_class_other_images
,per_class,all,micro,binary_mask_cosine,0.8087697509423043,0.7763125318599846,0.8346861706956209,103,103,103,103,,5000,5000,1.0,3021694564,20260901,2,bird,different_class_other_images
,per_class,all,micro,relu_token_cosine,0.8207718632319598,0.7825699917791249,0.8514660750922648,103,103,103,103,,5000,5000,1.0,3021694564,20260901,2,bird,different_class_other_images
,per_class,all,micro,binary_mask_jaccard,0.7257734135621123,0.7079526399262249,0.7419993640647995,72,72,72,72,,5000,5000,1.0,3021694564,20260901,3,boat,different_class_other_images
,per_class,all,micro,binary_mask_cosine,0.8192047617501683,0.8067321971679727,0.8304308952349756,72,72,72,72,,5000,5000,1.0,3021694564,20260901,3,boat,different_class_other_images
,per_class,all,micro,relu_token_cosine,0.8414386974440681,0.8328119792251123,0.8491290281009343,72,72,72,72,,5000,5000,1.0,3021694564,20260901,3,boat,different_class_other_images
,per_class,all,micro,binary_mask_jaccard,0.5880611965743204,0.5392559201223776,0.6342081499383009,96,96,96,96,,5000,5000,1.0,3021694564,20260901,4,bottle,different_class_other_images
,per_class,all,micro,binary_mask_cosine,0.6911546767999729,0.6441380170794825,0.7352579957766768,96,96,96,96,,5000,5000,1.0,3021694564,20260901,4,bottle,different_class_other_images
,per_class,all,micro,relu_token_cosine,0.6647645108556995,0.6000500765318671,0.7254817318617521,96,96,96,96,,5000,5000,1.0,3021694564,20260901,4,bottle,different_class_other_images
,per_class,all,micro,binary_mask_jaccard,0.6907168279427129,0.646919522947959,0.7291414056577392,74,74,74,74,,5000,5000,1.0,3021694564,20260901,5,bus,different_class_other_images
,per_class,all,micro,binary_mask_cosine,0.777053322139624,0.7344130828422871,0.8136649024345585,74,74,74,74,,5000,5000,1.0,3021694564,20260901,5,bus,different_class_other_images
,per_class,all,micro,relu_token_cosine,0.7789509838094583,0.7224407975410893,0.8289769517434006,74,74,74,74,,5000,5000,1.0,3021694564,20260901,5,bus,different_class_other_images
,per_class,all,micro,binary_mask_jaccard,0.6523379341471852,0.6182074649142115,0.6854151026529121,127,127,127,127,,5000,5000,1.0,3021694564,20260901,6,car,different_class_other_images
,per_class,all,micro,binary_mask_cosine,0.7502900918168346,0.718797742408209,0.780073208860525,127,127,127,127,,5000,5000,1.0,3021694564,20260901,6,car,different_class_other_images
,per_class,all,micro,relu_token_cosine,0.7407392580208816,0.697620643475863,0.7821102185189489,127,127,127,127,,5000,5000,1.0,3021694564,20260901,6,car,different_class_other_images
,per_class,all,micro,binary_mask_jaccard,0.7362586492750826,0.7102048245297761,0.7574861734542025,119,119,119,119,,5000,5000,1.0,3021694564,20260901,7,cat,different_class_other_images
,per_class,all,micro,binary_mask_cosine,0.8152830652078661,0.792183507819261,0.833847939273139,119,119,119,119,,5000,5000,1.0,3021694564,20260901,7,cat,different_class_other_images
,per_class,all,micro,relu_token_cosine,0.8245674929573756,0.7938323996569805,0.8493088307062617,119,119,119,119,,5000,5000,1.0,3021694564,20260901,7,cat,different_class_other_images
,per_class,all,micro,binary_mask_jaccard,0.5511889133026929,0.5107004310542006,0.5903255886436114,123,123,123,123,,5000,5000,1.0,3021694564,20260901,8,chair,different_class_other_images
,per_class,all,micro,binary_mask_cosine,0.6680937488146914,0.6297434940025574,0.7048811564539991,123,123,123,123,,5000,5000,1.0,3021694564,20260901,8,chair,different_class_other_images
,per_class,all,micro,relu_token_cosine,0.6529298431989623,0.6005603255476893,0.7026819972836268,123,123,123,123,,5000,5000,1.0,3021694564,20260901,8,chair,different_class_other_images
,per_class,all,micro,binary_mask_jaccard,0.6846374827371516,0.6549096554097995,0.708738381531037,71,71,71,71,,5000,5000,1.0,3021694564,20260901,9,cow,different_class_other_images
,per_class,all,micro,binary_mask_cosine,0.7866808199126956,0.758031732001355,0.8098857982267796,71,71,71,71,,5000,5000,1.0,3021694564,20260901,9,cow,different_class_other_images
,per_class,all,micro,relu_token_cosine,0.8013071925707267,0.762968661174388,0.8325554490509167,71,71,71,71,,5000,5000,1.0,3021694564,20260901,9,cow,different_class_other_images
,per_class,all,micro,binary_mask_jaccard,0.5153993472456933,0.46239106138795616,0.5659978446563084,75,75,75,75,,5000,5000,1.0,3021694564,20260901,10,diningtable,different_class_other_images
,per_class,all,micro,binary_mask_cosine,0.634053292075793,0.5800764931490023,0.6841190210133791,75,75,75,75,,5000,5000,1.0,3021694564,20260901,10,diningtable,different_class_other_images
,per_class,all,micro,relu_token_cosine,0.5815630361437798,0.5076701080178221,0.6520791315014164,75,75,75,75,,5000,5000,1.0,3021694564,20260901,10,diningtable,different_class_other_images
,per_class,all,micro,binary_mask_jaccard,0.7508527177851647,0.7346299476164859,0.7630591937340796,128,128,128,128,,5000,5000,1.0,3021694564,20260901,11,dog,different_class_other_images
,per_class,all,micro,binary_mask_cosine,0.8281186106614769,0.812807839573361,0.8390803580987267,128,128,128,128,,5000,5000,1.0,3021694564,20260901,11,dog,different_class_other_images
,per_class,all,micro,relu_token_cosine,0.8444441123865545,0.8255998697248288,0.8578530139289796,128,128,128,128,,5000,5000,1.0,3021694564,20260901,11,dog,different_class_other_images
,per_class,all,micro,binary_mask_jaccard,0.713665294496319,0.6805873324693757,0.7418818043662778,79,79,79,79,,5000,5000,1.0,3021694564,20260901,12,horse,different_class_other_images
,per_class,all,micro,binary_mask_cosine,0.8008128234857246,0.7704309880450556,0.82581086455361,79,79,79,79,,5000,5000,1.0,3021694564,20260901,12,horse,different_class_other_images
,per_class,all,micro,relu_token_cosine,0.8105450545119334,0.769199955105027,0.8462189137416927,79,79,79,79,,5000,5000,1.0,3021694564,20260901,12,horse,different_class_other_images
,per_class,all,micro,binary_mask_jaccard,0.7320933171400898,0.7051142345966869,0.7535586029291153,76,76,76,76,,5000,5000,1.0,3021694564,20260901,13,motorbike,different_class_other_images
,per_class,all,micro,binary_mask_cosine,0.8180490206730994,0.7933395117325218,0.8368741636605639,76,76,76,76,,5000,5000,1.0,3021694564,20260901,13,motorbike,different_class_other_images
,per_class,all,micro,relu_token_cosine,0.8360111254610514,0.8040410735497349,0.8584108232471503,76,76,76,76,,5000,5000,1.0,3021694564,20260901,13,motorbike,different_class_other_images
,per_class,all,micro,binary_mask_jaccard,0.687341075365463,0.6717742052339436,0.7016771969157324,445,445,445,445,,5000,5000,1.0,3021694564,20260901,14,person,different_class_other_images
,per_class,all,micro,binary_mask_cosine,0.778974073288146,0.7650523058408767,0.7918396252896008,445,445,445,445,,5000,5000,1.0,3021694564,20260901,14,person,different_class_other_images
,per_class,all,micro,relu_token_cosine,0.775705207147625,0.7558668424770906,0.7938300454624918,445,445,445,445,,5000,5000,1.0,3021694564,20260901,14,person,different_class_other_images
,per_class,all,micro,binary_mask_jaccard,0.5429650248850093,0.4925319656269515,0.5919601219651454,85,85,85,85,,5000,5000,1.0,3021694564,20260901,15,pottedplant,different_class_other_images
,per_class,all,micro,binary_mask_cosine,0.6543900214573917,0.6032370471296942,0.7022663006493274,85,85,85,85,,5000,5000,1.0,3021694564,20260901,15,pottedplant,different_class_other_images
,per_class,all,micro,relu_token_cosine,0.6497382773195997,0.5806064876125139,0.7162955099234686,85,85,85,85,,5000,5000,1.0,3021694564,20260901,15,pottedplant,different_class_other_images
,per_class,all,micro,binary_mask_jaccard,0.6881563271346846,0.6421897631399988,0.726655240017071,57,57,57,57,,5000,5000,1.0,3021694564,20260901,16,sheep,different_class_other_images
,per_class,all,micro,binary_mask_cosine,0.78229322009965,0.7388712306817373,0.8183401563449909,57,57,57,57,,5000,5000,1.0,3021694564,20260901,16,sheep,different_class_other_images
,per_class,all,micro,relu_token_cosine,0.7859161007299758,0.7291707685053871,0.8308819919889956,57,57,57,57,,5000,5000,1.0,3021694564,20260901,16,sheep,different_class_other_images
,per_class,all,micro,binary_mask_jaccard,0.595705110165808,0.5550303423528871,0.6331172843856944,90,90,90,90,,5000,5000,1.0,3021694564,20260901,17,sofa,different_class_other_images
,per_class,all,micro,binary_mask_cosine,0.7114408433437347,0.6730962503204744,0.7465237983812889,90,90,90,90,,5000,5000,1.0,3021694564,20260901,17,sofa,different_class_other_images
,per_class,all,micro,relu_token_cosine,0.7125424962076876,0.6579940470846163,0.7636055168530179,90,90,90,90,,5000,5000,1.0,3021694564,20260901,17,sofa,different_class_other_images
,per_class,all,micro,binary_mask_jaccard,0.7459831390352476,0.7275880716208901,0.7592789345199153,84,84,84,84,,5000,5000,1.0,3021694564,20260901,18,train,different_class_other_images
,per_class,all,micro,binary_mask_cosine,0.829424201023011,0.8126254249186743,0.8405868678398075,84,84,84,84,,5000,5000,1.0,3021694564,20260901,18,train,different_class_other_images
,per_class,all,micro,relu_token_cosine,0.8459789180862052,0.8259210047799916,0.8576915615193901,84,84,84,84,,5000,5000,1.0,3021694564,20260901,18,train,different_class_other_images
,per_class,all,micro,binary_mask_jaccard,0.675177192768535,0.6308909649633475,0.7150450610127803,74,74,74,74,,5000,5000,1.0,3021694564,20260901,19,tvmonitor,different_class_other_images
,per_class,all,micro,binary_mask_cosine,0.7671655456762057,0.7265262646952997,0.8029143257922418,74,74,74,74,,5000,5000,1.0,3021694564,20260901,19,tvmonitor,different_class_other_images
,per_class,all,micro,relu_token_cosine,0.7632037192784451,0.7065555784071016,0.813248254346183,74,74,74,74,,5000,5000,1.0,3021694564,20260901,19,tvmonitor,different_class_other_images
,all_rows,all,micro,binary_mask_jaccard,0.5205403559611246,0.5005037547886637,0.5419380897409009,522,522,906,906,,5000,5000,1.0,3021694564,20260901,,,positive_classes_same_image
,all_rows,all,micro,binary_mask_cosine,0.6362360790995388,0.6162819269845441,0.6570995207588517,522,522,906,906,,5000,5000,1.0,3021694564,20260901,,,positive_classes_same_image
,all_rows,all,micro,relu_token_cosine,0.5998037335627151,0.5719306629435147,0.6292089112542907,522,522,906,906,,5000,5000,1.0,3021694564,20260901,,,positive_classes_same_image
,all_rows,all,macro_class,binary_mask_jaccard,0.5163582847763284,0.4936113978755065,0.5410681127437387,522,522,906,906,17,5000,5000,1.0,3021694564,20260901,,,positive_classes_same_image
,all_rows,all,macro_class,binary_mask_cosine,0.6289866973041701,0.6056994093880728,0.6542587689533846,522,522,906,906,17,5000,5000,1.0,3021694564,20260901,,,positive_classes_same_image
,all_rows,all,macro_class,relu_token_cosine,0.5937177192902349,0.5628775055789152,0.6270219532343756,522,522,906,906,17,5000,5000,1.0,3021694564,20260901,,,positive_classes_same_image
,per_class,all,micro,binary_mask_jaccard,0.4625373315735287,0.3029139857595102,0.6167270313362845,17,17,19,19,,5000,5000,1.0,3021694564,20260901,0,aeroplane,positive_classes_same_image
,per_class,all,micro,binary_mask_cosine,0.5642994507571361,0.40286265760522083,0.717423642620704,17,17,19,19,,5000,5000,1.0,3021694564,20260901,0,aeroplane,positive_classes_same_image
,per_class,all,micro,relu_token_cosine,0.48244009239812113,0.27702944059719026,0.6814296695780802,17,17,19,19,,5000,5000,1.0,3021694564,20260901,0,aeroplane,positive_classes_same_image
,per_class,all,micro,binary_mask_jaccard,0.5575006309584615,0.4733002195014116,0.6438976830810487,50,50,67,67,,5000,5000,1.0,3021694564,20260901,1,bicycle,positive_classes_same_image
,per_class,all,micro,binary_mask_cosine,0.6558316274394952,0.5704556868992671,0.7407676934343149,50,50,67,67,,5000,5000,1.0,3021694564,20260901,1,bicycle,positive_classes_same_image
,per_class,all,micro,relu_token_cosine,0.6358346952208951,0.5248754291167336,0.7499935158480272,50,50,67,67,,5000,5000,1.0,3021694564,20260901,1,bicycle,positive_classes_same_image
,per_class,all,micro,binary_mask_jaccard,0.2039296122297881,0.08017877897573643,0.3573829310902602,9,9,12,12,,5000,5000,1.0,3021694564,20260901,2,bird,positive_classes_same_image
,per_class,all,micro,binary_mask_cosine,0.28404170203881157,0.1498146419428238,0.4425632137567781,9,9,12,12,,5000,5000,1.0,3021694564,20260901,2,bird,positive_classes_same_image
,per_class,all,micro,relu_token_cosine,0.1676967401924863,0.009587628660042757,0.37391448570094205,9,9,12,12,,5000,5000,1.0,3021694564,20260901,2,bird,positive_classes_same_image
,per_class,all,micro,binary_mask_jaccard,0.5850056015085477,0.4881043064337918,0.6801667687635677,21,21,24,24,,5000,5000,1.0,3021694564,20260901,3,boat,positive_classes_same_image
,per_class,all,micro,binary_mask_cosine,0.7013465462345218,0.6090146003811105,0.7909863019841635,21,21,24,24,,5000,5000,1.0,3021694564,20260901,3,boat,positive_classes_same_image
,per_class,all,micro,relu_token_cosine,0.6724782689761487,0.5369831851810746,0.7977770940309344,21,21,24,24,,5000,5000,1.0,3021694564,20260901,3,boat,positive_classes_same_image
,per_class,all,micro,binary_mask_jaccard,0.442562929661191,0.38550399967567206,0.5025275911713768,59,59,101,101,,5000,5000,1.0,3021694564,20260901,4,bottle,positive_classes_same_image
,per_class,all,micro,binary_mask_cosine,0.5620480366203948,0.5050485731007758,0.621738083181581,59,59,101,101,,5000,5000,1.0,3021694564,20260901,4,bottle,positive_classes_same_image
,per_class,all,micro,relu_token_cosine,0.4797548513146731,0.3971992551076148,0.5653034834277478,59,59,101,101,,5000,5000,1.0,3021694564,20260901,4,bottle,positive_classes_same_image
,per_class,all,micro,binary_mask_jaccard,0.5697207311105,0.5028993470363493,0.6298471594219323,38,38,51,51,,5000,5000,1.0,3021694564,20260901,5,bus,positive_classes_same_image
,per_class,all,micro,binary_mask_cosine,0.698660193590215,0.6339545421303013,0.7558772744520086,38,38,51,51,,5000,5000,1.0,3021694564,20260901,5,bus,positive_classes_same_image
,per_class,all,micro,relu_token_cosine,0.6531504307260493,0.5544195070275961,0.7422497670199666,38,38,51,51,,5000,5000,1.0,3021694564,20260901,5,bus,positive_classes_same_image
,per_class,all,micro,binary_mask_jaccard,0.5639138431925987,0.5003812852350787,0.6235653374565944,62,62,81,81,,5000,5000,1.0,3021694564,20260901,6,car,positive_classes_same_image
,per_class,all,micro,binary_mask_cosine,0.6784005634540181,0.6156022233750018,0.7360396486505308,62,62,81,81,,5000,5000,1.0,3021694564,20260901,6,car,positive_classes_same_image
,per_class,all,micro,relu_token_cosine,0.6580256753345146,0.5752725371252287,0.7350806788579263,62,62,81,81,,5000,5000,1.0,3021694564,20260901,6,car,positive_classes_same_image
,per_class,all,micro,binary_mask_jaccard,0.4782916377706779,0.39859992679995715,0.5593956432990232,29,29,41,41,,5000,5000,1.0,3021694564,20260901,7,cat,positive_classes_same_image
,per_class,all,micro,binary_mask_cosine,0.5987698438705347,0.5164084108739039,0.6792379323323801,29,29,41,41,,5000,5000,1.0,3021694564,20260901,7,cat,positive_classes_same_image
,per_class,all,micro,relu_token_cosine,0.5795672692039063,0.4638308617428469,0.6952589697653779,29,29,41,41,,5000,5000,1.0,3021694564,20260901,7,cat,positive_classes_same_image
,per_class,all,micro,binary_mask_jaccard,0.4560031945065829,0.4136145615797349,0.49673394539923565,103,103,167,167,,5000,5000,1.0,3021694564,20260901,8,chair,positive_classes_same_image
,per_class,all,micro,binary_mask_cosine,0.5863833527308123,0.5424135045044312,0.6282431005981407,103,103,167,167,,5000,5000,1.0,3021694564,20260901,8,chair,positive_classes_same_image
,per_class,all,micro,relu_token_cosine,0.5399645746164214,0.47736889717022896,0.600390054584355,103,103,167,167,,5000,5000,1.0,3021694564,20260901,8,chair,positive_classes_same_image
,per_class,all,micro,binary_mask_jaccard,0.4671448445945642,0.3399080683548253,0.6004000485237683,14,14,16,16,,5000,5000,1.0,3021694564,20260901,9,cow,positive_classes_same_image
,per_class,all,micro,binary_mask_cosine,0.5992672175221703,0.46023495859573776,0.7379314153386245,14,14,16,16,,5000,5000,1.0,3021694564,20260901,9,cow,positive_classes_same_image
,per_class,all,micro,relu_token_cosine,0.5554695537644939,0.3547043609995665,0.7545353153403624,14,14,16,16,,5000,5000,1.0,3021694564,20260901,9,cow,positive_classes_same_image
,per_class,all,micro,binary_mask_jaccard,0.45465229504324994,0.38598099760415405,0.5273217129872693,55,55,67,67,,5000,5000,1.0,3021694564,20260901,10,diningtable,positive_classes_same_image
,per_class,all,micro,binary_mask_cosine,0.5757750082534432,0.503066908007473,0.6491761819676821,55,55,67,67,,5000,5000,1.0,3021694564,20260901,10,diningtable,positive_classes_same_image
,per_class,all,micro,relu_token_cosine,0.5089404603551259,0.41405222292292376,0.6089659940034046,55,55,67,67,,5000,5000,1.0,3021694564,20260901,10,diningtable,positive_classes_same_image
,per_class,all,micro,binary_mask_jaccard,0.5809118215798114,0.48393327328915037,0.6749007844684638,40,40,49,49,,5000,5000,1.0,3021694564,20260901,11,dog,positive_classes_same_image
,per_class,all,micro,binary_mask_cosine,0.6758592892357838,0.5792201476669379,0.7698978293023885,40,40,49,49,,5000,5000,1.0,3021694564,20260901,11,dog,positive_classes_same_image
,per_class,all,micro,relu_token_cosine,0.6585489984024483,0.5301624677119355,0.7819958688438589,40,40,49,49,,5000,5000,1.0,3021694564,20260901,11,dog,positive_classes_same_image
,per_class,all,micro,binary_mask_jaccard,0.7624827637885543,0.6830172833232736,0.8258792480139835,35,35,35,35,,5000,5000,1.0,3021694564,20260901,12,horse,positive_classes_same_image
,per_class,all,micro,binary_mask_cosine,0.8386790170509841,0.7574600546310958,0.9036290812813627,35,35,35,35,,5000,5000,1.0,3021694564,20260901,12,horse,positive_classes_same_image
,per_class,all,micro,relu_token_cosine,0.8685443062895505,0.7671672654987592,0.9484303752213972,35,35,35,35,,5000,5000,1.0,3021694564,20260901,12,horse,positive_classes_same_image
,per_class,all,micro,binary_mask_jaccard,0.7015708385975401,0.6436990739930168,0.7553488928691336,48,48,50,50,,5000,5000,1.0,3021694564,20260901,13,motorbike,positive_classes_same_image
,per_class,all,micro,binary_mask_cosine,0.804260840636563,0.7521279530800364,0.8516956671881386,48,48,50,50,,5000,5000,1.0,3021694564,20260901,13,motorbike,positive_classes_same_image
,per_class,all,micro,relu_token_cosine,0.8298319661742504,0.7594634148496305,0.8955143201572584,48,48,50,50,,5000,5000,1.0,3021694564,20260901,13,motorbike,positive_classes_same_image
,per_class,all,micro,binary_mask_jaccard,0.5504218790220615,0.49188448439458554,0.6084434006588337,82,82,89,89,,5000,5000,1.0,3021694564,20260901,14,person,positive_classes_same_image
,per_class,all,micro,binary_mask_cosine,0.6699263810062421,0.6132223292940892,0.7259325996133705,82,82,89,89,,5000,5000,1.0,3021694564,20260901,14,person,positive_classes_same_image
,per_class,all,micro,relu_token_cosine,0.6402929080960189,0.558914185445362,0.7213087935287862,82,82,89,89,,5000,5000,1.0,3021694564,20260901,14,person,positive_classes_same_image
,per_class,all,micro,binary_mask_jaccard,0.42466474921343494,0.3176418709773822,0.5336685481241262,26,26,27,27,,5000,5000,1.0,3021694564,20260901,15,pottedplant,positive_classes_same_image
,per_class,all,micro,binary_mask_cosine,0.5433706605663473,0.4277376309581617,0.6587014684922006,26,26,27,27,,5000,5000,1.0,3021694564,20260901,15,pottedplant,positive_classes_same_image
,per_class,all,micro,relu_token_cosine,0.5142339082754518,0.353911126041478,0.6753411298341758,26,26,27,27,,5000,5000,1.0,3021694564,20260901,15,pottedplant,positive_classes_same_image
,per_class,all,micro,binary_mask_jaccard,0.516776136846492,0.37337395535870604,0.6430057976523759,10,10,10,10,,5000,5000,1.0,3021694564,20260901,17,sofa,positive_classes_same_image
,per_class,all,micro,binary_mask_cosine,0.6558541231634176,0.5122778183373884,0.7753908569950866,10,10,10,10,,5000,5000,1.0,3021694564,20260901,17,sofa,positive_classes_same_image
,per_class,all,micro,relu_token_cosine,0.6484265285934379,0.4518522142668651,0.8188460028927776,10,10,10,10,,5000,5000,1.0,3021694564,20260901,17,sofa,positive_classes_same_image
,all_rows,all,micro,binary_mask_jaccard,0.7561368590795999,0.7477659172879842,0.7644250689771336,1449,1449,2147,2147,,5000,5000,1.0,3021694564,20260901,,,same_class_other_images
,all_rows,all,micro,binary_mask_cosine,0.825309477160018,0.8182387359725428,0.8323058575446415,1449,1449,2147,2147,,5000,5000,1.0,3021694564,20260901,,,same_class_other_images
,all_rows,all,micro,relu_token_cosine,0.8226534290496011,0.813464860769388,0.831768471728156,1449,1449,2147,2147,,5000,5000,1.0,3021694564,20260901,,,same_class_other_images
,all_rows,all,macro_class,binary_mask_jaccard,0.7516928652201751,0.7440156369907034,0.7587837845100973,1449,1449,2147,2147,20,5000,5000,1.0,3021694564,20260901,,,same_class_other_images
,all_rows,all,macro_class,binary_mask_cosine,0.8215479738504572,0.8147399235729371,0.8278921061046978,1449,1449,2147,2147,20,5000,5000,1.0,3021694564,20260901,,,same_class_other_images
,all_rows,all,macro_class,relu_token_cosine,0.8205390453047341,0.811709110676018,0.8287929689273462,1449,1449,2147,2147,20,5000,5000,1.0,3021694564,20260901,,,same_class_other_images
,per_class,all,micro,binary_mask_jaccard,0.9021490471230613,0.8742720383571254,0.923361518341634,90,90,90,90,,5000,5000,1.0,3021694564,20260901,0,aeroplane,same_class_other_images
,per_class,all,micro,binary_mask_cosine,0.9373282091485129,0.9148762391010921,0.9542098047667079,90,90,90,90,,5000,5000,1.0,3021694564,20260901,0,aeroplane,same_class_other_images
,per_class,all,micro,relu_token_cosine,0.9482024892750713,0.9172209712945752,0.9705807542966471,90,90,90,90,,5000,5000,1.0,3021694564,20260901,0,aeroplane,same_class_other_images
,per_class,all,micro,binary_mask_jaccard,0.7469836426309392,0.7006552396507203,0.7866302413465102,79,79,79,79,,5000,5000,1.0,3021694564,20260901,1,bicycle,same_class_other_images
,per_class,all,micro,binary_mask_cosine,0.8105921468025521,0.7677774697306412,0.8471574744940558,79,79,79,79,,5000,5000,1.0,3021694564,20260901,1,bicycle,same_class_other_images
,per_class,all,micro,relu_token_cosine,0.8218697265167779,0.7662448075187357,0.8675135394275377,79,79,79,79,,5000,5000,1.0,3021694564,20260901,1,bicycle,same_class_other_images
,per_class,all,micro,binary_mask_jaccard,0.8325213162789067,0.7941190632313345,0.8635871408688066,103,103,103,103,,5000,5000,1.0,3021694564,20260901,2,bird,same_class_other_images
,per_class,all,micro,binary_mask_cosine,0.8694830830525426,0.8317017036951283,0.8997315136336007,103,103,103,103,,5000,5000,1.0,3021694564,20260901,2,bird,same_class_other_images
,per_class,all,micro,relu_token_cosine,0.8842915909599911,0.841312626615456,0.918800659446968,103,103,103,103,,5000,5000,1.0,3021694564,20260901,2,bird,same_class_other_images
,per_class,all,micro,binary_mask_jaccard,0.8579704579379823,0.8375716549654803,0.8765427122720414,72,72,72,72,,5000,5000,1.0,3021694564,20260901,3,boat,same_class_other_images
,per_class,all,micro,binary_mask_cosine,0.9204375495513281,0.907698537160953,0.9317581589851114,72,72,72,72,,5000,5000,1.0,3021694564,20260901,3,boat,same_class_other_images
,per_class,all,micro,relu_token_cosine,0.9703638735744688,0.9636316315995322,0.9763118337011999,72,72,72,72,,5000,5000,1.0,3021694564,20260901,3,boat,same_class_other_images
,per_class,all,micro,binary_mask_jaccard,0.5694966845524808,0.5344340138603001,0.6021334673743695,96,96,96,96,,5000,5000,1.0,3021694564,20260901,4,bottle,same_class_other_images
,per_class,all,micro,binary_mask_cosine,0.6717791017144918,0.6399005659312631,0.7016255821489419,96,96,96,96,,5000,5000,1.0,3021694564,20260901,4,bottle,same_class_other_images
,per_class,all,micro,relu_token_cosine,0.6265857185547551,0.5831716379499994,0.6671907308589046,96,96,96,96,,5000,5000,1.0,3021694564,20260901,4,bottle,same_class_other_images
,per_class,all,micro,binary_mask_jaccard,0.7728098029824527,0.7241673793593372,0.8156607104691903,74,74,74,74,,5000,5000,1.0,3021694564,20260901,5,bus,same_class_other_images
,per_class,all,micro,binary_mask_cosine,0.8249863680150058,0.7813899088550258,0.8624197113654902,74,74,74,74,,5000,5000,1.0,3021694564,20260901,5,bus,same_class_other_images
,per_class,all,micro,relu_token_cosine,0.8054934055418581,0.7481461332708195,0.8558729368110968,74,74,74,74,,5000,5000,1.0,3021694564,20260901,5,bus,same_class_other_images
,per_class,all,micro,binary_mask_jaccard,0.6726618962377076,0.6407926529587255,0.7032710417019804,127,127,127,127,,5000,5000,1.0,3021694564,20260901,6,car,same_class_other_images
,per_class,all,micro,binary_mask_cosine,0.7642318394005768,0.7350420205817213,0.7913221321002705,127,127,127,127,,5000,5000,1.0,3021694564,20260901,6,car,same_class_other_images
,per_class,all,micro,relu_token_cosine,0.7474654058771809,0.7095554406615341,0.7833467124235325,127,127,127,127,,5000,5000,1.0,3021694564,20260901,6,car,same_class_other_images
,per_class,all,micro,binary_mask_jaccard,0.8435531075136,0.8119278056656613,0.8697121536171362,119,119,119,119,,5000,5000,1.0,3021694564,20260901,7,cat,same_class_other_images
,per_class,all,micro,binary_mask_cosine,0.8920701330198961,0.8645957211142077,0.9139755153011123,119,119,119,119,,5000,5000,1.0,3021694564,20260901,7,cat,same_class_other_images
,per_class,all,micro,relu_token_cosine,0.8983782735034949,0.8631897322164395,0.9263225411064923,119,119,119,119,,5000,5000,1.0,3021694564,20260901,7,cat,same_class_other_images
,per_class,all,micro,binary_mask_jaccard,0.5645018469511978,0.5377894394311721,0.5903133888736488,123,123,123,123,,5000,5000,1.0,3021694564,20260901,8,chair,same_class_other_images
,per_class,all,micro,binary_mask_cosine,0.6824545574382068,0.6584514419843511,0.7056150906696552,123,123,123,123,,5000,5000,1.0,3021694564,20260901,8,chair,same_class_other_images
,per_class,all,micro,relu_token_cosine,0.6594359810517086,0.6232237406196148,0.6926203402289287,123,123,123,123,,5000,5000,1.0,3021694564,20260901,8,chair,same_class_other_images
,per_class,all,micro,binary_mask_jaccard,0.8174506511906503,0.7836238745704923,0.8451460276691006,71,71,71,71,,5000,5000,1.0,3021694564,20260901,9,cow,same_class_other_images
,per_class,all,micro,binary_mask_cosine,0.8814628682505916,0.8513419220879883,0.9058782691896801,71,71,71,71,,5000,5000,1.0,3021694564,20260901,9,cow,same_class_other_images
,per_class,all,micro,relu_token_cosine,0.9085230668875534,0.8618676416444736,0.945034395620017,71,71,71,71,,5000,5000,1.0,3021694564,20260901,9,cow,same_class_other_images
,per_class,all,micro,binary_mask_jaccard,0.5357686154047648,0.503149117042621,0.5654119631846746,75,75,75,75,,5000,5000,1.0,3021694564,20260901,10,diningtable,same_class_other_images
,per_class,all,micro,binary_mask_cosine,0.6527183699607849,0.6213679680426916,0.6803763215442499,75,75,75,75,,5000,5000,1.0,3021694564,20260901,10,diningtable,same_class_other_images
,per_class,all,micro,relu_token_cosine,0.5789369686444601,0.5373466808249553,0.6164820258369048,75,75,75,75,,5000,5000,1.0,3021694564,20260901,10,diningtable,same_class_other_images
,per_class,all,micro,binary_mask_jaccard,0.8751131781609729,0.8538360875085346,0.8908187008579261,128,128,128,128,,5000,5000,1.0,3021694564,20260901,11,dog,same_class_other_images
,per_class,all,micro,binary_mask_cosine,0.9221138772554696,0.9023914921097458,0.9360456945607438,128,128,128,128,,5000,5000,1.0,3021694564,20260901,11,dog,same_class_other_images
,per_class,all,micro,relu_token_cosine,0.9509087867845665,0.927574041254411,0.9670646311365999,128,128,128,128,,5000,5000,1.0,3021694564,20260901,11,dog,same_class_other_images
,per_class,all,micro,binary_mask_jaccard,0.8011889979243279,0.762354658463899,0.834591050950598,79,79,79,79,,5000,5000,1.0,3021694564,20260901,12,horse,same_class_other_images
,per_class,all,micro,binary_mask_cosine,0.863948206358318,0.8293019284836098,0.8920253271684994,79,79,79,79,,5000,5000,1.0,3021694564,20260901,12,horse,same_class_other_images
,per_class,all,micro,relu_token_cosine,0.8748424026785018,0.8285126489433873,0.9146325556726395,79,79,79,79,,5000,5000,1.0,3021694564,20260901,12,horse,same_class_other_images
,per_class,all,micro,binary_mask_jaccard,0.85280299520022,0.819949826054079,0.8783736480007831,76,76,76,76,,5000,5000,1.0,3021694564,20260901,13,motorbike,same_class_other_images
,per_class,all,micro,binary_mask_cosine,0.9063383246722975,0.8781762687783492,0.9273429606109858,76,76,76,76,,5000,5000,1.0,3021694564,20260901,13,motorbike,same_class_other_images
,per_class,all,micro,relu_token_cosine,0.9368877325844216,0.8997429051859256,0.9624426406072943,76,76,76,76,,5000,5000,1.0,3021694564,20260901,13,motorbike,same_class_other_images
,per_class,all,micro,binary_mask_jaccard,0.7908107667659106,0.7735464575551869,0.8067567177301043,445,445,445,445,,5000,5000,1.0,3021694564,20260901,14,person,same_class_other_images
,per_class,all,micro,binary_mask_cosine,0.8535085469484329,0.8390740450387926,0.8669193409307954,445,445,445,445,,5000,5000,1.0,3021694564,20260901,14,person,same_class_other_images
,per_class,all,micro,relu_token_cosine,0.8449960417292092,0.8252537668341499,0.8631894123566787,445,445,445,445,,5000,5000,1.0,3021694564,20260901,14,person,same_class_other_images
,per_class,all,micro,binary_mask_jaccard,0.5365682200473898,0.5024249146615758,0.5694681284094558,85,85,85,85,,5000,5000,1.0,3021694564,20260901,15,pottedplant,same_class_other_images
,per_class,all,micro,binary_mask_cosine,0.6405947537983165,0.6075690747709835,0.6720482459313729,85,85,85,85,,5000,5000,1.0,3021694564,20260901,15,pottedplant,same_class_other_images
,per_class,all,micro,relu_token_cosine,0.6158609791713603,0.5696492211170057,0.6611161884139565,85,85,85,85,,5000,5000,1.0,3021694564,20260901,15,pottedplant,same_class_other_images
,per_class,all,micro,binary_mask_jaccard,0.7805696095813784,0.7290957016445566,0.823708498360295,57,57,57,57,,5000,5000,1.0,3021694564,20260901,16,sheep,same_class_other_images
,per_class,all,micro,binary_mask_cosine,0.843446636931938,0.7999092876126892,0.8796475313211742,57,57,57,57,,5000,5000,1.0,3021694564,20260901,16,sheep,same_class_other_images
,per_class,all,micro,relu_token_cosine,0.8492335739888643,0.7885809181486829,0.8971893399136893,57,57,57,57,,5000,5000,1.0,3021694564,20260901,16,sheep,same_class_other_images
,per_class,all,micro,binary_mask_jaccard,0.6497397687700059,0.6129043820872903,0.6823455931577417,90,90,90,90,,5000,5000,1.0,3021694564,20260901,17,sofa,same_class_other_images
,per_class,all,micro,binary_mask_cosine,0.7524400750796,0.7184410757654244,0.7812845196740494,90,90,90,90,,5000,5000,1.0,3021694564,20260901,17,sofa,same_class_other_images
,per_class,all,micro,relu_token_cosine,0.7355163874725501,0.6886378602104055,0.7769226697107984,90,90,90,90,,5000,5000,1.0,3021694564,20260901,17,sofa,same_class_other_images
,per_class,all,micro,binary_mask_jaccard,0.9053150704574018,0.8816916646391508,0.9223975221493415,84,84,84,84,,5000,5000,1.0,3021694564,20260901,18,train,same_class_other_images
,per_class,all,micro,binary_mask_cosine,0.9423684346533957,0.9224869248058114,0.9554602427674191,84,84,84,84,,5000,5000,1.0,3021694564,20260901,18,train,same_class_other_images
,per_class,all,micro,relu_token_cosine,0.9665147140843883,0.9424768215444471,0.9799353707049574,84,84,84,84,,5000,5000,1.0,3021694564,20260901,18,train,same_class_other_images
,per_class,all,micro,binary_mask_jaccard,0.7258816286921501,0.6791324797287785,0.7674549597844079,74,74,74,74,,5000,5000,1.0,3021694564,20260901,19,tvmonitor,same_class_other_images
,per_class,all,micro,binary_mask_cosine,0.7986563949568851,0.7558031685146931,0.8352215242395933,74,74,74,74,,5000,5000,1.0,3021694564,20260901,19,tvmonitor,same_class_other_images
,per_class,all,micro,relu_token_cosine,0.7864737872134995,0.7316478840604022,0.8341846432939574,74,74,74,74,,5000,5000,1.0,3021694564,20260901,19,tvmonitor,same_class_other_images
