relation,scope,stratum,aggregation,metric,estimate,ci_low,ci_high,num_images,num_images_total,num_rows,num_rows_total,num_classes,bootstrap_repeats,bootstrap_valid_repeats,bootstrap_valid_fraction,bootstrap_seed,bootstrap_base_seed,class_id,class_name,term
,all_rows,all,micro,target_mean,191.71991591290305,162.0316940374732,221.00826285858042,1441,1449,2031,2147,,5000,5000,1.0,3021694564,20260901,,,s_last
,all_rows,all,micro,other_fg_mean,31.02052378601194,-3.5844099835348686,65.34149607918376,520,1449,1158,2147,,5000,5000,1.0,3021694564,20260901,,,s_last
,all_rows,all,micro,bg_mean,-79.10596516631803,-101.95929963152244,-56.69663751857816,1432,1449,2120,2147,,5000,5000,1.0,3021694564,20260901,,,s_last
,all_rows,all,micro,auc_target_bg,0.5619883421066681,0.5513026869414251,0.5725716633699266,1424,1449,2004,2147,,5000,5000,1.0,3021694564,20260901,,,s_last
,all_rows,all,micro,auc_target_other,0.5519896329655455,0.5415907547534843,0.5628810613213188,462,1449,1052,2147,,5000,5000,1.0,3021694564,20260901,,,s_last
,all_rows,all,macro_class,target_mean,126.4133721548209,99.74529710264345,152.43969601259988,1441,1449,2031,2147,20,5000,5000,1.0,3021694564,20260901,,,s_last
,all_rows,all,macro_class,other_fg_mean,-85.31866946680825,-139.72885795160252,-30.947362601668807,520,1449,1158,2147,20,5000,5000,1.0,3021694564,20260901,,,s_last
,all_rows,all,macro_class,bg_mean,-101.6208614815257,-121.90020950923751,-81.98169940353624,1432,1449,2120,2147,20,5000,5000,1.0,3021694564,20260901,,,s_last
,all_rows,all,macro_class,auc_target_bg,0.5532751483937589,0.5437370719251098,0.5625300891998379,1424,1449,2004,2147,20,5000,5000,1.0,3021694564,20260901,,,s_last
,all_rows,all,macro_class,auc_target_other,0.567526218517165,0.540308590611418,0.5954392546883696,462,1449,1052,2147,20,5000,5000,1.0,3021694564,20260901,,,s_last
,all_rows,single_label,micro,target_mean,112.38989279265985,60.20322742123183,163.9370500390419,921,927,921,927,,5000,5000,1.0,3021694564,20260901,,,s_last
,all_rows,single_label,micro,bg_mean,-252.0132997940043,-289.4314274216726,-215.2014038974922,918,927,918,927,,5000,5000,1.0,3021694564,20260901,,,s_last
,all_rows,single_label,micro,auc_target_bg,0.5694697073285027,0.5536795585930865,0.5850586102256493,912,927,912,927,,5000,5000,1.0,3021694564,20260901,,,s_last
,all_rows,single_label,macro_class,target_mean,134.12879841439155,97.13273692654774,170.6159171289442,921,927,921,927,20,5000,5000,1.0,3021694564,20260901,,,s_last
,all_rows,single_label,macro_class,bg_mean,-180.24049149438926,-212.0946999084473,-150.21272846743213,918,927,918,927,20,5000,5000,1.0,3021694564,20260901,,,s_last
,all_rows,single_label,macro_class,auc_target_bg,0.5699885654906891,0.5534274523871261,0.5857332226722831,912,927,912,927,20,5000,5000,1.0,3021694564,20260901,,,s_last
,all_rows,exactly_2_labels,micro,target_mean,273.09752144371225,229.03775994245274,315.5984857175556,373,375,695,750,,5000,5000,1.0,3021694564,20260901,,,s_last
,all_rows,exactly_2_labels,micro,other_fg_mean,43.05106344534184,-9.473734824350686,93.63673670488984,373,375,695,750,,5000,5000,1.0,3021694564,20260901,,,s_last
,all_rows,exactly_2_labels,micro,bg_mean,45.42082707675385,9.812393105556623,81.00364760555493,369,375,738,750,,5000,5000,1.0,3021694564,20260901,,,s_last
,all_rows,exactly_2_labels,micro,auc_target_bg,0.5596472458113732,0.5416800630006251,0.5774880653081178,367,375,683,750,,5000,5000,1.0,3021694564,20260901,,,s_last
,all_rows,exactly_2_labels,micro,auc_target_other,0.5479986633268461,0.5362339748720545,0.5611016262756336,322,375,644,750,,5000,5000,1.0,3021694564,20260901,,,s_last
,all_rows,exactly_2_labels,macro_class,target_mean,195.36824308419062,109.95813424768683,312.570999019102,373,375,695,750,20,5000,5000,1.0,3021694564,20260901,,,s_last
,all_rows,exactly_2_labels,macro_class,other_fg_mean,-77.2614890978176,-146.46015237460344,-6.920612754908133,373,375,695,750,20,5000,5000,1.0,3021694564,20260901,,,s_last
,all_rows,exactly_2_labels,macro_class,bg_mean,5.200149108145321,-32.49024991842589,44.10381431359479,369,375,738,750,20,5000,5000,1.0,3021694564,20260901,,,s_last
,all_rows,exactly_2_labels,macro_class,auc_target_bg,0.5398488798228189,0.5182989373188687,0.5637927665598058,367,375,683,750,20,5000,5000,1.0,3021694564,20260901,,,s_last
,all_rows,exactly_2_labels,macro_class,auc_target_other,0.5673272791767519,0.5351675322285672,0.5997777309289185,322,375,644,750,20,5000,5000,1.0,3021694564,20260901,,,s_last
,all_rows,3plus_labels,micro,target_mean,231.49224229803832,184.34775017281436,278.6061004395294,147,147,415,470,,5000,5000,1.0,3021694564,20260901,,,s_last
,all_rows,3plus_labels,micro,other_fg_mean,12.961722353540438,-26.95300311733256,50.2063499114753,147,147,463,470,,5000,5000,1.0,3021694564,20260901,,,s_last
,all_rows,3plus_labels,micro,bg_mean,64.92024283546876,41.61765062505652,89.81671535089937,145,147,464,470,,5000,5000,1.0,3021694564,20260901,,,s_last
,all_rows,3plus_labels,micro,auc_target_bg,0.5492156371858238,0.526454806826365,0.5730735630963625,145,147,409,470,,5000,5000,1.0,3021694564,20260901,,,s_last
,all_rows,3plus_labels,micro,auc_target_other,0.5582891046501589,0.5399311338938537,0.5773367301705556,140,147,408,470,,5000,5000,1.0,3021694564,20260901,,,s_last
,all_rows,3plus_labels,macro_class,target_mean,188.0486756209741,111.87987526893839,275.1532695204325,147,147,415,470,19,5000,5000,1.0,3021694564,20260901,,,s_last
,all_rows,3plus_labels,macro_class,other_fg_mean,-142.93329218483694,-205.03035011442788,-59.9064287398268,147,147,463,470,20,5000,5000,1.0,3021694564,20260901,,,s_last
,all_rows,3plus_labels,macro_class,bg_mean,52.526509678641204,-1.3277103928419882,100.90578030611371,145,147,464,470,20,5000,5000,1.0,3021694564,20260901,,,s_last
,all_rows,3plus_labels,macro_class,auc_target_bg,0.5488272800925482,0.5131589899824549,0.5865927465175419,145,147,409,470,19,5000,5000,1.0,3021694564,20260901,,,s_last
,all_rows,3plus_labels,macro_class,auc_target_other,0.5986809769621955,0.5457606690294499,0.6323829899478502,140,147,408,470,19,5000,5000,1.0,3021694564,20260901,,,s_last
,per_class,all,micro,target_mean,-93.40368694186215,-240.71218043650512,35.58333568589328,87,90,87,90,,5000,5000,1.0,3021694564,20260901,0,aeroplane,s_last
,per_class,all,micro,other_fg_mean,-91.95796408663387,-728.8438813546268,358.7816749965582,13,90,13,90,,5000,5000,1.0,3021694564,20260901,0,aeroplane,s_last
,per_class,all,micro,bg_mean,-267.07767123918813,-350.2223642296424,-184.2646470690141,90,90,90,90,,5000,5000,1.0,3021694564,20260901,0,aeroplane,s_last
,per_class,all,micro,auc_target_bg,0.5831334346873576,0.5412839534368474,0.6236162660214405,87,90,87,90,,5000,5000,1.0,3021694564,20260901,0,aeroplane,s_last
,per_class,all,micro,auc_target_other,0.5780731436421543,0.4129732979641445,0.7341739530767412,12,90,12,90,,5000,5000,1.0,3021694564,20260901,0,aeroplane,s_last
,per_class,all,micro,target_mean,717.5276996233265,610.1661642417276,821.6566803330722,71,79,71,79,,5000,5000,1.0,3021694564,20260901,1,bicycle,s_last
,per_class,all,micro,other_fg_mean,142.11268505644753,-11.288491485455546,286.73719319079544,48,79,48,79,,5000,5000,1.0,3021694564,20260901,1,bicycle,s_last
,per_class,all,micro,bg_mean,156.08952668540675,100.32501954818699,209.19437530091588,79,79,79,79,,5000,5000,1.0,3021694564,20260901,1,bicycle,s_last
,per_class,all,micro,auc_target_bg,0.7248480755799304,0.6871985441882137,0.7601299986334646,71,79,71,79,,5000,5000,1.0,3021694564,20260901,1,bicycle,s_last
,per_class,all,micro,auc_target_other,0.7172814350979858,0.6603909803565765,0.7753147497050179,41,79,41,79,,5000,5000,1.0,3021694564,20260901,1,bicycle,s_last
,per_class,all,micro,target_mean,-416.9555458629182,-635.0920216231598,-199.75627168526248,99,103,99,103,,5000,5000,1.0,3021694564,20260901,2,bird,s_last
,per_class,all,micro,other_fg_mean,120.37745884613906,-379.64199845727745,683.5452003893932,9,103,9,103,,5000,5000,1.0,3021694564,20260901,2,bird,s_last
,per_class,all,micro,bg_mean,-492.72034577370977,-656.8859176571111,-335.2159276810694,103,103,103,103,,5000,5000,1.0,3021694564,20260901,2,bird,s_last
,per_class,all,micro,auc_target_bg,0.48395134105032894,0.44507749783448664,0.523389178068749,99,103,99,103,,5000,5000,1.0,3021694564,20260901,2,bird,s_last
,per_class,all,micro,auc_target_other,0.48008363713307595,0.2957513263124907,0.7587830921532336,5,103,5,103,,5000,4969,0.9938,3021694564,20260901,2,bird,s_last
,per_class,all,micro,target_mean,-85.19336501399135,-270.5675195437865,110.82057497644655,69,72,69,72,,5000,5000,1.0,3021694564,20260901,3,boat,s_last
,per_class,all,micro,other_fg_mean,-307.1425395139519,-541.5364114964367,-74.49163285873593,17,72,17,72,,5000,5000,1.0,3021694564,20260901,3,boat,s_last
,per_class,all,micro,bg_mean,-254.00011054138395,-360.0369046562729,-149.15943832554026,72,72,72,72,,5000,5000,1.0,3021694564,20260901,3,boat,s_last
,per_class,all,micro,auc_target_bg,0.524059661839509,0.4645256803922412,0.5837733577768689,69,72,69,72,,5000,5000,1.0,3021694564,20260901,3,boat,s_last
,per_class,all,micro,auc_target_other,0.5943842830994251,0.46780437740849434,0.7130778266139266,15,72,15,72,,5000,5000,1.0,3021694564,20260901,3,boat,s_last
,per_class,all,micro,target_mean,53.66816947780745,-77.56800040164724,182.75191510222487,87,96,87,96,,5000,5000,1.0,3021694564,20260901,4,bottle,s_last
,per_class,all,micro,other_fg_mean,-51.5502506532231,-157.52983721835113,48.930722261393356,60,96,60,96,,5000,5000,1.0,3021694564,20260901,4,bottle,s_last
,per_class,all,micro,bg_mean,-260.99305926557565,-369.3008950677204,-161.67571125505438,93,96,93,96,,5000,5000,1.0,3021694564,20260901,4,bottle,s_last
,per_class,all,micro,auc_target_bg,0.5948317387000813,0.5448115003930093,0.6469689712171842,84,96,84,96,,5000,5000,1.0,3021694564,20260901,4,bottle,s_last
,per_class,all,micro,auc_target_other,0.5044726837775904,0.4230338787767687,0.5860591891992879,51,96,51,96,,5000,5000,1.0,3021694564,20260901,4,bottle,s_last
,per_class,all,micro,target_mean,67.88791682448567,-5.752898629589155,151.9041394156572,73,74,73,74,,5000,5000,1.0,3021694564,20260901,5,bus,s_last
,per_class,all,micro,other_fg_mean,-220.91786610669078,-369.81040515161584,-79.11178632341868,34,74,34,74,,5000,5000,1.0,3021694564,20260901,5,bus,s_last
,per_class,all,micro,bg_mean,184.78332775364257,133.22933671231448,235.08795333840885,74,74,74,74,,5000,5000,1.0,3021694564,20260901,5,bus,s_last
,per_class,all,micro,auc_target_bg,0.4098677122808538,0.370059007844464,0.45109787766219944,73,74,73,74,,5000,5000,1.0,3021694564,20260901,5,bus,s_last
,per_class,all,micro,auc_target_other,0.6901802729717306,0.6198520916554421,0.7585018455338338,33,74,33,74,,5000,5000,1.0,3021694564,20260901,5,bus,s_last
,per_class,all,micro,target_mean,198.2083724695432,138.8682145294529,259.05056821957186,113,127,113,127,,5000,5000,1.0,3021694564,20260901,6,car,s_last
,per_class,all,micro,other_fg_mean,41.3202172445276,-62.204032847037745,138.71236538774582,79,127,79,127,,5000,5000,1.0,3021694564,20260901,6,car,s_last
,per_class,all,micro,bg_mean,109.21826196606237,36.930909499860874,172.00072695913119,127,127,127,127,,5000,5000,1.0,3021694564,20260901,6,car,s_last
,per_class,all,micro,auc_target_bg,0.48541699000225075,0.4423533548463664,0.5263399338796386,113,127,113,127,,5000,5000,1.0,3021694564,20260901,6,car,s_last
,per_class,all,micro,auc_target_other,0.47777658516176247,0.411547607400295,0.5440144742565818,66,127,66,127,,5000,5000,1.0,3021694564,20260901,6,car,s_last
,per_class,all,micro,target_mean,994.6371630510157,897.6805388097014,1088.642582416791,119,119,119,119,,5000,5000,1.0,3021694564,20260901,7,cat,s_last
,per_class,all,micro,other_fg_mean,-236.65777122442796,-470.4039909159123,-54.25287638707143,30,119,30,119,,5000,5000,1.0,3021694564,20260901,7,cat,s_last
,per_class,all,micro,bg_mean,-455.0545272303937,-588.2649786736054,-330.7537091665243,113,119,113,119,,5000,5000,1.0,3021694564,20260901,7,cat,s_last
,per_class,all,micro,auc_target_bg,0.8248617432499932,0.797953032040304,0.84950958778281,113,119,113,119,,5000,5000,1.0,3021694564,20260901,7,cat,s_last
,per_class,all,micro,auc_target_other,0.7874676331298097,0.7127763749265883,0.8495522262031804,30,119,30,119,,5000,5000,1.0,3021694564,20260901,7,cat,s_last
,per_class,all,micro,target_mean,8.754219234465298,-79.31400148694334,109.94431050317976,112,123,112,123,,5000,5000,1.0,3021694564,20260901,8,chair,s_last
,per_class,all,micro,other_fg_mean,-53.339368822907076,-135.73819343956166,25.595563979562172,107,123,107,123,,5000,5000,1.0,3021694564,20260901,8,chair,s_last
,per_class,all,micro,bg_mean,-51.13081259970333,-99.25564115778967,3.079551117507212,122,123,122,123,,5000,5000,1.0,3021694564,20260901,8,chair,s_last
,per_class,all,micro,auc_target_bg,0.4550453373976497,0.4128017233212979,0.4978927637145259,111,123,111,123,,5000,5000,1.0,3021694564,20260901,8,chair,s_last
,per_class,all,micro,auc_target_other,0.4546137783164883,0.40088486637198956,0.5075062161477604,96,123,96,123,,5000,5000,1.0,3021694564,20260901,8,chair,s_last
,per_class,all,micro,target_mean,-826.2252087974646,-906.6093319402488,-748.3644981064194,71,71,71,71,,5000,5000,1.0,3021694564,20260901,9,cow,s_last
,per_class,all,micro,other_fg_mean,-515.8773569811035,-791.95643021129,-267.08598678658615,14,71,14,71,,5000,5000,1.0,3021694564,20260901,9,cow,s_last
,per_class,all,micro,bg_mean,-477.1594138306595,-577.5766328034844,-377.6832052724947,71,71,71,71,,5000,5000,1.0,3021694564,20260901,9,cow,s_last
,per_class,all,micro,auc_target_bg,0.2908387835023551,0.24674074623117112,0.33643964616294086,71,71,71,71,,5000,5000,1.0,3021694564,20260901,9,cow,s_last
,per_class,all,micro,auc_target_other,0.4324058704850246,0.27348887312769954,0.6009251197126841,14,71,14,71,,5000,5000,1.0,3021694564,20260901,9,cow,s_last
,per_class,all,micro,target_mean,74.41705204927749,-18.714159094665153,172.25750449601875,73,75,73,75,,5000,5000,1.0,3021694564,20260901,10,diningtable,s_last
,per_class,all,micro,other_fg_mean,105.49866692695271,26.454777067766702,205.21693430303247,70,75,70,75,,5000,5000,1.0,3021694564,20260901,10,diningtable,s_last
,per_class,all,micro,bg_mean,74.36052771888848,-26.43778623967254,191.565419252357,73,75,73,75,,5000,5000,1.0,3021694564,20260901,10,diningtable,s_last
,per_class,all,micro,auc_target_bg,0.6068684231209166,0.5626977197917425,0.6492874718226017,71,75,71,75,,5000,5000,1.0,3021694564,20260901,10,diningtable,s_last
,per_class,all,micro,auc_target_other,0.5437356096613453,0.4917072223063192,0.5982793737138186,68,75,68,75,,5000,5000,1.0,3021694564,20260901,10,diningtable,s_last
,per_class,all,micro,target_mean,477.739816456132,384.5798054563867,566.9946881426044,128,128,128,128,,5000,5000,1.0,3021694564,20260901,11,dog,s_last
,per_class,all,micro,other_fg_mean,180.32989086701315,14.807725142215293,323.5428431723478,43,128,43,128,,5000,5000,1.0,3021694564,20260901,11,dog,s_last
,per_class,all,micro,bg_mean,134.68098662879024,59.509308312433454,204.07336040039442,124,128,124,128,,5000,5000,1.0,3021694564,20260901,11,dog,s_last
,per_class,all,micro,auc_target_bg,0.6197061543051244,0.5796797482931686,0.65990034834834,124,128,124,128,,5000,5000,1.0,3021694564,20260901,11,dog,s_last
,per_class,all,micro,auc_target_other,0.5678503371226219,0.4918635485477751,0.6433851670874351,43,128,43,128,,5000,5000,1.0,3021694564,20260901,11,dog,s_last
,per_class,all,micro,target_mean,-9.648258435696652,-102.07599338768071,87.42514538674975,77,79,77,79,,5000,5000,1.0,3021694564,20260901,12,horse,s_last
,per_class,all,micro,other_fg_mean,-179.68162810277497,-310.2834212567824,-54.384114192432286,34,79,34,79,,5000,5000,1.0,3021694564,20260901,12,horse,s_last
,per_class,all,micro,bg_mean,-244.6866692071584,-351.5699796285964,-144.45599740387962,79,79,79,79,,5000,5000,1.0,3021694564,20260901,12,horse,s_last
,per_class,all,micro,auc_target_bg,0.5623641682291344,0.5225348971147684,0.601391736820404,77,79,77,79,,5000,5000,1.0,3021694564,20260901,12,horse,s_last
,per_class,all,micro,auc_target_other,0.5661892065798293,0.5108014125333799,0.6221183186821718,33,79,33,79,,5000,5000,1.0,3021694564,20260901,12,horse,s_last
,per_class,all,micro,target_mean,16.92514902599604,-91.90237447978294,126.1394481510929,75,76,75,76,,5000,5000,1.0,3021694564,20260901,13,motorbike,s_last
,per_class,all,micro,other_fg_mean,139.25841137938215,-13.793565233047309,283.4409487427062,52,76,52,76,,5000,5000,1.0,3021694564,20260901,13,motorbike,s_last
,per_class,all,micro,bg_mean,162.2734226528681,80.35701871362903,242.55206171806222,76,76,76,76,,5000,5000,1.0,3021694564,20260901,13,motorbike,s_last
,per_class,all,micro,auc_target_bg,0.43358675417283754,0.3911633361138636,0.4747541835757658,75,76,75,76,,5000,5000,1.0,3021694564,20260901,13,motorbike,s_last
,per_class,all,micro,auc_target_other,0.5193712340189278,0.4636423490785104,0.5731613510034247,51,76,51,76,,5000,5000,1.0,3021694564,20260901,13,motorbike,s_last
,per_class,all,micro,target_mean,393.15396055064264,345.3023437974549,441.1753315819004,413,445,413,445,,5000,5000,1.0,3021694564,20260901,14,person,s_last
,per_class,all,micro,other_fg_mean,154.1313723039335,89.04487681610446,216.3226473042821,373,445,373,445,,5000,5000,1.0,3021694564,20260901,14,person,s_last
,per_class,all,micro,bg_mean,23.391655716255453,-19.390083308705993,65.65919800575298,441,445,441,445,,5000,5000,1.0,3021694564,20260901,14,person,s_last
,per_class,all,micro,auc_target_bg,0.5840604279056673,0.563586274701858,0.6046282810956618,409,445,409,445,,5000,5000,1.0,3021694564,20260901,14,person,s_last
,per_class,all,micro,auc_target_other,0.5232369756430494,0.49628977058298607,0.5492646406520659,343,445,343,445,,5000,5000,1.0,3021694564,20260901,14,person,s_last
,per_class,all,micro,target_mean,576.9224385057759,433.2655619340032,736.762399888693,68,85,68,85,,5000,5000,1.0,3021694564,20260901,15,pottedplant,s_last
,per_class,all,micro,other_fg_mean,-17.902036392026538,-137.70349174774003,92.06173987495986,60,85,60,85,,5000,5000,1.0,3021694564,20260901,15,pottedplant,s_last
,per_class,all,micro,bg_mean,-45.958813961241226,-128.08138487220464,30.16021204599735,85,85,85,85,,5000,5000,1.0,3021694564,20260901,15,pottedplant,s_last
,per_class,all,micro,auc_target_bg,0.7216825847693158,0.6742088458336626,0.766501067769093,68,85,68,85,,5000,5000,1.0,3021694564,20260901,15,pottedplant,s_last
,per_class,all,micro,auc_target_other,0.6581175579224712,0.5807202399545027,0.7306200199054708,44,85,44,85,,5000,5000,1.0,3021694564,20260901,15,pottedplant,s_last
,per_class,all,micro,target_mean,-524.2034460124439,-621.6087617383516,-423.36998966496526,57,57,57,57,,5000,5000,1.0,3021694564,20260901,16,sheep,s_last
,per_class,all,micro,other_fg_mean,-282.22636703563563,-570.4188447762888,-41.34125402409297,5,57,5,57,,5000,4971,0.9942,3021694564,20260901,16,sheep,s_last
,per_class,all,micro,bg_mean,-290.79533428505147,-360.0848232574045,-223.10269389099682,57,57,57,57,,5000,5000,1.0,3021694564,20260901,16,sheep,s_last
,per_class,all,micro,auc_target_bg,0.35912335252105243,0.30903896623834654,0.41004415487044,57,57,57,57,,5000,5000,1.0,3021694564,20260901,16,sheep,s_last
,per_class,all,micro,auc_target_other,0.44442392821470894,0.15104053473361187,0.8282210401891252,5,57,5,57,,5000,4971,0.9942,3021694564,20260901,16,sheep,s_last
,per_class,all,micro,target_mean,265.1452330167806,185.20664424268045,342.3268911254543,88,90,88,90,,5000,5000,1.0,3021694564,20260901,17,sofa,s_last
,per_class,all,micro,other_fg_mean,-1.403280293272391,-169.16333177468695,130.55104569250665,63,90,63,90,,5000,5000,1.0,3021694564,20260901,17,sofa,s_last
,per_class,all,micro,bg_mean,96.64043866635689,28.829328104144366,163.58758513559985,85,90,85,90,,5000,5000,1.0,3021694564,20260901,17,sofa,s_last
,per_class,all,micro,auc_target_bg,0.6050915698420527,0.5574544008528349,0.6506526828851197,83,90,83,90,,5000,5000,1.0,3021694564,20260901,17,sofa,s_last
,per_class,all,micro,auc_target_other,0.5695844967113409,0.496456905913572,0.6392933414050426,61,90,61,90,,5000,5000,1.0,3021694564,20260901,17,sofa,s_last
,per_class,all,micro,target_mean,-232.59510176239488,-309.67712756241343,-156.55752919180824,84,84,84,84,,5000,5000,1.0,3021694564,20260901,18,train,s_last
,per_class,all,micro,other_fg_mean,-516.7402022534376,-962.1535634428014,-166.25070941465253,10,84,10,84,,5000,5000,1.0,3021694564,20260901,18,train,s_last
,per_class,all,micro,bg_mean,-207.26958050009148,-284.182755959491,-131.75002479532137,83,84,83,84,,5000,5000,1.0,3021694564,20260901,18,train,s_last
,per_class,all,micro,auc_target_bg,0.4413130559102273,0.411808157197262,0.47179418462732453,83,84,83,84,,5000,5000,1.0,3021694564,20260901,18,train,s_last
,per_class,all,micro,auc_target_other,0.5125708622300477,0.3517975304955124,0.6892130546586274,10,84,10,84,,5000,5000,1.0,3021694564,20260901,18,train,s_last
,per_class,all,micro,target_mean,871.504865637941,741.4579761142501,1005.7057862757309,67,74,67,74,,5000,5000,1.0,3021694564,20260901,19,tvmonitor,s_last
,per_class,all,micro,other_fg_mean,-114.0054604944754,-241.67211411845824,6.0560966088926,37,74,37,74,,5000,5000,1.0,3021694564,20260901,19,tvmonitor,s_last
,per_class,all,micro,bg_mean,72.99096101537245,-12.688181893698074,149.75189387876554,73,74,73,74,,5000,5000,1.0,3021694564,20260901,19,tvmonitor,s_last
,per_class,all,micro,auc_target_bg,0.7548516588085387,0.7175019894496764,0.7908412356862582,66,74,66,74,,5000,5000,1.0,3021694564,20260901,19,tvmonitor,s_last
,per_class,all,micro,auc_target_other,0.7287048394239096,0.6323475146718841,0.8210446949915389,31,74,31,74,,5000,5000,1.0,3021694564,20260901,19,tvmonitor,s_last
,all_rows,all,micro,target_mean,-57.792885560601796,-68.01419650862623,-47.951220432453745,1441,1449,2031,2147,,5000,5000,1.0,3021694564,20260901,,,s_negmag
,all_rows,all,micro,other_fg_mean,18.89955953636605,6.2466012674545475,32.544190842525424,520,1449,1158,2147,,5000,5000,1.0,3021694564,20260901,,,s_negmag
,all_rows,all,micro,bg_mean,-6.919134270735413,-13.52754848216182,-0.7031711086669068,1432,1449,2120,2147,,5000,5000,1.0,3021694564,20260901,,,s_negmag
,all_rows,all,micro,auc_target_bg,0.44899813689193774,0.43846478448899756,0.4592812823391262,1424,1449,2004,2147,,5000,5000,1.0,3021694564,20260901,,,s_negmag
,all_rows,all,micro,auc_target_other,0.428319355640303,0.4168093942235223,0.44006936335389557,462,1449,1052,2147,,5000,5000,1.0,3021694564,20260901,,,s_negmag
,all_rows,all,macro_class,target_mean,-52.78836656450788,-63.58070521626821,-42.83197888092765,1441,1449,2031,2147,20,5000,5000,1.0,3021694564,20260901,,,s_negmag
,all_rows,all,macro_class,other_fg_mean,50.82382926269679,28.233877879398758,73.7866758149415,520,1449,1158,2147,20,5000,5000,1.0,3021694564,20260901,,,s_negmag
,all_rows,all,macro_class,bg_mean,-3.015230127334744,-9.911939295530091,3.7746240228249257,1432,1449,2120,2147,20,5000,5000,1.0,3021694564,20260901,,,s_negmag
,all_rows,all,macro_class,auc_target_bg,0.4414188568410344,0.4321662069453838,0.4505913301846318,1424,1449,2004,2147,20,5000,5000,1.0,3021694564,20260901,,,s_negmag
,all_rows,all,macro_class,auc_target_other,0.3714656583186992,0.344486130632929,0.3995624610417994,462,1449,1052,2147,20,5000,5000,1.0,3021694564,20260901,,,s_negmag
,all_rows,single_label,micro,target_mean,-42.82732856772763,-52.85507522231702,-33.23781895482087,921,927,921,927,,5000,5000,1.0,3021694564,20260901,,,s_negmag
,all_rows,single_label,micro,bg_mean,16.661408755707427,9.99559083571325,23.285123904337045,918,927,918,927,,5000,5000,1.0,3021694564,20260901,,,s_negmag
,all_rows,single_label,micro,auc_target_bg,0.44020823428717837,0.42506366973507015,0.45551225342834345,912,927,912,927,,5000,5000,1.0,3021694564,20260901,,,s_negmag
,all_rows,single_label,macro_class,target_mean,-46.68575146373739,-54.84058518155308,-38.997323168531786,921,927,921,927,20,5000,5000,1.0,3021694564,20260901,,,s_negmag
,all_rows,single_label,macro_class,bg_mean,3.641407403821958,-2.108334929999082,9.718747696547947,918,927,918,927,20,5000,5000,1.0,3021694564,20260901,,,s_negmag
,all_rows,single_label,macro_class,auc_target_bg,0.435309853283556,0.4209419048881505,0.449615869401174,912,927,912,927,20,5000,5000,1.0,3021694564,20260901,,,s_negmag
,all_rows,exactly_2_labels,micro,target_mean,-66.67066450843807,-86.22656181551645,-48.937741603717946,373,375,695,750,,5000,5000,1.0,3021694564,20260901,,,s_negmag
,all_rows,exactly_2_labels,micro,other_fg_mean,8.811234210682263,-8.425418518216684,27.059473879014924,373,375,695,750,,5000,5000,1.0,3021694564,20260901,,,s_negmag
,all_rows,exactly_2_labels,micro,bg_mean,-28.328448765762616,-43.324431506278394,-15.311544321684657,369,375,738,750,,5000,5000,1.0,3021694564,20260901,,,s_negmag
,all_rows,exactly_2_labels,micro,auc_target_bg,0.4569030330019324,0.4392831305904061,0.4752883785711743,367,375,683,750,,5000,5000,1.0,3021694564,20260901,,,s_negmag
,all_rows,exactly_2_labels,micro,auc_target_other,0.43710255604951165,0.4224138113762425,0.4509533790850235,322,375,644,750,,5000,5000,1.0,3021694564,20260901,,,s_negmag
,all_rows,exactly_2_labels,macro_class,target_mean,-85.82737376150477,-169.86986620700327,-37.41909313268425,373,375,695,750,20,5000,5000,1.0,3021694564,20260901,,,s_negmag
,all_rows,exactly_2_labels,macro_class,other_fg_mean,38.43017047246902,10.665497817322596,63.96425338900905,373,375,695,750,20,5000,5000,1.0,3021694564,20260901,,,s_negmag
,all_rows,exactly_2_labels,macro_class,bg_mean,-17.999437211537398,-33.30031600665941,-4.17668457809884,369,375,738,750,20,5000,5000,1.0,3021694564,20260901,,,s_negmag
,all_rows,exactly_2_labels,macro_class,auc_target_bg,0.4417207690515005,0.4197193974383683,0.4618592000725091,367,375,683,750,20,5000,5000,1.0,3021694564,20260901,,,s_negmag
,all_rows,exactly_2_labels,macro_class,auc_target_other,0.36306385542274466,0.33484816581819427,0.3917599554416107,322,375,644,750,20,5000,5000,1.0,3021694564,20260901,,,s_negmag
,all_rows,3plus_labels,micro,target_mean,-76.13799790202611,-104.98638150722725,-50.22338943079865,147,147,415,470,,5000,5000,1.0,3021694564,20260901,,,s_negmag
,all_rows,3plus_labels,micro,other_fg_mean,34.042942044681936,16.909294341008106,53.264954621083966,147,147,463,470,,5000,5000,1.0,3021694564,20260901,,,s_negmag
,all_rows,3plus_labels,micro,bg_mean,-19.520135134839826,-34.09879086099044,-6.188620090043286,145,147,464,470,,5000,5000,1.0,3021694564,20260901,,,s_negmag
,all_rows,3plus_labels,micro,auc_target_bg,0.4553975186337818,0.43274878538259726,0.47684846925808916,145,147,409,470,,5000,5000,1.0,3021694564,20260901,,,s_negmag
,all_rows,3plus_labels,micro,auc_target_other,0.41445567656302185,0.3961366961203476,0.4323734981802739,140,147,408,470,,5000,5000,1.0,3021694564,20260901,,,s_negmag
,all_rows,3plus_labels,macro_class,target_mean,-52.3441271982667,-86.09425014260569,-24.991408694511616,147,147,415,470,19,5000,5000,1.0,3021694564,20260901,,,s_negmag
,all_rows,3plus_labels,macro_class,other_fg_mean,93.24536662000075,53.74375550475832,136.80285448793722,147,147,463,470,20,5000,5000,1.0,3021694564,20260901,,,s_negmag
,all_rows,3plus_labels,macro_class,bg_mean,-25.343947413560805,-61.610085325110816,20.587624130125715,145,147,464,470,20,5000,5000,1.0,3021694564,20260901,,,s_negmag
,all_rows,3plus_labels,macro_class,auc_target_bg,0.43153549441977895,0.39426583550909183,0.46662451430057306,145,147,409,470,19,5000,5000,1.0,3021694564,20260901,,,s_negmag
,all_rows,3plus_labels,macro_class,auc_target_other,0.3565542779107514,0.3209802773400845,0.40828223229919025,140,147,408,470,19,5000,5000,1.0,3021694564,20260901,,,s_negmag
,per_class,all,micro,target_mean,-35.45344367621348,-61.391192417063564,-6.74536313112617,87,90,87,90,,5000,5000,1.0,3021694564,20260901,0,aeroplane,s_negmag
,per_class,all,micro,other_fg_mean,31.663046793429995,-47.62338986430686,145.12544661086653,13,90,13,90,,5000,5000,1.0,3021694564,20260901,0,aeroplane,s_negmag
,per_class,all,micro,bg_mean,6.721079205913923,-4.68066298607137,18.345946090333367,90,90,90,90,,5000,5000,1.0,3021694564,20260901,0,aeroplane,s_negmag
,per_class,all,micro,auc_target_bg,0.3772193826483713,0.3387236057931815,0.4184608723977222,87,90,87,90,,5000,5000,1.0,3021694564,20260901,0,aeroplane,s_negmag
,per_class,all,micro,auc_target_other,0.36609518094691357,0.21647280806228805,0.5263873959800521,12,90,12,90,,5000,5000,1.0,3021694564,20260901,0,aeroplane,s_negmag
,per_class,all,micro,target_mean,-113.33140297823653,-137.16945015035293,-80.06587834454189,71,79,71,79,,5000,5000,1.0,3021694564,20260901,1,bicycle,s_negmag
,per_class,all,micro,other_fg_mean,35.775670536057895,-2.547478256478019,79.40537418993861,48,79,48,79,,5000,5000,1.0,3021694564,20260901,1,bicycle,s_negmag
,per_class,all,micro,bg_mean,-19.73584354778217,-41.348925437818764,10.302120929580116,79,79,79,79,,5000,5000,1.0,3021694564,20260901,1,bicycle,s_negmag
,per_class,all,micro,auc_target_bg,0.23809015750720328,0.20392269969701776,0.2733132570598728,71,79,71,79,,5000,5000,1.0,3021694564,20260901,1,bicycle,s_negmag
,per_class,all,micro,auc_target_other,0.20485810352486603,0.1554670112014572,0.2582251968385632,41,79,41,79,,5000,5000,1.0,3021694564,20260901,1,bicycle,s_negmag
,per_class,all,micro,target_mean,-17.08555354608645,-108.76986750849655,47.145343474155474,99,103,99,103,,5000,5000,1.0,3021694564,20260901,2,bird,s_negmag
,per_class,all,micro,other_fg_mean,-57.74222891414385,-421.2912548395031,283.96756731152846,9,103,9,103,,5000,5000,1.0,3021694564,20260901,2,bird,s_negmag
,per_class,all,micro,bg_mean,41.39538106652457,-1.8038643112598494,78.94355897522772,103,103,103,103,,5000,5000,1.0,3021694564,20260901,2,bird,s_negmag
,per_class,all,micro,auc_target_bg,0.4686513480949516,0.4307633945480186,0.5061206674138351,99,103,99,103,,5000,5000,1.0,3021694564,20260901,2,bird,s_negmag
,per_class,all,micro,auc_target_other,0.4986360340232201,0.22581142359102885,0.7116774555217541,5,103,5,103,,5000,4969,0.9938,3021694564,20260901,2,bird,s_negmag
,per_class,all,micro,target_mean,3.8098449172720588,-25.930906942510706,32.650339952644096,69,72,69,72,,5000,5000,1.0,3021694564,20260901,3,boat,s_negmag
,per_class,all,micro,other_fg_mean,84.0452045330491,45.69424182481641,123.7865741926361,17,72,17,72,,5000,5000,1.0,3021694564,20260901,3,boat,s_negmag
,per_class,all,micro,bg_mean,29.813196421707207,16.337042020517163,43.927974492743076,72,72,72,72,,5000,5000,1.0,3021694564,20260901,3,boat,s_negmag
,per_class,all,micro,auc_target_bg,0.4727665271778852,0.4121133459789945,0.5317267794479702,69,72,69,72,,5000,5000,1.0,3021694564,20260901,3,boat,s_negmag
,per_class,all,micro,auc_target_other,0.3646643207366714,0.2428208911113705,0.49285287714585435,15,72,15,72,,5000,5000,1.0,3021694564,20260901,3,boat,s_negmag
,per_class,all,micro,target_mean,-74.3934568600337,-116.87254604208363,-36.42265401833414,87,96,87,96,,5000,5000,1.0,3021694564,20260901,4,bottle,s_negmag
,per_class,all,micro,other_fg_mean,88.38473879549409,32.8476348728467,152.951664155649,60,96,60,96,,5000,5000,1.0,3021694564,20260901,4,bottle,s_negmag
,per_class,all,micro,bg_mean,20.68103739660395,-13.856106741553317,56.69574216282465,93,96,93,96,,5000,5000,1.0,3021694564,20260901,4,bottle,s_negmag
,per_class,all,micro,auc_target_bg,0.382482881041888,0.3308234005379349,0.43376356669183536,84,96,84,96,,5000,5000,1.0,3021694564,20260901,4,bottle,s_negmag
,per_class,all,micro,auc_target_other,0.4006071550035689,0.32752720618146997,0.47367146678056427,51,96,51,96,,5000,5000,1.0,3021694564,20260901,4,bottle,s_negmag
,per_class,all,micro,target_mean,-58.8535740387201,-114.40681282888828,-23.42710437223526,73,74,73,74,,5000,5000,1.0,3021694564,20260901,5,bus,s_negmag
,per_class,all,micro,other_fg_mean,68.0801376390221,14.163531146911668,135.35920360600392,34,74,34,74,,5000,5000,1.0,3021694564,20260901,5,bus,s_negmag
,per_class,all,micro,bg_mean,-41.833803985504034,-57.290862683041794,-24.27958457160841,74,74,74,74,,5000,5000,1.0,3021694564,20260901,5,bus,s_negmag
,per_class,all,micro,auc_target_bg,0.5745458312963619,0.5351331516984705,0.6101422045727254,73,74,73,74,,5000,5000,1.0,3021694564,20260901,5,bus,s_negmag
,per_class,all,micro,auc_target_other,0.25533103368581267,0.19671637953394575,0.315637501419858,33,74,33,74,,5000,5000,1.0,3021694564,20260901,5,bus,s_negmag
,per_class,all,micro,target_mean,-72.44059700737172,-116.421234094308,-37.66886853218888,113,127,113,127,,5000,5000,1.0,3021694564,20260901,6,car,s_negmag
,per_class,all,micro,other_fg_mean,10.170907382377179,-32.68960286550832,60.206914859558005,79,127,79,127,,5000,5000,1.0,3021694564,20260901,6,car,s_negmag
,per_class,all,micro,bg_mean,-52.80164635747162,-78.6419179980135,-28.47654802889103,127,127,127,127,,5000,5000,1.0,3021694564,20260901,6,car,s_negmag
,per_class,all,micro,auc_target_bg,0.528156976474476,0.4912289699777704,0.5652517779168427,113,127,113,127,,5000,5000,1.0,3021694564,20260901,6,car,s_negmag
,per_class,all,micro,auc_target_other,0.48530333338119097,0.41852729917264103,0.5510410104919516,66,127,66,127,,5000,5000,1.0,3021694564,20260901,6,car,s_negmag
,per_class,all,micro,target_mean,-184.92526047090868,-203.23961483709778,-166.67922102425214,119,119,119,119,,5000,5000,1.0,3021694564,20260901,7,cat,s_negmag
,per_class,all,micro,other_fg_mean,57.40939071082188,13.142443304956467,110.12040218349776,30,119,30,119,,5000,5000,1.0,3021694564,20260901,7,cat,s_negmag
,per_class,all,micro,bg_mean,53.485810866278996,30.849250861220984,78.10203343888877,113,119,113,119,,5000,5000,1.0,3021694564,20260901,7,cat,s_negmag
,per_class,all,micro,auc_target_bg,0.17136101321974492,0.14847658861208549,0.1967262137374466,113,119,113,119,,5000,5000,1.0,3021694564,20260901,7,cat,s_negmag
,per_class,all,micro,auc_target_other,0.17968933712507434,0.12539561445351505,0.24948296395374148,30,119,30,119,,5000,5000,1.0,3021694564,20260901,7,cat,s_negmag
,per_class,all,micro,target_mean,-63.369505726089145,-136.10056822638248,-3.6661611886205785,112,123,112,123,,5000,5000,1.0,3021694564,20260901,8,chair,s_negmag
,per_class,all,micro,other_fg_mean,85.75630523735289,40.21698023821507,140.98956819194825,107,123,107,123,,5000,5000,1.0,3021694564,20260901,8,chair,s_negmag
,per_class,all,micro,bg_mean,1.2142594828852586,-34.44749172004568,30.159633478656733,122,123,122,123,,5000,5000,1.0,3021694564,20260901,8,chair,s_negmag
,per_class,all,micro,auc_target_bg,0.5453220433386369,0.5039169554138284,0.5858759765020509,111,123,111,123,,5000,5000,1.0,3021694564,20260901,8,chair,s_negmag
,per_class,all,micro,auc_target_other,0.4652039660778917,0.41305436248281424,0.5180812439081361,96,123,96,123,,5000,5000,1.0,3021694564,20260901,8,chair,s_negmag
,per_class,all,micro,target_mean,155.64289533676762,140.49952710286516,171.2477848304218,71,71,71,71,,5000,5000,1.0,3021694564,20260901,9,cow,s_negmag
,per_class,all,micro,other_fg_mean,160.7519656647216,115.87470727838537,205.45157385424875,14,71,14,71,,5000,5000,1.0,3021694564,20260901,9,cow,s_negmag
,per_class,all,micro,bg_mean,76.71460715507543,59.90911101596812,93.96188358914539,71,71,71,71,,5000,5000,1.0,3021694564,20260901,9,cow,s_negmag
,per_class,all,micro,auc_target_bg,0.7325745815636887,0.6898029092095844,0.7736188493336326,71,71,71,71,,5000,5000,1.0,3021694564,20260901,9,cow,s_negmag
,per_class,all,micro,auc_target_other,0.5074781933006619,0.34157285905726437,0.6747433562758516,14,71,14,71,,5000,5000,1.0,3021694564,20260901,9,cow,s_negmag
,per_class,all,micro,target_mean,-69.34340878225036,-148.1568319622833,1.6074934894290254,73,75,73,75,,5000,5000,1.0,3021694564,20260901,10,diningtable,s_negmag
,per_class,all,micro,other_fg_mean,-31.15611841527726,-109.43899070787222,26.92600392464418,70,75,70,75,,5000,5000,1.0,3021694564,20260901,10,diningtable,s_negmag
,per_class,all,micro,bg_mean,-84.88306473925488,-180.71380167228313,-4.323004169732223,73,75,73,75,,5000,5000,1.0,3021694564,20260901,10,diningtable,s_negmag
,per_class,all,micro,auc_target_bg,0.35039405929924194,0.30923318561653257,0.39360975988363384,71,75,71,75,,5000,5000,1.0,3021694564,20260901,10,diningtable,s_negmag
,per_class,all,micro,auc_target_other,0.3381750883327452,0.2919780827489884,0.3869246892354287,68,75,68,75,,5000,5000,1.0,3021694564,20260901,10,diningtable,s_negmag
,per_class,all,micro,target_mean,-81.80709305494399,-105.40055133396883,-60.86931862375671,128,128,128,128,,5000,5000,1.0,3021694564,20260901,11,dog,s_negmag
,per_class,all,micro,other_fg_mean,0.30914873717203595,-38.67405192096124,44.31300084057906,43,128,43,128,,5000,5000,1.0,3021694564,20260901,11,dog,s_negmag
,per_class,all,micro,bg_mean,-23.239658242088822,-36.20280278819065,-9.521698854289195,124,128,124,128,,5000,5000,1.0,3021694564,20260901,11,dog,s_negmag
,per_class,all,micro,auc_target_bg,0.3916106540331122,0.35025129432076474,0.4327776028039599,124,128,124,128,,5000,5000,1.0,3021694564,20260901,11,dog,s_negmag
,per_class,all,micro,auc_target_other,0.38803573057709956,0.31444271333161655,0.46356310706627574,43,128,43,128,,5000,5000,1.0,3021694564,20260901,11,dog,s_negmag
,per_class,all,micro,target_mean,-4.309859107368121,-64.07334406530734,32.20724038860542,77,79,77,79,,5000,5000,1.0,3021694564,20260901,12,horse,s_negmag
,per_class,all,micro,other_fg_mean,101.99665266552782,61.41171563979238,166.03089434561417,34,79,34,79,,5000,5000,1.0,3021694564,20260901,12,horse,s_negmag
,per_class,all,micro,bg_mean,34.22281792029274,1.5885382637892926,65.46961411931126,79,79,79,79,,5000,5000,1.0,3021694564,20260901,12,horse,s_negmag
,per_class,all,micro,auc_target_bg,0.526934980746365,0.487350537223484,0.5662043584978736,77,79,77,79,,5000,5000,1.0,3021694564,20260901,12,horse,s_negmag
,per_class,all,micro,auc_target_other,0.36371483262951293,0.31918148449291656,0.4066841555498961,33,79,33,79,,5000,5000,1.0,3021694564,20260901,12,horse,s_negmag
,per_class,all,micro,target_mean,-29.29215959751261,-46.073904993934455,-12.30868412583752,75,76,75,76,,5000,5000,1.0,3021694564,20260901,13,motorbike,s_negmag
,per_class,all,micro,other_fg_mean,8.211609822641226,-24.304887938284857,49.257602300244805,52,76,52,76,,5000,5000,1.0,3021694564,20260901,13,motorbike,s_negmag
,per_class,all,micro,bg_mean,-16.695269625916715,-28.626653688299438,-3.894949583489975,76,76,76,76,,5000,5000,1.0,3021694564,20260901,13,motorbike,s_negmag
,per_class,all,micro,auc_target_bg,0.4340108043307504,0.3937922672044161,0.4759651712117486,75,76,75,76,,5000,5000,1.0,3021694564,20260901,13,motorbike,s_negmag
,per_class,all,micro,auc_target_other,0.38003553524806966,0.32582579933903766,0.4391007475472814,51,76,51,76,,5000,5000,1.0,3021694564,20260901,13,motorbike,s_negmag
,per_class,all,micro,target_mean,-57.741005828124955,-75.98881635683028,-39.55043403483606,413,445,413,445,,5000,5000,1.0,3021694564,20260901,14,person,s_negmag
,per_class,all,micro,other_fg_mean,-43.436303398884284,-59.0993492060438,-27.03157887879015,373,445,373,445,,5000,5000,1.0,3021694564,20260901,14,person,s_negmag
,per_class,all,micro,bg_mean,-23.471667038334306,-35.75476826158351,-11.50613163661754,441,445,441,445,,5000,5000,1.0,3021694564,20260901,14,person,s_negmag
,per_class,all,micro,auc_target_bg,0.5077022412390453,0.4866524464508593,0.529125105302243,409,445,409,445,,5000,5000,1.0,3021694564,20260901,14,person,s_negmag
,per_class,all,micro,auc_target_other,0.5688459120716733,0.5428751427767312,0.5953674178245121,343,445,343,445,,5000,5000,1.0,3021694564,20260901,14,person,s_negmag
,per_class,all,micro,target_mean,-202.3127495519736,-304.20260448415735,-127.13226166854766,68,85,68,85,,5000,5000,1.0,3021694564,20260901,15,pottedplant,s_negmag
,per_class,all,micro,other_fg_mean,60.927704203468735,1.2657946355063034,129.2570209815015,60,85,60,85,,5000,5000,1.0,3021694564,20260901,15,pottedplant,s_negmag
,per_class,all,micro,bg_mean,-14.275037388200452,-52.084018622856,23.859275556455284,85,85,85,85,,5000,5000,1.0,3021694564,20260901,15,pottedplant,s_negmag
,per_class,all,micro,auc_target_bg,0.2148808088998395,0.17378802011727396,0.25815966035011384,68,85,68,85,,5000,5000,1.0,3021694564,20260901,15,pottedplant,s_negmag
,per_class,all,micro,auc_target_other,0.20986805424745036,0.14811448176754657,0.2748685112695035,44,85,44,85,,5000,5000,1.0,3021694564,20260901,15,pottedplant,s_negmag
,per_class,all,micro,target_mean,79.6681285152494,44.5360756532028,108.16076323270835,57,57,57,57,,5000,5000,1.0,3021694564,20260901,16,sheep,s_negmag
,per_class,all,micro,other_fg_mean,93.68434944264378,58.38820263767691,138.15382835070292,5,57,5,57,,5000,4971,0.9942,3021694564,20260901,16,sheep,s_negmag
,per_class,all,micro,bg_mean,44.889435537184475,26.121924447372415,65.5836459025905,57,57,57,57,,5000,5000,1.0,3021694564,20260901,16,sheep,s_negmag
,per_class,all,micro,auc_target_bg,0.6734459148851117,0.6220312124068106,0.7223638993087118,57,57,57,57,,5000,5000,1.0,3021694564,20260901,16,sheep,s_negmag
,per_class,all,micro,auc_target_other,0.44898078745339554,0.12522945348352107,0.7871694045015278,5,57,5,57,,5000,4971,0.9942,3021694564,20260901,16,sheep,s_negmag
,per_class,all,micro,target_mean,-62.24763413470869,-102.46565973876513,-30.946751446508635,88,90,88,90,,5000,5000,1.0,3021694564,20260901,17,sofa,s_negmag
,per_class,all,micro,other_fg_mean,79.76295746670945,-7.562299897523827,200.88308164617834,63,90,63,90,,5000,5000,1.0,3021694564,20260901,17,sofa,s_negmag
,per_class,all,micro,bg_mean,-39.87076394018324,-79.18162040225752,-12.748605769484426,85,90,85,90,,5000,5000,1.0,3021694564,20260901,17,sofa,s_negmag
,per_class,all,micro,auc_target_bg,0.4109305139347168,0.3686973758993892,0.45605988875586,83,90,83,90,,5000,5000,1.0,3021694564,20260901,17,sofa,s_negmag
,per_class,all,micro,auc_target_other,0.3795789647202116,0.3203680646085657,0.4434977211203198,61,90,61,90,,5000,5000,1.0,3021694564,20260901,17,sofa,s_negmag
,per_class,all,micro,target_mean,2.7830742050246093,-11.725297310997174,17.103581254854085,84,84,84,84,,5000,5000,1.0,3021694564,20260901,18,train,s_negmag
,per_class,all,micro,other_fg_mean,152.83601979811095,65.41513337779038,257.1131282416871,10,84,10,84,,5000,5000,1.0,3021694564,20260901,18,train,s_negmag
,per_class,all,micro,bg_mean,-0.4694638138650616,-14.278102897549777,13.091282232341191,83,84,83,84,,5000,5000,1.0,3021694564,20260901,18,train,s_negmag
,per_class,all,micro,auc_target_bg,0.5572408373308915,0.5257185092330826,0.5867794815303414,83,84,83,84,,5000,5000,1.0,3021694564,20260901,18,train,s_negmag
,per_class,all,micro,auc_target_other,0.3985399408251105,0.2493977943403724,0.5507405712572223,10,84,10,84,,5000,5000,1.0,3021694564,20260901,18,train,s_negmag
,per_class,all,micro,target_mean,-170.76456990392902,-198.15674915295784,-145.83280841617955,67,74,67,74,,5000,5000,1.0,3021694564,20260901,19,tvmonitor,s_negmag
,per_class,all,micro,other_fg_mean,29.04542655364063,-12.072322310488174,81.1883218961427,37,74,37,74,,5000,5000,1.0,3021694564,20260901,19,tvmonitor,s_negmag
,per_class,all,micro,bg_mean,-52.166008920560174,-74.21807800538272,-29.20561712974604,73,74,73,74,,5000,5000,1.0,3021694564,20260901,19,tvmonitor,s_negmag
,per_class,all,micro,auc_target_bg,0.27005557975840677,0.23399746903870422,0.3081839514696675,66,74,66,74,,5000,5000,1.0,3021694564,20260901,19,tvmonitor,s_negmag
,per_class,all,micro,auc_target_other,0.22567166246284517,0.15392489367242368,0.30067351899169614,31,74,31,74,,5000,5000,1.0,3021694564,20260901,19,tvmonitor,s_negmag
,all_rows,all,micro,target_mean,133.92703156893884,109.9548277894204,157.96557055984775,1441,1449,2031,2147,,5000,5000,1.0,3021694564,20260901,,,s_pos
,all_rows,all,micro,other_fg_mean,49.920082161993044,23.479164209533284,76.25266509757007,520,1449,1158,2147,,5000,5000,1.0,3021694564,20260901,,,s_pos
,all_rows,all,micro,bg_mean,-86.02509979771771,-105.35810560468538,-67.00717277241705,1432,1449,2120,2147,,5000,5000,1.0,3021694564,20260901,,,s_pos
,all_rows,all,micro,auc_target_bg,0.5613539347226234,0.5509700120681588,0.5719341753158294,1424,1449,2004,2147,,5000,5000,1.0,3021694564,20260901,,,s_pos
,all_rows,all,micro,auc_target_other,0.5336877697953311,0.5243460993209192,0.5436001077572334,462,1449,1052,2147,,5000,5000,1.0,3021694564,20260901,,,s_pos
,all_rows,all,macro_class,target_mean,73.62500648592597,53.49251054414257,93.46161752535934,1441,1449,2031,2147,20,5000,5000,1.0,3021694564,20260901,,,s_pos
,all_rows,all,macro_class,other_fg_mean,-34.49483985383709,-76.06252796638087,6.978253021065139,520,1449,1158,2147,20,5000,5000,1.0,3021694564,20260901,,,s_pos
,all_rows,all,macro_class,bg_mean,-104.63609195722358,-121.00810883390727,-88.54701758983103,1432,1449,2120,2147,20,5000,5000,1.0,3021694564,20260901,,,s_pos
,all_rows,all,macro_class,auc_target_bg,0.5486516393455952,0.5392840286613221,0.55802194538422,1424,1449,2004,2147,20,5000,5000,1.0,3021694564,20260901,,,s_pos
,all_rows,all,macro_class,auc_target_other,0.5360121021763342,0.5084454925385462,0.5647762088138161,462,1449,1052,2147,20,5000,5000,1.0,3021694564,20260901,,,s_pos
,all_rows,single_label,micro,target_mean,69.56256506021003,26.069249306342684,112.84059497257229,921,927,921,927,,5000,5000,1.0,3021694564,20260901,,,s_pos
,all_rows,single_label,micro,bg_mean,-235.35189144334814,-266.37969999080843,-204.547985016668,918,927,918,927,,5000,5000,1.0,3021694564,20260901,,,s_pos
,all_rows,single_label,micro,auc_target_bg,0.5697984687450193,0.5543318389650538,0.585248371466947,912,927,912,927,,5000,5000,1.0,3021694564,20260901,,,s_pos
,all_rows,single_label,macro_class,target_mean,87.44304755465043,57.15499719179889,117.75453462397016,921,927,921,927,20,5000,5000,1.0,3021694564,20260901,,,s_pos
,all_rows,single_label,macro_class,bg_mean,-176.59908392248462,-203.05700421688033,-151.78024495406822,918,927,918,927,20,5000,5000,1.0,3021694564,20260901,,,s_pos
,all_rows,single_label,macro_class,auc_target_bg,0.5703721104667222,0.5537904733951287,0.5856606174771608,912,927,912,927,20,5000,5000,1.0,3021694564,20260901,,,s_pos
,all_rows,exactly_2_labels,micro,target_mean,206.4268600653617,172.2362478680367,238.56152780479997,373,375,695,750,,5000,5000,1.0,3021694564,20260901,,,s_pos
,all_rows,exactly_2_labels,micro,other_fg_mean,51.86229727905302,11.528487774392588,90.58022988549854,373,375,695,750,,5000,5000,1.0,3021694564,20260901,,,s_pos
,all_rows,exactly_2_labels,micro,bg_mean,17.09237799693385,-11.966706761139427,46.49369148390314,369,375,738,750,,5000,5000,1.0,3021694564,20260901,,,s_pos
,all_rows,exactly_2_labels,micro,auc_target_bg,0.5613808706153381,0.5434736067128592,0.5787286910245343,367,375,683,750,,5000,5000,1.0,3021694564,20260901,,,s_pos
,all_rows,exactly_2_labels,micro,auc_target_other,0.5360537776254297,0.5253102138652116,0.5477764506255796,322,375,644,750,,5000,5000,1.0,3021694564,20260901,,,s_pos
,all_rows,exactly_2_labels,macro_class,target_mean,109.54087667387925,65.26958191594288,153.66953705299457,373,375,695,750,20,5000,5000,1.0,3021694564,20260901,,,s_pos
,all_rows,exactly_2_labels,macro_class,other_fg_mean,-38.83131776429211,-93.0187209092104,16.762562084751508,373,375,695,750,20,5000,5000,1.0,3021694564,20260901,,,s_pos
,all_rows,exactly_2_labels,macro_class,bg_mean,-12.799288746348406,-43.385653689144306,19.6877246468305,369,375,738,750,20,5000,5000,1.0,3021694564,20260901,,,s_pos
,all_rows,exactly_2_labels,macro_class,auc_target_bg,0.5314919604925252,0.5086435283705242,0.5562591731390312,367,375,683,750,20,5000,5000,1.0,3021694564,20260901,,,s_pos
,all_rows,exactly_2_labels,macro_class,auc_target_other,0.5368951712902659,0.5029772918672986,0.5697361993103048,322,375,644,750,20,5000,5000,1.0,3021694564,20260901,,,s_pos
,all_rows,3plus_labels,micro,target_mean,155.3542432545427,125.55401707980194,185.26041057516818,147,147,415,470,,5000,5000,1.0,3021694564,20260901,,,s_pos
,all_rows,3plus_labels,micro,other_fg_mean,47.00466206187078,17.005813323312584,75.7695538340433,147,147,463,470,,5000,5000,1.0,3021694564,20260901,,,s_pos
,all_rows,3plus_labels,micro,bg_mean,45.400107353653134,22.48711995762146,68.83125863251652,145,147,464,470,,5000,5000,1.0,3021694564,20260901,,,s_pos
,all_rows,3plus_labels,micro,auc_target_bg,0.542479088162361,0.5194564107964537,0.5660160308964309,145,147,409,470,,5000,5000,1.0,3021694564,20260901,,,s_pos
,all_rows,3plus_labels,micro,auc_target_other,0.5299531888086071,0.5128921960278064,0.5482616384027436,140,147,408,470,,5000,5000,1.0,3021694564,20260901,,,s_pos
,all_rows,3plus_labels,macro_class,target_mean,135.70454719605456,79.04953640275288,199.36472027728192,147,147,415,470,19,5000,5000,1.0,3021694564,20260901,,,s_pos
,all_rows,3plus_labels,macro_class,other_fg_mean,-49.68792784284314,-85.08502305655506,6.469747160245294,147,147,463,470,20,5000,5000,1.0,3021694564,20260901,,,s_pos
,all_rows,3plus_labels,macro_class,bg_mean,27.182562372916852,3.0391045822508422,52.001876464513884,145,147,464,470,20,5000,5000,1.0,3021694564,20260901,,,s_pos
,all_rows,3plus_labels,macro_class,auc_target_bg,0.5372529146172829,0.5014879336094609,0.57640044223816,145,147,409,470,19,5000,5000,1.0,3021694564,20260901,,,s_pos
,all_rows,3plus_labels,macro_class,auc_target_other,0.5703792887003248,0.5170383819074281,0.6022474652324022,140,147,408,470,19,5000,5000,1.0,3021694564,20260901,,,s_pos
,per_class,all,micro,target_mean,-128.8571272563184,-248.65294806709727,-23.4608911314691,87,90,87,90,,5000,5000,1.0,3021694564,20260901,0,aeroplane,s_pos
,per_class,all,micro,other_fg_mean,-60.294894008812484,-580.0393046297692,318.6580774777076,13,90,13,90,,5000,5000,1.0,3021694564,20260901,0,aeroplane,s_pos
,per_class,all,micro,bg_mean,-260.3565908171774,-332.99926580209507,-188.6012842596919,90,90,90,90,,5000,5000,1.0,3021694564,20260901,0,aeroplane,s_pos
,per_class,all,micro,auc_target_bg,0.5729307679423792,0.5314466908725239,0.6128639999486251,87,90,87,90,,5000,5000,1.0,3021694564,20260901,0,aeroplane,s_pos
,per_class,all,micro,auc_target_other,0.5695491941388066,0.4056224560975916,0.72692002361052,12,90,12,90,,5000,5000,1.0,3021694564,20260901,0,aeroplane,s_pos
,per_class,all,micro,target_mean,604.1962974946815,519.3581558419195,688.4136185821774,71,79,71,79,,5000,5000,1.0,3021694564,20260901,1,bicycle,s_pos
,per_class,all,micro,other_fg_mean,177.88835298913975,56.01832473586583,292.5840341169751,48,79,48,79,,5000,5000,1.0,3021694564,20260901,1,bicycle,s_pos
,per_class,all,micro,bg_mean,136.3536833155014,98.33278982611849,175.69695840168362,79,79,79,79,,5000,5000,1.0,3021694564,20260901,1,bicycle,s_pos
,per_class,all,micro,auc_target_bg,0.7124969490244896,0.6727789107748632,0.749604890183514,71,79,71,79,,5000,5000,1.0,3021694564,20260901,1,bicycle,s_pos
,per_class,all,micro,auc_target_other,0.6961514944719467,0.6353914141161622,0.7582942204085602,41,79,41,79,,5000,5000,1.0,3021694564,20260901,1,bicycle,s_pos
,per_class,all,micro,target_mean,-434.04109146376123,-596.9122985814245,-271.78394788285794,99,103,99,103,,5000,5000,1.0,3021694564,20260901,2,bird,s_pos
,per_class,all,micro,other_fg_mean,62.63524205352452,-151.32457909525976,414.5212993445029,9,103,9,103,,5000,5000,1.0,3021694564,20260901,2,bird,s_pos
,per_class,all,micro,bg_mean,-451.3249674392795,-585.6576604367907,-326.2391677857601,103,103,103,103,,5000,5000,1.0,3021694564,20260901,2,bird,s_pos
,per_class,all,micro,auc_target_bg,0.4744399007958176,0.43512346926874146,0.5145255031254875,99,103,99,103,,5000,5000,1.0,3021694564,20260901,2,bird,s_pos
,per_class,all,micro,auc_target_other,0.42540166559084697,0.20079248469764002,0.6995885822229951,5,103,5,103,,5000,4969,0.9938,3021694564,20260901,2,bird,s_pos
,per_class,all,micro,target_mean,-81.3835172442791,-241.7500574354598,85.93895619814056,69,72,69,72,,5000,5000,1.0,3021694564,20260901,3,boat,s_pos
,per_class,all,micro,other_fg_mean,-223.09735797582903,-424.6574269043564,-25.266460843898976,17,72,17,72,,5000,5000,1.0,3021694564,20260901,3,boat,s_pos
,per_class,all,micro,bg_mean,-224.1869146063605,-316.6880178859816,-132.3382507441885,72,72,72,72,,5000,5000,1.0,3021694564,20260901,3,boat,s_pos
,per_class,all,micro,auc_target_bg,0.5228477094335902,0.4642291388787566,0.5806730987114956,69,72,69,72,,5000,5000,1.0,3021694564,20260901,3,boat,s_pos
,per_class,all,micro,auc_target_other,0.575974060106558,0.4516345742607084,0.6962988538713494,15,72,15,72,,5000,5000,1.0,3021694564,20260901,3,boat,s_pos
,per_class,all,micro,target_mean,-20.725287670083144,-126.13819650207058,78.97147295049967,87,96,87,96,,5000,5000,1.0,3021694564,20260901,4,bottle,s_pos
,per_class,all,micro,other_fg_mean,36.83449213015604,-26.274274504805764,97.35474152320529,60,96,60,96,,5000,5000,1.0,3021694564,20260901,4,bottle,s_pos
,per_class,all,micro,bg_mean,-240.3120214988379,-324.44576694271444,-162.9408844690305,93,96,93,96,,5000,5000,1.0,3021694564,20260901,4,bottle,s_pos
,per_class,all,micro,auc_target_bg,0.5876431261288656,0.5353298181847417,0.6409417151025109,84,96,84,96,,5000,5000,1.0,3021694564,20260901,4,bottle,s_pos
,per_class,all,micro,auc_target_other,0.4573525493254584,0.37882858547896636,0.5407763282283082,51,96,51,96,,5000,5000,1.0,3021694564,20260901,4,bottle,s_pos
,per_class,all,micro,target_mean,9.03433316277645,-41.91380541725592,58.52978345429489,73,74,73,74,,5000,5000,1.0,3021694564,20260901,5,bus,s_pos
,per_class,all,micro,other_fg_mean,-152.83772781882266,-271.425067743125,-47.87291495523067,34,74,34,74,,5000,5000,1.0,3021694564,20260901,5,bus,s_pos
,per_class,all,micro,bg_mean,142.94952397740082,103.78462148535469,183.2599129534509,74,74,74,74,,5000,5000,1.0,3021694564,20260901,5,bus,s_pos
,per_class,all,micro,auc_target_bg,0.4025399264370463,0.36172897451489294,0.444835781497087,73,74,73,74,,5000,5000,1.0,3021694564,20260901,5,bus,s_pos
,per_class,all,micro,auc_target_other,0.672271487253329,0.5977401371425847,0.7461082898598742,33,74,33,74,,5000,5000,1.0,3021694564,20260901,5,bus,s_pos
,per_class,all,micro,target_mean,125.76777549968659,86.47029005770932,164.99683187821847,113,127,113,127,,5000,5000,1.0,3021694564,20260901,6,car,s_pos
,per_class,all,micro,other_fg_mean,51.49111914315961,-20.33967894466364,121.7113387622616,79,127,79,127,,5000,5000,1.0,3021694564,20260901,6,car,s_pos
,per_class,all,micro,bg_mean,56.416615227045654,1.008227459857861,107.14564823204998,127,127,127,127,,5000,5000,1.0,3021694564,20260901,6,car,s_pos
,per_class,all,micro,auc_target_bg,0.4794930153668587,0.43801698408123946,0.5198198232939516,113,127,113,127,,5000,5000,1.0,3021694564,20260901,6,car,s_pos
,per_class,all,micro,auc_target_other,0.4614582948513341,0.39847162355093113,0.5248629697006042,66,127,66,127,,5000,5000,1.0,3021694564,20260901,6,car,s_pos
,per_class,all,micro,target_mean,809.7118997703355,728.8737749979804,889.5617364645396,119,119,119,119,,5000,5000,1.0,3021694564,20260901,7,cat,s_pos
,per_class,all,micro,other_fg_mean,-179.24837628525182,-377.8488555680344,-26.696893671084837,30,119,30,119,,5000,5000,1.0,3021694564,20260901,7,cat,s_pos
,per_class,all,micro,bg_mean,-401.5687179769203,-513.4854817854884,-298.45603974351843,113,119,113,119,,5000,5000,1.0,3021694564,20260901,7,cat,s_pos
,per_class,all,micro,auc_target_bg,0.8193471808217927,0.7909262519174629,0.8446501542275974,113,119,113,119,,5000,5000,1.0,3021694564,20260901,7,cat,s_pos
,per_class,all,micro,auc_target_other,0.742609835872744,0.6551949723036041,0.8192101656288827,30,119,30,119,,5000,5000,1.0,3021694564,20260901,7,cat,s_pos
,per_class,all,micro,target_mean,-54.61528743435035,-94.39236443858854,-14.870271675377019,112,123,112,123,,5000,5000,1.0,3021694564,20260901,8,chair,s_pos
,per_class,all,micro,other_fg_mean,32.41693837683274,-8.32328733002698,75.86405847812,107,123,107,123,,5000,5000,1.0,3021694564,20260901,8,chair,s_pos
,per_class,all,micro,bg_mean,-49.91655307916337,-79.72915500939591,-22.204119850830992,122,123,122,123,,5000,5000,1.0,3021694564,20260901,8,chair,s_pos
,per_class,all,micro,auc_target_bg,0.4649233095021581,0.4245120938329048,0.5058595073728844,111,123,111,123,,5000,5000,1.0,3021694564,20260901,8,chair,s_pos
,per_class,all,micro,auc_target_other,0.4170583296686802,0.3640332515578709,0.4697288770936464,96,123,96,123,,5000,5000,1.0,3021694564,20260901,8,chair,s_pos
,per_class,all,micro,target_mean,-670.5823099620169,-738.2985130569651,-604.2794735142897,71,71,71,71,,5000,5000,1.0,3021694564,20260901,9,cow,s_pos
,per_class,all,micro,other_fg_mean,-355.1254054449588,-593.9088536866763,-135.04000455115968,14,71,14,71,,5000,5000,1.0,3021694564,20260901,9,cow,s_pos
,per_class,all,micro,bg_mean,-400.4448060250533,-484.5243740046864,-316.47827750873535,71,71,71,71,,5000,5000,1.0,3021694564,20260901,9,cow,s_pos
,per_class,all,micro,auc_target_bg,0.29618329724042786,0.25051893063229635,0.3431182704439054,71,71,71,71,,5000,5000,1.0,3021694564,20260901,9,cow,s_pos
,per_class,all,micro,auc_target_other,0.3570241738106352,0.20306000000748983,0.5283943108605367,14,71,14,71,,5000,5000,1.0,3021694564,20260901,9,cow,s_pos
,per_class,all,micro,target_mean,5.073648829568105,-33.93632451366168,40.46655655352233,73,75,73,75,,5000,5000,1.0,3021694564,20260901,10,diningtable,s_pos
,per_class,all,micro,other_fg_mean,74.34254194159536,40.43533958434308,110.64149419177267,70,75,70,75,,5000,5000,1.0,3021694564,20260901,10,diningtable,s_pos
,per_class,all,micro,bg_mean,-10.522537892199741,-37.31093414382024,17.46430155834453,73,75,73,75,,5000,5000,1.0,3021694564,20260901,10,diningtable,s_pos
,per_class,all,micro,auc_target_bg,0.5692327450112299,0.5324155885700999,0.6044921703697402,71,75,71,75,,5000,5000,1.0,3021694564,20260901,10,diningtable,s_pos
,per_class,all,micro,auc_target_other,0.4439239073174816,0.3974979041358958,0.4919963609826983,68,75,68,75,,5000,5000,1.0,3021694564,20260901,10,diningtable,s_pos
,per_class,all,micro,target_mean,395.9327249040212,316.9642655717047,470.6687306437749,128,128,128,128,,5000,5000,1.0,3021694564,20260901,11,dog,s_pos
,per_class,all,micro,other_fg_mean,180.6390491823248,44.23024904803211,296.23044810848216,43,128,43,128,,5000,5000,1.0,3021694564,20260901,11,dog,s_pos
,per_class,all,micro,bg_mean,111.44132751693616,47.8938337778528,171.03675005601383,124,128,124,128,,5000,5000,1.0,3021694564,20260901,11,dog,s_pos
,per_class,all,micro,auc_target_bg,0.6183944017189453,0.57854132403497,0.6585498833470307,124,128,124,128,,5000,5000,1.0,3021694564,20260901,11,dog,s_pos
,per_class,all,micro,auc_target_other,0.5559063610718677,0.47916572815871433,0.6297309798472922,43,128,43,128,,5000,5000,1.0,3021694564,20260901,11,dog,s_pos
,per_class,all,micro,target_mean,-13.958117339481184,-81.58761498854578,50.070207721228975,77,79,77,79,,5000,5000,1.0,3021694564,20260901,12,horse,s_pos
,per_class,all,micro,other_fg_mean,-77.68497397780231,-182.55337236254508,19.602562145010268,34,79,34,79,,5000,5000,1.0,3021694564,20260901,12,horse,s_pos
,per_class,all,micro,bg_mean,-210.46385266224308,-298.78939417154515,-128.81422666820433,79,79,79,79,,5000,5000,1.0,3021694564,20260901,12,horse,s_pos
,per_class,all,micro,auc_target_bg,0.5782330810886273,0.5381852790813472,0.618095342866559,77,79,77,79,,5000,5000,1.0,3021694564,20260901,12,horse,s_pos
,per_class,all,micro,auc_target_other,0.5520367085012021,0.4939759507741162,0.6093676090687064,33,79,33,79,,5000,5000,1.0,3021694564,20260901,12,horse,s_pos
,per_class,all,micro,target_mean,-12.367008189410013,-106.71509929847574,81.1813684874898,75,76,75,76,,5000,5000,1.0,3021694564,20260901,13,motorbike,s_pos
,per_class,all,micro,other_fg_mean,147.4700231969402,22.89099930829111,265.5349121204064,52,76,52,76,,5000,5000,1.0,3021694564,20260901,13,motorbike,s_pos
,per_class,all,micro,bg_mean,145.57815435993197,74.52293120760721,215.22774638637145,76,76,76,76,,5000,5000,1.0,3021694564,20260901,13,motorbike,s_pos
,per_class,all,micro,auc_target_bg,0.41404343001322297,0.3722899733941155,0.4549904964365428,75,76,75,76,,5000,5000,1.0,3021694564,20260901,13,motorbike,s_pos
,per_class,all,micro,auc_target_other,0.4933466818036684,0.4373363096497431,0.548606265685199,51,76,51,76,,5000,5000,1.0,3021694564,20260901,13,motorbike,s_pos
,per_class,all,micro,target_mean,335.4129580006328,299.06875249969545,372.9969815586066,413,445,413,445,,5000,5000,1.0,3021694564,20260901,14,person,s_pos
,per_class,all,micro,other_fg_mean,110.69506489313008,58.590424495200956,161.74698803047073,373,445,373,445,,5000,5000,1.0,3021694564,20260901,14,person,s_pos
,per_class,all,micro,bg_mean,-0.08001141933735444,-34.93767137348955,33.87337409263448,441,445,441,445,,5000,5000,1.0,3021694564,20260901,14,person,s_pos
,per_class,all,micro,auc_target_bg,0.6010926342002926,0.5808489802998682,0.6215110640513464,409,445,409,445,,5000,5000,1.0,3021694564,20260901,14,person,s_pos
,per_class,all,micro,auc_target_other,0.541387629885539,0.5150180781592174,0.5675479331172477,343,445,343,445,,5000,5000,1.0,3021694564,20260901,14,person,s_pos
,per_class,all,micro,target_mean,374.60968633597537,281.8603535798928,475.0352312328371,68,85,68,85,,5000,5000,1.0,3021694564,20260901,15,pottedplant,s_pos
,per_class,all,micro,other_fg_mean,43.025668822729735,-28.461751085611446,113.16282788280374,60,85,60,85,,5000,5000,1.0,3021694564,20260901,15,pottedplant,s_pos
,per_class,all,micro,bg_mean,-60.233852536436494,-118.15013515205199,-7.903797167648377,85,85,85,85,,5000,5000,1.0,3021694564,20260901,15,pottedplant,s_pos
,per_class,all,micro,auc_target_bg,0.6940280105031602,0.645666536695059,0.741554799382484,68,85,68,85,,5000,5000,1.0,3021694564,20260901,15,pottedplant,s_pos
,per_class,all,micro,auc_target_other,0.6105256942531577,0.5323805161492787,0.684763835375038,44,85,44,85,,5000,5000,1.0,3021694564,20260901,15,pottedplant,s_pos
,per_class,all,micro,target_mean,-444.5353141512482,-517.1020688696308,-371.63275164851774,57,57,57,57,,5000,5000,1.0,3021694564,20260901,16,sheep,s_pos
,per_class,all,micro,other_fg_mean,-188.54202542463202,-449.1411471847101,16.749032362658753,5,57,5,57,,5000,4971,0.9942,3021694564,20260901,16,sheep,s_pos
,per_class,all,micro,bg_mean,-245.90589856371471,-306.8648158647124,-187.73864762090707,57,57,57,57,,5000,5000,1.0,3021694564,20260901,16,sheep,s_pos
,per_class,all,micro,auc_target_bg,0.35378981141907384,0.30542993837788884,0.4040829890628678,57,57,57,57,,5000,5000,1.0,3021694564,20260901,16,sheep,s_pos
,per_class,all,micro,auc_target_other,0.4242907056504963,0.13472551256178525,0.8010012515644556,5,57,5,57,,5000,4971,0.9942,3021694564,20260901,16,sheep,s_pos
,per_class,all,micro,target_mean,202.8975971566897,143.89576543877865,262.5454840625962,88,90,88,90,,5000,5000,1.0,3021694564,20260901,17,sofa,s_pos
,per_class,all,micro,other_fg_mean,78.35967736447617,21.446092434565795,135.0493994571053,63,90,63,90,,5000,5000,1.0,3021694564,20260901,17,sofa,s_pos
,per_class,all,micro,bg_mean,56.769674085953774,4.884503389257023,99.95044694120327,85,90,85,90,,5000,5000,1.0,3021694564,20260901,17,sofa,s_pos
,per_class,all,micro,auc_target_bg,0.6122954286039308,0.5653935729212366,0.6571663974999642,83,90,83,90,,5000,5000,1.0,3021694564,20260901,17,sofa,s_pos
,per_class,all,micro,auc_target_other,0.5469774765720515,0.47103187179613176,0.6197215547328688,61,90,61,90,,5000,5000,1.0,3021694564,20260901,17,sofa,s_pos
,per_class,all,micro,target_mean,-229.8120294084605,-293.1319853629933,-167.37925245063184,84,84,84,84,,5000,5000,1.0,3021694564,20260901,18,train,s_pos
,per_class,all,micro,other_fg_mean,-363.90417411527443,-751.1905415929491,-68.74289853942255,10,84,10,84,,5000,5000,1.0,3021694564,20260901,18,train,s_pos
,per_class,all,micro,bg_mean,-207.73904531668984,-272.41910821661304,-143.53034637984638,83,84,83,84,,5000,5000,1.0,3021694564,20260901,18,train,s_pos
,per_class,all,micro,auc_target_bg,0.44017545937544955,0.4109880136033587,0.4702467807742304,83,84,83,84,,5000,5000,1.0,3021694564,20260901,18,train,s_pos
,per_class,all,micro,auc_target_other,0.475525470894768,0.321106552647274,0.6549173119684863,10,84,10,84,,5000,5000,1.0,3021694564,20260901,18,train,s_pos
,per_class,all,micro,target_mean,700.740298683561,587.3411419400472,817.4628072210787,67,74,67,74,,5000,5000,1.0,3021694564,20260901,19,tvmonitor,s_pos
,per_class,all,micro,other_fg_mean,-84.96003211936706,-183.024248222766,5.457120509330429,37,74,37,74,,5000,5000,1.0,3021694564,20260901,19,tvmonitor,s_pos
,per_class,all,micro,bg_mean,20.824952206172007,-51.299400394680646,84.07390834585019,73,74,73,74,,5000,5000,1.0,3021694564,20260901,19,tvmonitor,s_pos
,per_class,all,micro,auc_target_bg,0.7589026022845479,0.721152626907696,0.7952170541819161,66,74,66,74,,5000,5000,1.0,3021694564,20260901,19,tvmonitor,s_pos
,per_class,all,micro,auc_target_other,0.7014703224861167,0.5962455207334008,0.801170303353687,31,74,31,74,,5000,5000,1.0,3021694564,20260901,19,tvmonitor,s_pos
