method,seed,epoch,run,checkpoint,checkpoint_sha256,class_macro_mAP_percent,patch_macro_mAP_percent,class_val_loss,patch_val_loss,classification_images,cam_images,fixed_mean_iou_percent,fixed_semantic_foreground_precision_percent,fixed_semantic_foreground_recall_percent,fixed_threshold,best_mean_iou_percent,best_semantic_foreground_precision_percent,best_semantic_foreground_recall_percent,best_threshold,evaluation_seconds,evaluation_finished_utc,scope
all_product,0,1,all_product_s0,/home/peng/code/TGCA/results/voc_epoch_checkpoints/20260916-gwrp-all-product-s0-s11-r2/all_product_s0/epoch_checkpoints/mctformerplus_epoch_001.pth,298bf1a6db40f54912634b9a2626bddd21fc801dec098418be5398f05ca02283,7.887346877679634,8.337057034607806,0.6333895518583952,0.5197630201108379,1449,1464,18.897416838667933,29.044337564201438,24.62015415560861,0.45,21.137643945690147,24.626968356794663,43.32799392408191,0.26,144.7675495147705,2026-09-16T13:46:33.383511+00:00,full
gwrp,0,1,gwrp_s0,/home/peng/code/TGCA/results/voc_epoch_checkpoints/20260916-gwrp-all-product-s0-s11-r2/gwrp_s0/epoch_checkpoints/mctformerplus_epoch_001.pth,d6e463f1d07692171d7d403e03147dbf7edbaa963dcf50a2fcfaecc8b8d26dd3,7.778885343765903,9.100503173500643,0.6166151103436988,0.3769868520969683,1449,1464,14.068806249230468,35.09803575798396,13.456960010788832,0.45,20.75342963465601,25.84092910162597,43.41340551460778,0.13,144.39979910850525,2026-09-16T13:44:07.799791+00:00,full
all_product,11,1,all_product_s11,/home/peng/code/TGCA/results/voc_epoch_checkpoints/20260916-gwrp-all-product-s0-s11-r2/all_product_s11/epoch_checkpoints/mctformerplus_epoch_001.pth,ba7e0220b1e94a66d97706694c31f5622be91104cc68e086faf86e9302c10b7c,7.945615472096959,8.162720665394172,0.6322083370368015,0.5239741536071993,1449,1464,17.078199213170414,27.251487864169437,26.471379440900154,0.45,19.320019312763254,23.4988143572719,49.89072994586359,0.23,144.4482171535492,2026-09-16T13:51:23.836849+00:00,full
gwrp,11,1,gwrp_s11,/home/peng/code/TGCA/results/voc_epoch_checkpoints/20260916-gwrp-all-product-s0-s11-r2/gwrp_s11/epoch_checkpoints/mctformerplus_epoch_001.pth,f7e8c9c5a97c496093e6248aa6ea6e9a4369b06066e819191d176b12e45d5b7b,7.839274332160293,9.049364062390676,0.61895239493039,0.36428388940868417,1449,1464,10.068425879235415,25.83128376747642,10.279894786497266,0.45,18.357713016722013,21.277957513477606,60.88120415156476,0.05,144.36562752723694,2026-09-16T13:48:58.671735+00:00,full
all_product,0,2,all_product_s0,/home/peng/code/TGCA/results/voc_epoch_checkpoints/20260916-gwrp-all-product-s0-s11-r2/all_product_s0/epoch_checkpoints/mctformerplus_epoch_002.pth,e64fee49028e8e4378c4527673b94cee64c5d2f98c42acdff39f7b8cd5d0e6d2,7.503594308383688,9.910576418713008,0.5403074608168329,0.27382642368023113,1449,1464,9.067507838989759,22.591883106991034,10.654964324839513,0.45,17.352319758268063,20.0054486536625,74.63019835173539,0.0,144.5138921737671,2026-09-16T13:56:14.316998+00:00,full
gwrp,0,2,gwrp_s0,/home/peng/code/TGCA/results/voc_epoch_checkpoints/20260916-gwrp-all-product-s0-s11-r2/gwrp_s0/epoch_checkpoints/mctformerplus_epoch_002.pth,8c3039bf07dce7b31368dabb24965d41ce12ec01d6e094f4124ec5c82d1db7e1,8.013911301914609,11.955020211660363,0.4645958181246961,0.24642450956330783,1449,1464,4.345668428166538,18.738981288680062,4.49935668288899,0.45,11.434267121358198,18.092626577190952,43.13487097893151,0.0,144.08158588409424,2026-09-16T13:53:48.805276+00:00,full
all_product,11,2,all_product_s11,/home/peng/code/TGCA/results/voc_epoch_checkpoints/20260916-gwrp-all-product-s0-s11-r2/all_product_s11/epoch_checkpoints/mctformerplus_epoch_002.pth,6858762aeced04802d592da7510919a8aa029b7b0047d638841760da21d04113,7.538448440491205,9.712268992733277,0.5353310198270509,0.27089200217695875,1449,1464,7.74108968674202,18.98364161830008,11.709192743850673,0.45,17.408307983267697,20.531836959643933,76.85394752638472,0.0,144.62226557731628,2026-09-16T14:01:04.433994+00:00,full
gwrp,11,2,gwrp_s11,/home/peng/code/TGCA/results/voc_epoch_checkpoints/20260916-gwrp-all-product-s0-s11-r2/gwrp_s11/epoch_checkpoints/mctformerplus_epoch_002.pth,c5860cadeae2697282498bd2cf26eabe975f45beac0e3930b01543eafb1057f8,7.96584512714172,11.075664413544164,0.46196976106606163,0.24693259329447012,1449,1464,4.138748108014305,19.668659860707535,2.8619356609680784,0.45,11.286652252215339,17.90203446403172,37.91309602086628,0.0,143.93429231643677,2026-09-16T13:58:39.133269+00:00,full
all_product,0,3,all_product_s0,/home/peng/code/TGCA/results/voc_epoch_checkpoints/20260916-gwrp-all-product-s0-s11-r2/all_product_s0/epoch_checkpoints/mctformerplus_epoch_003.pth,1512591b8af1d3f542e67a4e9ac260269a3a84e0b667d599d5ca33e8aa02a923,9.797084435686946,38.6018139293464,0.2648114994363673,0.1883290774292416,1449,1464,20.466523059209084,51.1310336855971,31.01902026335079,0.45,24.74502202462997,37.38736732507774,50.30600803260403,0.2,144.22889876365662,2026-09-16T14:05:54.671035+00:00,full
gwrp,0,3,gwrp_s0,/home/peng/code/TGCA/results/voc_epoch_checkpoints/20260916-gwrp-all-product-s0-s11-r2/gwrp_s0/epoch_checkpoints/mctformerplus_epoch_003.pth,60d4f6b3d5a24bf64b77263950988ae82a43fd62c1a3603a67dc63e47698b6cd,9.616093047448535,31.011738348707613,0.26403119506056016,0.2099185628344718,1449,1464,6.88115351425277,32.774295750745466,14.656657975511461,0.45,16.333333821740894,20.141182461689446,61.647199460159065,0.0,144.13033747673035,2026-09-16T14:03:29.543659+00:00,full
all_product,11,3,all_product_s11,/home/peng/code/TGCA/results/voc_epoch_checkpoints/20260916-gwrp-all-product-s0-s11-r2/all_product_s11/epoch_checkpoints/mctformerplus_epoch_003.pth,315d7278fa40965af60bf48af26b77a4f8413ef37a4e1d61290e848471c8caae,10.004470714197744,36.79051145098242,0.26485842719334746,0.19544757291767167,1449,1464,14.674633584282137,33.78348347559835,29.52236470613024,0.45,17.89795698716764,21.226770964206956,76.37964607976787,0.0,144.32708621025085,2026-09-16T14:10:44.657023+00:00,full
gwrp,11,3,gwrp_s11,/home/peng/code/TGCA/results/voc_epoch_checkpoints/20260916-gwrp-all-product-s0-s11-r2/gwrp_s11/epoch_checkpoints/mctformerplus_epoch_003.pth,72ced3ec598921a382bb35f69d04130e69833c31b56539dc182f2786293ea9ca,8.02579606659613,28.215923404539662,0.2650350005648069,0.21118372896772322,1449,1464,6.716129712229502,34.2267458245766,12.891709468635934,0.45,14.571857654661235,19.77110062788259,59.12172054651983,0.0,144.0263795852661,2026-09-16T14:08:19.634162+00:00,full
all_product,0,4,all_product_s0,/home/peng/code/TGCA/results/voc_epoch_checkpoints/20260916-gwrp-all-product-s0-s11-r2/all_product_s0/epoch_checkpoints/mctformerplus_epoch_004.pth,b3e70ea3e6a49b75b5b45c78097929bf3ea248000897e94f37326753d39be224,13.09180162564821,70.08717190463867,0.261319431170996,0.11637562473244796,1449,1464,47.331664647087415,64.85788109744794,64.17067573609452,0.45,47.82746868034693,60.8594565276554,68.81680882192765,0.39,144.43868160247803,2026-09-16T14:15:35.261401+00:00,full
gwrp,0,4,gwrp_s0,/home/peng/code/TGCA/results/voc_epoch_checkpoints/20260916-gwrp-all-product-s0-s11-r2/gwrp_s0/epoch_checkpoints/mctformerplus_epoch_004.pth,33ef1f507f2119a2457e5f37e5bc3818aae4289d28dc7de7c7ddbf12ad5dd5e2,12.829953537251825,61.313110354543255,0.26189586853388674,0.13890086022881165,1449,1464,30.50251243622448,52.905233311084785,46.71232610044828,0.45,33.38105643019263,42.88865450722845,59.31190306289672,0.28,144.31555008888245,2026-09-16T14:13:09.948292+00:00,full
all_product,11,4,all_product_s11,/home/peng/code/TGCA/results/voc_epoch_checkpoints/20260916-gwrp-all-product-s0-s11-r2/all_product_s11/epoch_checkpoints/mctformerplus_epoch_004.pth,cc81236b4490a47d84ac7150447118f57f406a9af88bf172dc904f3572511aaf,13.58212090332411,70.20227684967453,0.26279709693314374,0.12379672905858259,1449,1464,45.139653741525045,55.36492969701443,68.07562262482668,0.45,45.14560737525756,56.01722794610108,67.30086653256153,0.46,144.43651914596558,2026-09-16T14:20:25.546644+00:00,full
gwrp,11,4,gwrp_s11,/home/peng/code/TGCA/results/voc_epoch_checkpoints/20260916-gwrp-all-product-s0-s11-r2/gwrp_s11/epoch_checkpoints/mctformerplus_epoch_004.pth,16496f194af8a5ac493ef2a4961beb5c6f80ce1e48f8d66ac20ba6234c016a43,13.260235606057314,54.75698156197575,0.26202106467603076,0.15994663759706101,1449,1464,26.596509034176073,51.195812288738466,45.00061538757536,0.45,28.28876382299019,42.1416717481009,55.08223240317114,0.3,144.19471216201782,2026-09-16T14:18:00.426643+00:00,full
all_product,0,5,all_product_s0,/home/peng/code/TGCA/results/voc_epoch_checkpoints/20260916-gwrp-all-product-s0-s11-r2/all_product_s0/epoch_checkpoints/mctformerplus_epoch_005.pth,7f48b236a4745820e75d473930c5af9f07102169be91c58d73674dcc9b5093d7,13.552594383744601,82.21808359955514,0.2443810258551743,0.08612689508023634,1449,1464,58.089629436036326,64.94042045033666,77.70889383051002,0.45,58.48136571421806,68.4535339493884,74.12714150830111,0.5,144.28679871559143,2026-09-16T14:25:16.024945+00:00,full
gwrp,0,5,gwrp_s0,/home/peng/code/TGCA/results/voc_epoch_checkpoints/20260916-gwrp-all-product-s0-s11-r2/gwrp_s0/epoch_checkpoints/mctformerplus_epoch_005.pth,e021b71e8afd647dd2af73292ecacf35825d8decfa2b6f25c0a77aebb22869e9,13.519193953457108,83.09451512060777,0.25999064479226325,0.08565089109130693,1449,1464,58.80865295975077,71.44414771361718,75.45768704087847,0.45,58.80865295975077,71.44414771361718,75.45768704087847,0.45,144.3850076198578,2026-09-16T14:22:50.852848+00:00,full
all_product,11,5,all_product_s11,/home/peng/code/TGCA/results/voc_epoch_checkpoints/20260916-gwrp-all-product-s0-s11-r2/all_product_s11/epoch_checkpoints/mctformerplus_epoch_005.pth,e86def2758cad0d89e591bf806dc62aec1b946b9531756633a2f063e31033d0b,14.07130243342804,82.9463179724254,0.2608028810710394,0.08707857903239644,1449,1464,55.163331791173974,58.966244375812174,78.50835769233032,0.45,55.95604042726576,64.10106509438826,73.19549145750233,0.52,144.4528250694275,2026-09-16T14:30:06.612639+00:00,full
gwrp,11,5,gwrp_s11,/home/peng/code/TGCA/results/voc_epoch_checkpoints/20260916-gwrp-all-product-s0-s11-r2/gwrp_s11/epoch_checkpoints/mctformerplus_epoch_005.pth,a6438d72cbb41b52aae7221e8fde81db0a03b5b37b97b6bab9b535e8f9af4e60,15.401764946928298,77.87176368965964,0.24325976852427852,0.10108077381605769,1449,1464,49.11595896121333,63.523619765605574,69.58378578601268,0.45,49.23417738197293,61.286543055953246,72.1106154213056,0.42,144.3748424053192,2026-09-16T14:27:41.425578+00:00,full
all_product,0,6,all_product_s0,/home/peng/code/TGCA/results/voc_epoch_checkpoints/20260916-gwrp-all-product-s0-s11-r2/all_product_s0/epoch_checkpoints/mctformerplus_epoch_006.pth,7269ee728a9ca73141290dc3d345b71f298497b682ea66172896f38225ab5768,18.33610101510262,86.518205603031,0.23294843275683597,0.07311586840264628,1449,1464,61.37388219677371,68.62442076041432,80.98526961652075,0.45,61.56164444708872,70.89299635910436,78.84263331913891,0.48,144.35570549964905,2026-09-16T14:34:57.206160+00:00,full
gwrp,0,6,gwrp_s0,/home/peng/code/TGCA/results/voc_epoch_checkpoints/20260916-gwrp-all-product-s0-s11-r2/gwrp_s0/epoch_checkpoints/mctformerplus_epoch_006.pth,e8ae41cccd5920de62a00459aa0b18ace8e5b22023feb66516261f067124ec2b,18.121271061781723,86.40780610677614,0.23491701728479875,0.07602950363446302,1449,1464,60.765130410972944,73.49542995326951,76.59502341202969,0.45,60.78952508709248,74.3180191862873,75.77892283411897,0.46,144.3365662097931,2026-09-16T14:32:31.892311+00:00,full
all_product,11,6,all_product_s11,/home/peng/code/TGCA/results/voc_epoch_checkpoints/20260916-gwrp-all-product-s0-s11-r2/all_product_s11/epoch_checkpoints/mctformerplus_epoch_006.pth,cc2922133e53c142a726ba534b256bb93dffe4df5d17f77c744104b27201361e,15.202697889517335,86.73175715717261,0.25032885170048724,0.07676543193574277,1449,1464,56.99601298362595,58.303353015756976,76.59838887191705,0.45,58.12798852770972,64.38063795576497,69.96391032073407,0.53,144.47576928138733,2026-09-16T14:39:48.146945+00:00,full
gwrp,11,6,gwrp_s11,/home/peng/code/TGCA/results/voc_epoch_checkpoints/20260916-gwrp-all-product-s0-s11-r2/gwrp_s11/epoch_checkpoints/mctformerplus_epoch_006.pth,f6971d8fe7273c1726b8529840a43a93dd1dd21326919a322b6859e35390a8df,26.907219992880755,85.09127248378545,0.2142072147114512,0.0792234435862636,1449,1464,60.25785922977609,71.47473757899111,78.87566322815486,0.45,60.3752393031485,73.15927478127409,77.01346729991361,0.47,144.41577291488647,2026-09-16T14:37:22.937870+00:00,full
all_product,0,7,all_product_s0,/home/peng/code/TGCA/results/voc_epoch_checkpoints/20260916-gwrp-all-product-s0-s11-r2/all_product_s0/epoch_checkpoints/mctformerplus_epoch_007.pth,e1f8896ddd0577ebe86d4d1695deec1b6342338a2b43805b1eef8af0ea20338f,30.983150215976142,87.57448248042158,0.19264333207209083,0.06978017945816962,1449,1464,64.13361792579086,70.50590667261676,82.93202858562638,0.45,64.40510728262613,72.91673778372166,80.9992442160261,0.48,144.47315883636475,2026-09-16T14:44:38.899320+00:00,full
gwrp,0,7,gwrp_s0,/home/peng/code/TGCA/results/voc_epoch_checkpoints/20260916-gwrp-all-product-s0-s11-r2/gwrp_s0/epoch_checkpoints/mctformerplus_epoch_007.pth,89c61ef9c61d7fe81fe5f3f2d969e02dafe30bc5cc1d181a2d7bd476f5053afb,29.851136551681407,88.76258663808866,0.18732984957405416,0.06546300876399745,1449,1464,65.62302056294247,76.29690848752725,81.80214009064841,0.45,65.66588703042866,77.10396904789744,81.06199756425407,0.46,144.3969807624817,2026-09-16T14:42:13.499657+00:00,full
all_product,11,7,all_product_s11,/home/peng/code/TGCA/results/voc_epoch_checkpoints/20260916-gwrp-all-product-s0-s11-r2/all_product_s11/epoch_checkpoints/mctformerplus_epoch_007.pth,dd59f1d2faa267ba5401141827241902f1c7de1a5a92959ca64f9c3152862dd6,21.351219886116564,87.87517668610853,0.21437186249541446,0.0709268320647497,1449,1464,58.6668069058638,63.31863730412828,79.68151465721309,0.45,59.14235244476641,67.5786477843211,75.7909764744976,0.5,144.57657098770142,2026-09-16T14:49:30.012373+00:00,full
gwrp,11,7,gwrp_s11,/home/peng/code/TGCA/results/voc_epoch_checkpoints/20260916-gwrp-all-product-s0-s11-r2/gwrp_s11/epoch_checkpoints/mctformerplus_epoch_007.pth,604387c25b06c10c3ec22be626f659121c64dab0058936724e6e5ab9b3a5925a,32.72335984583006,87.92221824010312,0.1826050914284112,0.0713546534060527,1449,1464,62.46829952021514,73.78728570137432,79.92143186417724,0.45,62.752979364553894,76.23924904989173,77.21863329747896,0.48,144.48472213745117,2026-09-16T14:47:04.761290+00:00,full
all_product,0,8,all_product_s0,/home/peng/code/TGCA/results/voc_epoch_checkpoints/20260916-gwrp-all-product-s0-s11-r2/all_product_s0/epoch_checkpoints/mctformerplus_epoch_008.pth,ed4ac359c70a4bce280f16461ec43db35e1bbfcfa28ca3305511c306eacdc054,46.264608740818616,89.53374738538415,0.15229453375785412,0.06152062487754433,1449,1464,65.78323104784255,74.25755217161985,84.12524974170285,0.45,66.12485264718082,77.43109371111088,81.54459846183812,0.49,144.34297227859497,2026-09-16T14:54:20.599440+00:00,full
gwrp,0,8,gwrp_s0,/home/peng/code/TGCA/results/voc_epoch_checkpoints/20260916-gwrp-all-product-s0-s11-r2/gwrp_s0/epoch_checkpoints/mctformerplus_epoch_008.pth,66b6c96f16be39f623d65f6a1c954c8891cd5133b8a34bbf3469a70e5f9845b5,35.76425115779725,90.23516951587402,0.16631111625024086,0.059748261858464276,1449,1464,65.18637486026803,77.8352047811554,81.28974617580525,0.45,65.26877867806976,79.4706463000805,79.68491944382274,0.47,144.36167740821838,2026-09-16T14:51:55.358123+00:00,full
all_product,11,8,all_product_s11,/home/peng/code/TGCA/results/voc_epoch_checkpoints/20260916-gwrp-all-product-s0-s11-r2/all_product_s11/epoch_checkpoints/mctformerplus_epoch_008.pth,aaee4fe8f8f45599ec0295b78ae6e9c710846a1866e39ab81bd7d7103257f22a,39.357706548438195,89.60483961358659,0.1722236830275827,0.06330852194581878,1449,1464,62.229270893296054,65.67832387969659,84.8399297279875,0.45,63.515237244906174,71.75799315392246,80.07485599575284,0.52,144.45127773284912,2026-09-16T14:59:11.474441+00:00,full
gwrp,11,8,gwrp_s11,/home/peng/code/TGCA/results/voc_epoch_checkpoints/20260916-gwrp-all-product-s0-s11-r2/gwrp_s11/epoch_checkpoints/mctformerplus_epoch_008.pth,86557249f1b22bdf4508e198f8397516f1e2d75f62a68b657d45289ef1971e5f,49.11770437992266,89.45333754928907,0.13983604590632817,0.06382655319446033,1449,1464,65.67602705149233,78.88533217490148,79.85712813555172,0.45,65.67695521866315,79.6584711879519,78.9233635171473,0.46,144.3868420124054,2026-09-16T14:56:46.356620+00:00,full
all_product,0,9,all_product_s0,/home/peng/code/TGCA/results/voc_epoch_checkpoints/20260916-gwrp-all-product-s0-s11-r2/all_product_s0/epoch_checkpoints/mctformerplus_epoch_009.pth,8ee8d4db1524464fd8615b45f3a451dddd93b5ac514d11bc6bf9e0c1d025e30f,56.55291446618481,90.34180175420857,0.12851601908995086,0.06198592341567336,1449,1464,66.3413709333983,74.55425921113513,85.17385897712678,0.45,66.93818172973847,78.5641491747447,81.82955535377586,0.5,144.32975482940674,2026-09-16T15:04:02.157319+00:00,full
gwrp,0,9,gwrp_s0,/home/peng/code/TGCA/results/voc_epoch_checkpoints/20260916-gwrp-all-product-s0-s11-r2/gwrp_s0/epoch_checkpoints/mctformerplus_epoch_009.pth,36f24fba749e2fcf0a1a9f2b0113582b88397d6aa7403af87d5effbd7e64ae9c,38.518467805624006,91.19889340614611,0.1572768191496531,0.05894039742252677,1449,1464,64.93397060255222,78.74571863818298,79.37679154963122,0.45,64.93397060255222,78.74571863818298,79.37679154963122,0.45,144.55073976516724,2026-09-16T15:01:36.943859+00:00,full
all_product,11,9,all_product_s11,/home/peng/code/TGCA/results/voc_epoch_checkpoints/20260916-gwrp-all-product-s0-s11-r2/all_product_s11/epoch_checkpoints/mctformerplus_epoch_009.pth,a0aba2f8478ab7798ab03aa38a426d3fd03b44d675327d6803e08d4ab7e8a6e7,56.541933702411114,89.94579789256667,0.12846243027739068,0.0629084552615737,1449,1464,62.26673565661981,66.75024659303719,85.71653749325755,0.45,64.16893092543634,74.42458467143939,79.22398757021465,0.54,144.4291181564331,2026-09-16T15:08:52.691251+00:00,full
gwrp,11,9,gwrp_s11,/home/peng/code/TGCA/results/voc_epoch_checkpoints/20260916-gwrp-all-product-s0-s11-r2/gwrp_s11/epoch_checkpoints/mctformerplus_epoch_009.pth,a994abce0f432b11356b64b95754944d55200504ad6939e9c27b76af45bc2438,52.62700423457044,90.25255847834522,0.12611166786291914,0.06091868885123705,1449,1464,66.06997871187039,79.38491710954048,80.33192419132953,0.45,66.10462312032618,80.19609287261758,79.43466384659783,0.46,144.38778805732727,2026-09-16T15:06:27.545890+00:00,full
all_product,0,10,all_product_s0,/home/peng/code/TGCA/results/voc_epoch_checkpoints/20260916-gwrp-all-product-s0-s11-r2/all_product_s0/epoch_checkpoints/mctformerplus_epoch_010.pth,e9674c0207d54d8489a19f574f5d05856550a6dbe054c012e1d1d4eb6d8d0908,63.961881454222656,90.60210887330746,0.1114644259728589,0.062170379326580476,1449,1464,66.6193523193412,76.07741784619357,84.62112794575489,0.45,66.76006547830778,78.34851175470868,82.64363514318791,0.48,144.41023874282837,2026-09-16T15:13:43.312924+00:00,full
gwrp,0,10,gwrp_s0,/home/peng/code/TGCA/results/voc_epoch_checkpoints/20260916-gwrp-all-product-s0-s11-r2/gwrp_s0/epoch_checkpoints/mctformerplus_epoch_010.pth,428de990b414f11177762960d3534bc3e21052b1a09231417896260efe94afab,43.45862877560962,91.45050852506704,0.14800619575136525,0.058256237737428246,1449,1464,66.21094492460496,79.97703867593104,80.50190336041851,0.45,66.233996471064,79.16461112385778,81.40383753483647,0.44,144.3684902191162,2026-09-16T15:11:17.946324+00:00,full
all_product,11,10,all_product_s11,/home/peng/code/TGCA/results/voc_epoch_checkpoints/20260916-gwrp-all-product-s0-s11-r2/all_product_s11/epoch_checkpoints/mctformerplus_epoch_010.pth,a18048e1c14761f91501bbd2b02ce2d103f9c47b816916439165172088c33d9e,59.170155354599906,89.61574197608056,0.11462304459883477,0.06253920731522282,1449,1464,60.46659333106368,65.06716489382882,82.3124330509821,0.45,62.18190102773605,72.72445433877317,74.92972125657893,0.54,144.43076753616333,2026-09-16T15:18:33.758200+00:00,full
gwrp,11,10,gwrp_s11,/home/peng/code/TGCA/results/voc_epoch_checkpoints/20260916-gwrp-all-product-s0-s11-r2/gwrp_s11/epoch_checkpoints/mctformerplus_epoch_010.pth,3134778719300c4b225dfebc5d4c95ed2b13010d2c61eafe8465ba67f5f819b8,71.85510207014623,90.67556373464839,0.10364681445807733,0.05895682016041791,1449,1464,66.22208732919509,78.81718370112179,80.64131810346518,0.45,66.30140830733164,80.4620733363664,78.73471323037306,0.47,144.39796781539917,2026-09-16T15:16:08.611044+00:00,full
all_product,0,11,all_product_s0,/home/peng/code/TGCA/results/voc_epoch_checkpoints/20260916-gwrp-all-product-s0-s11-r2/all_product_s0/epoch_checkpoints/mctformerplus_epoch_011.pth,d12c83c4e52122ca93f59be7c348d2d37c05ed6f6f9e805eb3a0114043252bea,70.99655416324784,91.14690816231293,0.09678458377688075,0.056895707535324136,1449,1464,67.05630389868574,77.50765227883447,84.19097377002916,0.45,67.17425890780721,79.03723211416113,82.75561042204728,0.47,144.3887345790863,2026-09-16T15:23:24.527446+00:00,full
gwrp,0,11,gwrp_s0,/home/peng/code/TGCA/results/voc_epoch_checkpoints/20260916-gwrp-all-product-s0-s11-r2/gwrp_s0/epoch_checkpoints/mctformerplus_epoch_011.pth,c3f1a09d16dc50e4a0c95d4e1655a889771267f4ddd086d2e05c3ba067e14f21,44.44633943637764,91.45446990817155,0.14203786957955014,0.05446557099548515,1449,1464,65.94136518649917,80.40842087231724,79.69107710099195,0.45,65.97310941158301,79.60362567185982,80.61207566031797,0.44,144.3769452571869,2026-09-16T15:20:59.004198+00:00,full
all_product,11,11,all_product_s11,/home/peng/code/TGCA/results/voc_epoch_checkpoints/20260916-gwrp-all-product-s0-s11-r2/all_product_s11/epoch_checkpoints/mctformerplus_epoch_011.pth,6d482b9e175c21e166742c88a1415bdae1e73233b964a49b78f6aa0bd53b99e6,70.5244218385813,90.48987229549704,0.09726173651781964,0.06277797930071155,1449,1464,60.57731707295535,65.12018605749535,78.56530732388961,0.45,61.64514104595258,70.82848921961768,72.77570894849465,0.52,144.34957814216614,2026-09-16T15:28:14.864664+00:00,full
gwrp,11,11,gwrp_s11,/home/peng/code/TGCA/results/voc_epoch_checkpoints/20260916-gwrp-all-product-s0-s11-r2/gwrp_s11/epoch_checkpoints/mctformerplus_epoch_011.pth,bda9592341d9f88cfa751a2c1a55c5bce503e455d4ed98b2524529e7ae57238c,77.67501104342026,91.19216319567981,0.08968358193289584,0.056970348819483554,1449,1464,67.1841316251922,78.85856671250966,81.8349128634033,0.45,67.27173734186007,80.46156700388605,79.98534383814622,0.47,144.3884699344635,2026-09-16T15:25:49.848595+00:00,full
all_product,0,12,all_product_s0,/home/peng/code/TGCA/results/voc_epoch_checkpoints/20260916-gwrp-all-product-s0-s11-r2/all_product_s0/epoch_checkpoints/mctformerplus_epoch_012.pth,a481a2ba89fa21f01b305e6751ab53faae8672a4373d6babe422eb343ed6311f,75.22837709768957,91.30275644637373,0.09011299449505684,0.05672535089952029,1449,1464,67.80493383064702,78.02347739681083,84.62441172706522,0.45,68.00274167545541,80.37970175579022,82.46319960367134,0.48,144.33469796180725,2026-09-16T15:33:05.823174+00:00,full
gwrp,0,12,gwrp_s0,/home/peng/code/TGCA/results/voc_epoch_checkpoints/20260916-gwrp-all-product-s0-s11-r2/gwrp_s0/epoch_checkpoints/mctformerplus_epoch_012.pth,5e39756e7ee54a53b00ba73fb35d1461471dda1f6341113b62cf95afeadc362e,46.8946212053232,91.62974751095746,0.13896804510148497,0.05435238182133358,1449,1464,67.37354047543224,81.59402240037785,80.98323975262464,0.45,67.38349505088598,80.77648403037378,81.87223997311142,0.44,144.4418432712555,2026-09-16T15:30:40.232081+00:00,full
all_product,11,12,all_product_s11,/home/peng/code/TGCA/results/voc_epoch_checkpoints/20260916-gwrp-all-product-s0-s11-r2/all_product_s11/epoch_checkpoints/mctformerplus_epoch_012.pth,f9f43635df07d256ecec62c44222228684c824b7a93feb47373fa10d64faeee3,73.56073567145913,90.35695542800826,0.08749372507474437,0.061625709547677314,1449,1464,60.24972247840916,68.03021565690169,75.18584258568842,0.45,60.391138948195135,70.37153854033338,72.74949315039672,0.48,144.45810055732727,2026-09-16T15:37:56.284416+00:00,full
gwrp,11,12,gwrp_s11,/home/peng/code/TGCA/results/voc_epoch_checkpoints/20260916-gwrp-all-product-s0-s11-r2/gwrp_s11/epoch_checkpoints/mctformerplus_epoch_012.pth,5c14d8a75c998df2f4552c5ca25dead0e157c14174d93dae18fb08e927833447,75.48889257143642,91.30751128513236,0.08840000279777374,0.056689693901644155,1449,1464,67.29716197867825,79.23525716946313,81.88799032538431,0.45,67.39626931585161,80.83670352925618,80.1075546527619,0.47,144.3754963874817,2026-09-16T15:35:31.157643+00:00,full
all_product,0,13,all_product_s0,/home/peng/code/TGCA/results/voc_epoch_checkpoints/20260916-gwrp-all-product-s0-s11-r2/all_product_s0/epoch_checkpoints/mctformerplus_epoch_013.pth,141b5c6a1b8887ecc038a9ef8329bae1f76b8e062513ef04e48f4ffe2ab328c9,77.22828743862145,91.32392428690542,0.08512610565225695,0.05622647838439507,1449,1464,68.38561331936425,79.38959531911307,84.06467902656138,0.45,68.43037816202552,80.13929228282024,83.30218833394866,0.46,144.40229845046997,2026-09-16T15:42:47.108434+00:00,full
gwrp,0,13,gwrp_s0,/home/peng/code/TGCA/results/voc_epoch_checkpoints/20260916-gwrp-all-product-s0-s11-r2/gwrp_s0/epoch_checkpoints/mctformerplus_epoch_013.pth,1ef129071f31316fe03e43da99d0bf1dc3920559b66ccfdcd89ae3c83fd8ed13,48.22226667790094,92.18704920542089,0.1350217417880039,0.05255570490969881,1449,1464,66.15668464908498,81.84977162296767,78.93789927872825,0.45,66.22216001239629,80.1975432071801,80.78191113561401,0.43,144.3544158935547,2026-09-16T15:40:21.520038+00:00,full
all_product,11,13,all_product_s11,/home/peng/code/TGCA/results/voc_epoch_checkpoints/20260916-gwrp-all-product-s0-s11-r2/all_product_s11/epoch_checkpoints/mctformerplus_epoch_013.pth,c2809c08f68f877bc31c9910ec4d645be366031f27c0bd3ffd221dcf8672f185,74.10960202262072,90.65372541199083,0.08963760618940561,0.06386311915288553,1449,1464,60.852503526577365,66.48591675520714,77.6509262418702,0.45,61.215742926221765,69.49138867156931,74.51697520572678,0.49,144.3259665966034,2026-09-16T15:47:37.402949+00:00,full
gwrp,11,13,gwrp_s11,/home/peng/code/TGCA/results/voc_epoch_checkpoints/20260916-gwrp-all-product-s0-s11-r2/gwrp_s11/epoch_checkpoints/mctformerplus_epoch_013.pth,5d4e00bb64e72232e2d8977556e9c09c49211b54a0ac463ff3e9514c7ca523f9,83.25125464442739,91.48315335217167,0.0747969674757631,0.0587260635239326,1449,1464,67.05918516438679,78.74855296699145,81.86733018309145,0.45,67.09759521542557,79.5617142858247,80.96073276695088,0.46,144.3813591003418,2026-09-16T15:45:12.365696+00:00,full
all_product,0,14,all_product_s0,/home/peng/code/TGCA/results/voc_epoch_checkpoints/20260916-gwrp-all-product-s0-s11-r2/all_product_s0/epoch_checkpoints/mctformerplus_epoch_014.pth,c99c0a321d61af12be62fd757474be870bce8b29492c98f84b0737df7ded3987,82.6287630952734,91.50049738645114,0.0773843343686531,0.05596335534086056,1449,1464,68.46083941673118,80.6016721983245,83.38561695013192,0.45,68.46083941673118,80.6016721983245,83.38561695013192,0.45,144.34389328956604,2026-09-16T15:52:28.543138+00:00,full
gwrp,0,14,gwrp_s0,/home/peng/code/TGCA/results/voc_epoch_checkpoints/20260916-gwrp-all-product-s0-s11-r2/gwrp_s0/epoch_checkpoints/mctformerplus_epoch_014.pth,3d958a7a65e8b5df5a24aa8b2945ff077d4584a84cf4e8fc08d4ac195eaae276,62.26504992412431,92.21189507423819,0.10736211770830523,0.052718080456829464,1449,1464,66.14041082087562,81.22346289656494,80.18215744492592,0.45,66.16356275284352,80.36548794780086,81.08217519791589,0.44,144.47332382202148,2026-09-16T15:50:02.831704+00:00,full
all_product,11,14,all_product_s11,/home/peng/code/TGCA/results/voc_epoch_checkpoints/20260916-gwrp-all-product-s0-s11-r2/all_product_s11/epoch_checkpoints/mctformerplus_epoch_014.pth,79f1b093de9f7365b364c935a1f3a0d2e34d82b9ed2f08e8508655c5a9eaf821,73.31524259814309,90.55851228948704,0.08865071823878318,0.05861846016677517,1449,1464,61.8832344053631,69.61744237680233,77.34245802027435,0.45,62.362358548855745,73.46185711178144,73.40305789769296,0.5,144.42897272109985,2026-09-16T15:57:18.937919+00:00,full
gwrp,11,14,gwrp_s11,/home/peng/code/TGCA/results/voc_epoch_checkpoints/20260916-gwrp-all-product-s0-s11-r2/gwrp_s11/epoch_checkpoints/mctformerplus_epoch_014.pth,027f9c04a67ac93301cff9825ee03a5db5c70283b6e3b684d37925e71a1c42c0,83.14736558891033,91.5690966286754,0.07279398339608359,0.05462581978492526,1449,1464,67.83272315634419,80.17005888930746,82.14031662579386,0.45,67.86857982293422,80.97545731721563,81.25674046784914,0.46,144.40529561042786,2026-09-16T15:54:53.842787+00:00,full
all_product,0,15,all_product_s0,/home/peng/code/TGCA/results/voc_epoch_checkpoints/20260916-gwrp-all-product-s0-s11-r2/all_product_s0/epoch_checkpoints/mctformerplus_epoch_015.pth,e728ecdaeb35a445c84f5bfdd61b1090bee69969146f3bc8906ca9b44ff04ae5,81.22029126883304,91.88895907960175,0.07889434582636717,0.05372481987013991,1449,1464,68.39816324886029,79.65258282011463,83.78855703404032,0.45,68.40400967404653,80.40334176901636,83.03199862622684,0.46,144.28779697418213,2026-09-16T16:02:09.559773+00:00,full
gwrp,0,15,gwrp_s0,/home/peng/code/TGCA/results/voc_epoch_checkpoints/20260916-gwrp-all-product-s0-s11-r2/gwrp_s0/epoch_checkpoints/mctformerplus_epoch_015.pth,68d0503c327ef21c3d7be16f945af39d3d320a7a15ebe55979a17b95f49790db,74.90561389888596,92.32635927290414,0.08684507198503216,0.05220503518402864,1449,1464,66.86302981066719,80.99264699198983,80.86802455687595,0.45,66.86705921250434,80.14479494410658,81.79092289940132,0.44,144.42914366722107,2026-09-16T15:59:44.300136+00:00,full
all_product,11,15,all_product_s11,/home/peng/code/TGCA/results/voc_epoch_checkpoints/20260916-gwrp-all-product-s0-s11-r2/all_product_s11/epoch_checkpoints/mctformerplus_epoch_015.pth,1ae148590f12d359b4bcdc5a40b5bd9454ca834ef7afdc7a8dbb71aedbdfee5c,75.8947982658906,90.31615059300735,0.08759822222880448,0.06388160040803907,1449,1464,61.26617127218486,69.26340776619084,79.21344649607754,0.45,61.991349209325776,73.92874012437076,74.39447700352521,0.51,144.46227169036865,2026-09-16T16:06:59.927850+00:00,full
gwrp,11,15,gwrp_s11,/home/peng/code/TGCA/results/voc_epoch_checkpoints/20260916-gwrp-all-product-s0-s11-r2/gwrp_s11/epoch_checkpoints/mctformerplus_epoch_015.pth,1c793ded46bd62d8f1e3264afee3aac961b0de070d775cafb54fbfb4ceb44b7f,86.57571454783486,91.91259787778982,0.06720139601462623,0.05445815242307609,1449,1464,68.0036850234281,80.53028702495294,81.78315889688362,0.45,68.00670555460636,81.33700762170893,80.84362383826783,0.46,144.30983209609985,2026-09-16T16:04:34.797163+00:00,full
all_product,0,16,all_product_s0,/home/peng/code/TGCA/results/voc_epoch_checkpoints/20260916-gwrp-all-product-s0-s11-r2/all_product_s0/epoch_checkpoints/mctformerplus_epoch_016.pth,52e26caea07a5371e407039bcb44ad96a53c43e48ff7002a03939996d262c6b8,84.8454996929176,91.63157081373582,0.07427293017475749,0.05625707600612818,1449,1464,68.4749877406269,80.26260308228626,83.16205058423854,0.45,68.4749877406269,80.26260308228626,83.16205058423854,0.45,144.3777174949646,2026-09-16T16:11:50.623632+00:00,full
gwrp,0,16,gwrp_s0,/home/peng/code/TGCA/results/voc_epoch_checkpoints/20260916-gwrp-all-product-s0-s11-r2/gwrp_s0/epoch_checkpoints/mctformerplus_epoch_016.pth,15c51854a5b79298b05f5dae6541bc3cca105a948070288b9158725e041d5b1d,79.94949334426964,92.26729369282005,0.07628243427859906,0.054257459002704435,1449,1464,67.91804829221213,80.4809389022551,82.82609600890187,0.45,67.95313215523338,81.33958586948057,81.91821291145602,0.46,144.49018001556396,2026-09-16T16:09:25.368028+00:00,full
all_product,11,16,all_product_s11,/home/peng/code/TGCA/results/voc_epoch_checkpoints/20260916-gwrp-all-product-s0-s11-r2/all_product_s11/epoch_checkpoints/mctformerplus_epoch_016.pth,62c910761ef02e706f0fe8aa63e8b1a8e2b0a2bca7e36db9b5f018db44f5e1ac,73.97369633489393,89.70891522453556,0.09719541073976672,0.06257709436596798,1449,1464,59.66611680839114,68.60215773191418,75.03221577023646,0.45,59.67522484749047,69.35108607112633,74.14666268821411,0.46,144.43546175956726,2026-09-16T16:16:41.174756+00:00,full
gwrp,11,16,gwrp_s11,/home/peng/code/TGCA/results/voc_epoch_checkpoints/20260916-gwrp-all-product-s0-s11-r2/gwrp_s11/epoch_checkpoints/mctformerplus_epoch_016.pth,b125832bf28d940d87d028a94c4059f4c85e4027ed377b018672f56a02da9944,88.95603067601483,92.06768255232696,0.06517462671481798,0.05695648358722158,1449,1464,67.43509868092914,80.12208244604267,81.07016844709074,0.45,67.46031439706302,80.93219188265466,80.14689650070372,0.46,144.5043387413025,2026-09-16T16:14:16.070201+00:00,full
all_product,0,17,all_product_s0,/home/peng/code/TGCA/results/voc_epoch_checkpoints/20260916-gwrp-all-product-s0-s11-r2/all_product_s0/epoch_checkpoints/mctformerplus_epoch_017.pth,c1e923f265830e2ef5003ce52a304bf268582557cc54b3819c987613d16eed28,87.40351178540257,91.91114235373139,0.06568670384405892,0.05299528380708089,1449,1464,69.08410737905528,80.8860608648758,82.98563242065944,0.45,69.08410737905528,80.8860608648758,82.98563242065944,0.45,144.49888849258423,2026-09-16T16:21:31.955398+00:00,full
gwrp,0,17,gwrp_s0,/home/peng/code/TGCA/results/voc_epoch_checkpoints/20260916-gwrp-all-product-s0-s11-r2/gwrp_s0/epoch_checkpoints/mctformerplus_epoch_017.pth,f25f3e19e64192d8e49fa01c953f1d5b1425ea5054599e7c87d3b45a0ccdbe12,77.52112912956093,92.12433944708016,0.07828820602206052,0.05327285394288492,1449,1464,67.61135530426992,81.08606187402945,81.80957737885792,0.45,67.61135530426992,81.08606187402945,81.80957737885792,0.45,144.40593099594116,2026-09-16T16:19:06.465634+00:00,full
all_product,11,17,all_product_s11,/home/peng/code/TGCA/results/voc_epoch_checkpoints/20260916-gwrp-all-product-s0-s11-r2/all_product_s11/epoch_checkpoints/mctformerplus_epoch_017.pth,a23dee5e671067ce0a43386fbc0a3929bfaaa5dfcc58899b056a1d80f4760f8e,73.35467148346018,89.49943261165299,0.09258109046785151,0.0638045475524487,1449,1464,59.78007722715368,71.88534570478696,72.23553675462607,0.45,59.87616748974386,70.43978359343286,74.04149244487532,0.43,144.3183410167694,2026-09-16T16:26:22.128424+00:00,full
gwrp,11,17,gwrp_s11,/home/peng/code/TGCA/results/voc_epoch_checkpoints/20260916-gwrp-all-product-s0-s11-r2/gwrp_s11/epoch_checkpoints/mctformerplus_epoch_017.pth,b818ab294f4f7fa4313462c2f1bd209fc61f0462077a699eee292804f3c9e792,90.10083887688201,92.10444284719446,0.059976423409908206,0.05258945483403259,1449,1464,67.17438387902044,81.64420942567465,79.52757776568163,0.45,67.21118493878797,80.85108264681995,80.47745423969066,0.44,144.27634143829346,2026-09-16T16:23:57.100327+00:00,full
all_product,0,18,all_product_s0,/home/peng/code/TGCA/results/voc_epoch_checkpoints/20260916-gwrp-all-product-s0-s11-r2/all_product_s0/epoch_checkpoints/mctformerplus_epoch_018.pth,9021b2cbc551f482e68ce79fb44eb42f6767f3a2dcb28d05567712c9a30a9b11,88.22112951475718,92.02670591240589,0.06488984986224447,0.052160080514585996,1449,1464,69.61061038641496,81.052202767723,83.75946433495102,0.45,69.61061038641496,81.052202767723,83.75946433495102,0.45,144.30330228805542,2026-09-16T16:31:12.588897+00:00,full
gwrp,0,18,gwrp_s0,/home/peng/code/TGCA/results/voc_epoch_checkpoints/20260916-gwrp-all-product-s0-s11-r2/gwrp_s0/epoch_checkpoints/mctformerplus_epoch_018.pth,6373d8d3ea7137fd5ba4381a61a857df0b217b3c3a8b6cf3112117081b0c9cb1,82.15420377243416,92.38907125783801,0.06887812899095261,0.05226400828283355,1449,1464,68.24847773114082,82.03064292513102,81.9518554097998,0.45,68.24847773114082,82.03064292513102,81.9518554097998,0.45,144.3093044757843,2026-09-16T16:28:47.326945+00:00,full
all_product,11,18,all_product_s11,/home/peng/code/TGCA/results/voc_epoch_checkpoints/20260916-gwrp-all-product-s0-s11-r2/all_product_s11/epoch_checkpoints/mctformerplus_epoch_018.pth,5c1b1edfe8ab3249782d95300b0271c3c19dfceb5daacdb130f46f8fd77f1ce7,76.09014704528964,89.38293264909598,0.08798349854389169,0.06351968088669971,1449,1464,59.150023504707065,76.44665618707309,66.04515823991561,0.45,60.4333523778467,70.87447422284767,73.67753875584197,0.37,144.4326729774475,2026-09-16T16:36:02.907679+00:00,full
gwrp,11,18,gwrp_s11,/home/peng/code/TGCA/results/voc_epoch_checkpoints/20260916-gwrp-all-product-s0-s11-r2/gwrp_s11/epoch_checkpoints/mctformerplus_epoch_018.pth,b0b8d5ab57d819bf50aa7f2ec3476ff11bdfd641a8531c0ddc0cfcc905fdd7ce,89.84666781803978,92.17880931575324,0.06000649662183185,0.0521885848368259,1449,1464,67.66514170932025,81.08243864197088,80.72767051019328,0.45,67.66514170932025,81.08243864197088,80.72767051019328,0.45,144.34148907661438,2026-09-16T16:33:37.817315+00:00,full
all_product,0,19,all_product_s0,/home/peng/code/TGCA/results/voc_epoch_checkpoints/20260916-gwrp-all-product-s0-s11-r2/all_product_s0/epoch_checkpoints/mctformerplus_epoch_019.pth,8a97b31660c012714902e437c27411147a55a0df0805921153c73aa776f4ead5,88.95642221974892,92.16158230582774,0.06283612600723738,0.05197185283594908,1449,1464,69.92295042182266,81.29533261552953,84.4347707094028,0.45,69.92295042182266,81.29533261552953,84.4347707094028,0.45,144.36541724205017,2026-09-16T16:40:53.686923+00:00,full
gwrp,0,19,gwrp_s0,/home/peng/code/TGCA/results/voc_epoch_checkpoints/20260916-gwrp-all-product-s0-s11-r2/gwrp_s0/epoch_checkpoints/mctformerplus_epoch_019.pth,51fe65c7eeaee9bb3ee6bf0c9288eec844f267abf1b978f0a6364f51da564a77,82.29433511534806,92.55625123118014,0.0669519541678427,0.051581073107597665,1449,1464,68.19333325745427,81.97973791084914,82.0670312788262,0.45,68.19333325745427,81.97973791084914,82.0670312788262,0.45,144.43722677230835,2026-09-16T16:38:28.281944+00:00,full
all_product,11,19,all_product_s11,/home/peng/code/TGCA/results/voc_epoch_checkpoints/20260916-gwrp-all-product-s0-s11-r2/all_product_s11/epoch_checkpoints/mctformerplus_epoch_019.pth,a9d64db3f59e28ef6d999d0db83c1167f5d11e39d3e73f0802012a421a5b384a,76.46367788509939,89.93203907711933,0.08494893668683502,0.06235427660334102,1449,1464,58.32782455455234,75.72939769056144,65.87970769415372,0.45,59.81743020352941,70.14507536545554,73.82882563131831,0.37,144.3928666114807,2026-09-16T16:45:44.067526+00:00,full
gwrp,11,19,gwrp_s11,/home/peng/code/TGCA/results/voc_epoch_checkpoints/20260916-gwrp-all-product-s0-s11-r2/gwrp_s11/epoch_checkpoints/mctformerplus_epoch_019.pth,e89930f74fa0e2a3a835bbdfbd3f2600685c501a6186414174802b0a4b4c165f,81.85203837106789,92.40660328309204,0.07422468855493722,0.052082494646824996,1449,1464,67.99032044148929,80.48837333176408,81.80132633001045,0.45,67.99032044148929,80.48837333176408,81.80132633001045,0.45,144.3782024383545,2026-09-16T16:43:19.004020+00:00,full
all_product,0,20,all_product_s0,/home/peng/code/TGCA/results/voc_epoch_checkpoints/20260916-gwrp-all-product-s0-s11-r2/all_product_s0/epoch_checkpoints/mctformerplus_epoch_020.pth,4a42033b005ea7d75285477983a7040da91f878b68966d36a5f0c77a31325800,90.10089295305936,92.24793105703519,0.06371760807463513,0.05467803604011292,1449,1464,70.12579874408105,81.99905249155735,83.41481250372564,0.45,70.14803049730477,81.27511233419054,84.2602114897345,0.44,144.64074635505676,2026-09-16T16:50:35.344426+00:00,full
gwrp,0,20,gwrp_s0,/home/peng/code/TGCA/results/voc_epoch_checkpoints/20260916-gwrp-all-product-s0-s11-r2/gwrp_s0/epoch_checkpoints/mctformerplus_epoch_020.pth,f60ac94cc6580c0f1432300d2446bc4192ac037021802fad913fbf1b32d52547,84.13325983624468,92.48180332549175,0.06568191313616073,0.05287318796515876,1449,1464,67.7499353078654,80.88285891889305,82.4897254778488,0.45,67.7499353078654,80.88285891889305,82.4897254778488,0.45,144.37191247940063,2026-09-16T16:48:09.350837+00:00,full
all_product,11,20,all_product_s11,/home/peng/code/TGCA/results/voc_epoch_checkpoints/20260916-gwrp-all-product-s0-s11-r2/all_product_s11/epoch_checkpoints/mctformerplus_epoch_020.pth,f37e4db4b686e63806f8546165f86ab26883a6266af74880a3f7ddbf40ca0985,77.40677328530491,89.79730958367881,0.08425412677213025,0.06189880562268758,1449,1464,57.53254142562201,78.37659606564331,63.7101870443952,0.45,60.44975957786618,70.63609673972228,75.11552791881911,0.34,144.62488651275635,2026-09-16T16:55:26.134927+00:00,full
gwrp,11,20,gwrp_s11,/home/peng/code/TGCA/results/voc_epoch_checkpoints/20260916-gwrp-all-product-s0-s11-r2/gwrp_s11/epoch_checkpoints/mctformerplus_epoch_020.pth,10e218aed2ec0105f4203b7b0a919515da8cdaada4fdaf2737af260a8d154018,91.1077567355963,92.09879381928992,0.0571807549534953,0.052952203727369064,1449,1464,67.55435040569756,81.05347641678196,80.56181005897996,0.45,67.55435040569756,81.05347641678196,80.56181005897996,0.45,144.46304082870483,2026-09-16T16:53:00.681173+00:00,full
all_product,0,21,all_product_s0,/home/peng/code/TGCA/results/voc_epoch_checkpoints/20260916-gwrp-all-product-s0-s11-r2/all_product_s0/epoch_checkpoints/mctformerplus_epoch_021.pth,c39572ea94624b8f991d8b312a846c123b0a1db00fcd0d07b8ae7f804c0e1350,90.58376600060718,92.28634053256515,0.05947495769166881,0.05442864690528729,1449,1464,69.87439442770112,82.32953348544521,82.48281607525755,0.45,69.90681343305596,81.616925348501,83.33822371208652,0.44,144.33153009414673,2026-09-16T17:00:16.771789+00:00,full
gwrp,0,21,gwrp_s0,/home/peng/code/TGCA/results/voc_epoch_checkpoints/20260916-gwrp-all-product-s0-s11-r2/gwrp_s0/epoch_checkpoints/mctformerplus_epoch_021.pth,64c85ce9db92e03f1d2ba6dc1121eaf22bb2af69e44c17ba7819b2a3e5e7cb23,86.59915970470064,92.72377002612173,0.0649452212172142,0.05237837661805854,1449,1464,68.01962506486893,81.8603044528353,81.71653186651113,0.45,68.01962506486893,81.8603044528353,81.71653186651113,0.45,144.4780433177948,2026-09-16T16:57:51.497638+00:00,full
all_product,11,21,all_product_s11,/home/peng/code/TGCA/results/voc_epoch_checkpoints/20260916-gwrp-all-product-s0-s11-r2/all_product_s11/epoch_checkpoints/mctformerplus_epoch_021.pth,eefb9495a6d5f4063065199a59e67ca95f1b6d46f00ebce6eb48b06c75e2b82c,78.26363073445862,90.01684310758152,0.08355164934615582,0.06336712711757425,1449,1464,57.98829911418702,76.37426919873846,65.84341971745353,0.45,59.92828996471179,69.9153077000756,75.06494316600413,0.36,144.42664408683777,2026-09-16T17:05:07.477351+00:00,full
gwrp,11,21,gwrp_s11,/home/peng/code/TGCA/results/voc_epoch_checkpoints/20260916-gwrp-all-product-s0-s11-r2/gwrp_s11/epoch_checkpoints/mctformerplus_epoch_021.pth,e7b9ac76ddf35d7425bbd3553e06a6d760a57b39b97fa3d1dcb5587c5c309a7e,91.56369946998521,92.60704678714407,0.05580546395317121,0.05185112320632257,1449,1464,67.86898882257188,81.14496284417405,80.7478738574812,0.45,67.86898882257188,81.14496284417405,80.7478738574812,0.45,144.53253841400146,2026-09-16T17:02:42.226338+00:00,full
all_product,0,22,all_product_s0,/home/peng/code/TGCA/results/voc_epoch_checkpoints/20260916-gwrp-all-product-s0-s11-r2/all_product_s0/epoch_checkpoints/mctformerplus_epoch_022.pth,44b23c26199e555a72d3e25905727349a3f1c2ac46ae6afc89eca776eaa8759a,90.6276100657351,92.29767121339712,0.05976982486194541,0.05288405311753455,1449,1464,69.56250752230807,81.559002436812,83.06333143591982,0.45,69.56959454980756,80.81399737494365,83.89855538882202,0.44,144.4047827720642,2026-09-16T17:09:58.086022+00:00,full
gwrp,0,22,gwrp_s0,/home/peng/code/TGCA/results/voc_epoch_checkpoints/20260916-gwrp-all-product-s0-s11-r2/gwrp_s0/epoch_checkpoints/mctformerplus_epoch_022.pth,cd51f5030d7952b10bf28e1a4f8b8199b8361783f596edfc4aa3d51810e9a30c,88.76193133740091,92.82831224631339,0.06022701589834122,0.051140056777773765,1449,1464,68.90299672038113,81.38210595549289,83.89823018708009,0.45,68.90299672038113,81.38210595549289,83.89823018708009,0.45,144.44197845458984,2026-09-16T17:07:32.783157+00:00,full
all_product,11,22,all_product_s11,/home/peng/code/TGCA/results/voc_epoch_checkpoints/20260916-gwrp-all-product-s0-s11-r2/all_product_s11/epoch_checkpoints/mctformerplus_epoch_022.pth,a08dcfd718464688551d28d8dec5e4d09d0fb8b1458c70e08a77fd7c68f5e18b,80.80966153364416,90.87977353293398,0.08193161253212566,0.05933281117529603,1449,1464,60.07796511557984,78.33721003217256,68.24338134667312,0.45,61.79586802945947,72.9131178285788,76.69129069047091,0.37,144.4873173236847,2026-09-16T17:14:48.620396+00:00,full
gwrp,11,22,gwrp_s11,/home/peng/code/TGCA/results/voc_epoch_checkpoints/20260916-gwrp-all-product-s0-s11-r2/gwrp_s11/epoch_checkpoints/mctformerplus_epoch_022.pth,75341a026c1ae70b20420096b4b6e31c6c1427558c61d3510a4e601860d4cd63,91.70100198236474,92.56703400820028,0.05426497380535219,0.05154337034688644,1449,1464,67.76407273232033,80.82540422506396,81.30687750105665,0.45,67.76519148054511,81.65862072728038,80.3707184902919,0.46,144.36864638328552,2026-09-16T17:12:23.365482+00:00,full
all_product,0,23,all_product_s0,/home/peng/code/TGCA/results/voc_epoch_checkpoints/20260916-gwrp-all-product-s0-s11-r2/all_product_s0/epoch_checkpoints/mctformerplus_epoch_023.pth,a83385bc7cb4c7eacc529934836b1bd9de22b78a2af2a89426ab700c7402e748,90.64897607667882,92.3661261351725,0.0577852478658355,0.05186579857738862,1449,1464,70.24375160814758,82.22914964126616,83.47158667760091,0.45,70.24375160814758,82.22914964126616,83.47158667760091,0.45,144.4418430328369,2026-09-16T17:19:39.419592+00:00,full
gwrp,0,23,gwrp_s0,/home/peng/code/TGCA/results/voc_epoch_checkpoints/20260916-gwrp-all-product-s0-s11-r2/gwrp_s0/epoch_checkpoints/mctformerplus_epoch_023.pth,2571aa66a836922eef847eb203b5bec7640d850196ecbdef61250bd45b12fe85,89.28390857199962,92.89864963653633,0.05852562649300215,0.05012979866966369,1449,1464,68.27779340631517,81.36332883958455,83.0135362426829,0.45,68.27779340631517,81.36332883958455,83.0135362426829,0.45,144.53761291503906,2026-09-16T17:17:14.102234+00:00,full
all_product,11,23,all_product_s11,/home/peng/code/TGCA/results/voc_epoch_checkpoints/20260916-gwrp-all-product-s0-s11-r2/all_product_s11/epoch_checkpoints/mctformerplus_epoch_023.pth,a6190b8ec2273ed8a5245902ee1a650be9dc2dae9ca4f6ba609504d2d0fa3ba5,75.28478260103697,90.48134185528895,0.0892424182420027,0.06262139932832857,1449,1464,60.231756720222016,77.5233819739365,70.36014217336137,0.45,61.410288281100144,72.47117873207768,77.54561532987096,0.38,144.38556480407715,2026-09-16T17:24:29.919700+00:00,full
gwrp,11,23,gwrp_s11,/home/peng/code/TGCA/results/voc_epoch_checkpoints/20260916-gwrp-all-product-s0-s11-r2/gwrp_s11/epoch_checkpoints/mctformerplus_epoch_023.pth,024606cb8388c542f07c94899b952d3ed5d5c3b0a4c786775e7ebff42461e30a,91.2477916506784,92.69573108347986,0.05599384513227918,0.05365193849127403,1449,1464,68.11939034380138,80.88932889484902,81.50037405006869,0.45,68.11939034380138,80.88932889484902,81.50037405006869,0.45,144.39072513580322,2026-09-16T17:22:04.759233+00:00,full
all_product,0,24,all_product_s0,/home/peng/code/TGCA/results/voc_epoch_checkpoints/20260916-gwrp-all-product-s0-s11-r2/all_product_s0/epoch_checkpoints/mctformerplus_epoch_024.pth,97ab8f9a857942289ad0260a01947cf647bff39364bb2c67f5ef7212f769e742,91.4059022705901,92.703415221353,0.05796275538790218,0.05155760176824322,1449,1464,70.77308180489123,82.27364857527807,83.8885391751707,0.45,70.7764295516044,81.53706835992939,84.716436257199,0.44,144.19657826423645,2026-09-16T17:29:20.357244+00:00,full
gwrp,0,24,gwrp_s0,/home/peng/code/TGCA/results/voc_epoch_checkpoints/20260916-gwrp-all-product-s0-s11-r2/gwrp_s0/epoch_checkpoints/mctformerplus_epoch_024.pth,8aeb28287a5c8ebac3030308fe44e0932a86ff789423df33d0aa3f3912f3a5f2,86.82861946995102,93.0100389097722,0.06178613104764308,0.050663220879330645,1449,1464,68.91722345195998,81.45487643221632,83.60562878535774,0.45,68.91722345195998,81.45487643221632,83.60562878535774,0.45,144.4420394897461,2026-09-16T17:26:55.237442+00:00,full
all_product,11,24,all_product_s11,/home/peng/code/TGCA/results/voc_epoch_checkpoints/20260916-gwrp-all-product-s0-s11-r2/all_product_s11/epoch_checkpoints/mctformerplus_epoch_024.pth,74f6b149d767d10e6c5c1501332777da7d95323bc26b45feef7914ffddea2e45,78.85792448948801,90.47096772434715,0.08521106720402621,0.06221276095935276,1449,1464,60.42944953396025,75.92806053814289,70.52434485197398,0.45,61.66608025254688,71.0012332205147,78.04837722288815,0.38,144.4716832637787,2026-09-16T17:34:10.973731+00:00,full
gwrp,11,24,gwrp_s11,/home/peng/code/TGCA/results/voc_epoch_checkpoints/20260916-gwrp-all-product-s0-s11-r2/gwrp_s11/epoch_checkpoints/mctformerplus_epoch_024.pth,04853dd83ac46851e7353525bf631599c89328523bfd543acc724af6644cfaa8,91.05030204597287,92.62204034405403,0.05833180583473565,0.0535306159928801,1449,1464,68.28337150140518,80.9607572287592,81.61960359662235,0.45,68.28337150140518,80.9607572287592,81.61960359662235,0.45,144.44823336601257,2026-09-16T17:31:45.677396+00:00,full
all_product,0,25,all_product_s0,/home/peng/code/TGCA/results/voc_epoch_checkpoints/20260916-gwrp-all-product-s0-s11-r2/all_product_s0/epoch_checkpoints/mctformerplus_epoch_025.pth,c26c677ac91f91fec82c36010028fcfe63664974e5a7ac9542a556047ce4b432,91.53849295055122,92.51299997891562,0.058565321926662556,0.05251696906865589,1449,1464,71.39238680701865,82.69997392649518,84.6577335613658,0.45,71.39913361356952,81.95855597330612,85.48396682052844,0.44,144.45588517189026,2026-09-16T17:39:01.677389+00:00,full
gwrp,0,25,gwrp_s0,/home/peng/code/TGCA/results/voc_epoch_checkpoints/20260916-gwrp-all-product-s0-s11-r2/gwrp_s0/epoch_checkpoints/mctformerplus_epoch_025.pth,1a6b7b94aa350494de534101fcc0f704917d8a7ec0588af310aa433647d0bcbc,91.57270780547732,92.89190315255877,0.05859328082938125,0.05149962475396091,1449,1464,68.86243143905958,80.4857870752805,84.41027469912146,0.45,68.8998158136836,81.30971687071262,83.54838420338136,0.46,144.46034121513367,2026-09-16T17:36:36.296646+00:00,full
all_product,11,25,all_product_s11,/home/peng/code/TGCA/results/voc_epoch_checkpoints/20260916-gwrp-all-product-s0-s11-r2/all_product_s11/epoch_checkpoints/mctformerplus_epoch_025.pth,7a027b95f8b3d040f3ad245b6394861b61e0e4cb8546afe4aa8df974aac03cdb,81.35404704573389,90.98480022440822,0.07851136107128846,0.05777866698241053,1449,1464,60.20790675863496,79.77052292024986,67.6057318213701,0.45,62.20989327844519,73.55234833010805,77.02609571546402,0.36,144.57883882522583,2026-09-16T17:43:52.353931+00:00,full
gwrp,11,25,gwrp_s11,/home/peng/code/TGCA/results/voc_epoch_checkpoints/20260916-gwrp-all-product-s0-s11-r2/gwrp_s11/epoch_checkpoints/mctformerplus_epoch_025.pth,f7fb444cef72ee04a3ef950a6b15628ae91dc0776af260a523304be9a9c0853d,92.13977306611959,92.69101282686498,0.052821297535326994,0.05063519181569253,1449,1464,68.32606541551,82.25735717525403,80.09875000467005,0.45,68.33637611043515,81.46796470740969,81.05008913023462,0.44,144.42325496673584,2026-09-16T17:41:26.995204+00:00,full
all_product,0,26,all_product_s0,/home/peng/code/TGCA/results/voc_epoch_checkpoints/20260916-gwrp-all-product-s0-s11-r2/all_product_s0/epoch_checkpoints/mctformerplus_epoch_026.pth,f98f4cbc61301642c462a2d457a0e5dc284ed66e773b56ca8cdb8e2eb735268a,91.29978947791389,92.35424574902596,0.056894892876809676,0.052441141892705316,1449,1464,69.97703759430249,82.99797498564875,82.18870815755864,0.45,70.07246521338196,81.53560411103257,83.91397600165426,0.43,144.44766306877136,2026-09-16T17:48:43.119182+00:00,full
gwrp,0,26,gwrp_s0,/home/peng/code/TGCA/results/voc_epoch_checkpoints/20260916-gwrp-all-product-s0-s11-r2/gwrp_s0/epoch_checkpoints/mctformerplus_epoch_026.pth,ef7490c9050c7a21ee53c58fa5abb092b621123f7d03b6a4fabb3adb68e625ef,91.10791220740028,92.74458164675733,0.05613966499570323,0.05131040490891211,1449,1464,68.40980945663597,81.0724731915207,83.26482946034949,0.45,68.45620090426047,81.93612245000793,82.39528235429484,0.46,144.4810802936554,2026-09-16T17:46:17.794298+00:00,full
all_product,11,26,all_product_s11,/home/peng/code/TGCA/results/voc_epoch_checkpoints/20260916-gwrp-all-product-s0-s11-r2/all_product_s11/epoch_checkpoints/mctformerplus_epoch_026.pth,e0bff97b2f53cf42dcf747e4940812cd2277164db9474e1f4e979bad44333b1e,84.1311656683452,90.87011260117632,0.0756179049888753,0.05858798146638646,1449,1464,59.19698395891368,77.86232147857793,67.51660839328754,0.45,61.50582635649734,71.77990075879825,77.44304670046758,0.36,144.69521760940552,2026-09-16T17:53:33.995837+00:00,full
gwrp,11,26,gwrp_s11,/home/peng/code/TGCA/results/voc_epoch_checkpoints/20260916-gwrp-all-product-s0-s11-r2/gwrp_s11/epoch_checkpoints/mctformerplus_epoch_026.pth,effeac448e0629d2a4754deef074eb0146c3bb33678cc16824120b091ac9051a,92.25530226027875,92.68845625973398,0.05265384246103512,0.05180622956582478,1449,1464,68.07139408473668,80.62429112259785,81.31521476617988,0.45,68.07139408473668,80.62429112259785,81.31521476617988,0.45,144.48003506660461,2026-09-16T17:51:08.509394+00:00,full
all_product,0,27,all_product_s0,/home/peng/code/TGCA/results/voc_epoch_checkpoints/20260916-gwrp-all-product-s0-s11-r2/all_product_s0/epoch_checkpoints/mctformerplus_epoch_027.pth,4d42c855d38084dca50987fc3750340a29f9c5dbcf318ac083210de5294f8625,91.73726337272822,92.5042567187924,0.05599419131947025,0.05415744583840367,1449,1464,71.24593945798993,82.59795892740944,83.91383684556004,0.45,71.26062765231784,81.8528890441902,84.75947179190258,0.44,144.47220420837402,2026-09-16T17:58:25.147507+00:00,full
gwrp,0,27,gwrp_s0,/home/peng/code/TGCA/results/voc_epoch_checkpoints/20260916-gwrp-all-product-s0-s11-r2/gwrp_s0/epoch_checkpoints/mctformerplus_epoch_027.pth,e63ce4821a8ab617b3bb527a6089fb645f58f4371d5f6664ec98f58bd08ea984,91.15795463828874,93.02332950677744,0.056167607357001784,0.052733145690194654,1449,1464,68.59128742399024,80.8501260324946,83.30781659293335,0.45,68.65294046660149,82.51786484070969,81.53085528496771,0.47,144.57454371452332,2026-09-16T17:55:59.487690+00:00,full
all_product,11,27,all_product_s11,/home/peng/code/TGCA/results/voc_epoch_checkpoints/20260916-gwrp-all-product-s0-s11-r2/all_product_s11/epoch_checkpoints/mctformerplus_epoch_027.pth,1a31f65eacfac3244a7773c26c1efb771b2cc195b493a89eeaaa66868c7c1b50,83.37668134470778,91.4009230373414,0.07682560467314851,0.056899337191841697,1449,1464,61.144446676207565,78.07332955553133,68.84318646461342,0.45,62.843337642283814,72.63375367655328,77.32046984482143,0.37,144.465181350708,2026-09-16T18:03:15.795076+00:00,full
gwrp,11,27,gwrp_s11,/home/peng/code/TGCA/results/voc_epoch_checkpoints/20260916-gwrp-all-product-s0-s11-r2/gwrp_s11/epoch_checkpoints/mctformerplus_epoch_027.pth,5e878c5742493d41e9eb19600f674173abf697cdccacd26a78d802b70d2d6537,92.13272814318059,92.79440782502081,0.05329859906677709,0.05121750432902817,1449,1464,68.24590713977963,81.08422271502482,81.63200058953782,0.45,68.24590713977963,81.08422271502482,81.63200058953782,0.45,144.48592591285706,2026-09-16T18:00:50.497964+00:00,full
all_product,0,28,all_product_s0,/home/peng/code/TGCA/results/voc_epoch_checkpoints/20260916-gwrp-all-product-s0-s11-r2/all_product_s0/epoch_checkpoints/mctformerplus_epoch_028.pth,9a23fe0b798ff916b45fd0fc3384da510c3cbac0a88a57770188c63111fc3e5e,91.46215582044965,92.80330987717831,0.057424649303127275,0.05118443883744662,1449,1464,71.37131574843346,82.6164540227829,83.97267718492122,0.45,71.37131574843346,82.6164540227829,83.97267718492122,0.45,144.5078263282776,2026-09-16T18:08:06.921483+00:00,full
gwrp,0,28,gwrp_s0,/home/peng/code/TGCA/results/voc_epoch_checkpoints/20260916-gwrp-all-product-s0-s11-r2/gwrp_s0/epoch_checkpoints/mctformerplus_epoch_028.pth,99fef34dc5923d2a17f9f9e8d6d5c246db01035518c12973679976f157005c9d,92.19083532516427,92.98771016001413,0.054220978389163114,0.05088942241388983,1449,1464,68.99402571707905,81.25291393938264,84.07666157632666,0.45,69.03858750910943,82.09184445202582,83.22301607916904,0.46,144.42327785491943,2026-09-16T18:05:41.152345+00:00,full
all_product,11,28,all_product_s11,/home/peng/code/TGCA/results/voc_epoch_checkpoints/20260916-gwrp-all-product-s0-s11-r2/all_product_s11/epoch_checkpoints/mctformerplus_epoch_028.pth,6075d206a60ac1980106825faa032aa7248b3a9f9086dc4f07e103a4ec81b590,84.13346687083904,90.91090644106782,0.0746117043877734,0.059635069352376044,1449,1464,60.864223659841365,78.32960010613411,68.87193883629838,0.45,62.656543818565446,72.85997677476838,77.36944976485418,0.37,144.44160199165344,2026-09-16T18:12:57.542828+00:00,full
gwrp,11,28,gwrp_s11,/home/peng/code/TGCA/results/voc_epoch_checkpoints/20260916-gwrp-all-product-s0-s11-r2/gwrp_s11/epoch_checkpoints/mctformerplus_epoch_028.pth,b5a6c13156048551e9564d610f4ed859e677fb5f5f8c8bad2796c2cb0ed8e1c7,92.40654086449722,92.86532671877303,0.05238423693161574,0.05107270993595703,1449,1464,68.15935462069851,81.06440431722469,81.41958032427817,0.45,68.15935462069851,81.06440431722469,81.41958032427817,0.45,144.45436906814575,2026-09-16T18:10:32.281793+00:00,full
all_product,0,29,all_product_s0,/home/peng/code/TGCA/results/voc_epoch_checkpoints/20260916-gwrp-all-product-s0-s11-r2/all_product_s0/epoch_checkpoints/mctformerplus_epoch_029.pth,48628e2503d6cd094927e78b0fa2226ec27f6e627350aba87034832beecb4f8f,92.36399966153141,92.78333128748348,0.05283836925272451,0.05086352730142898,1449,1464,71.4015513045765,82.90793415985702,83.782774493299,0.45,71.4015513045765,82.90793415985702,83.782774493299,0.45,144.36192560195923,2026-09-16T18:17:48.420458+00:00,full
gwrp,0,29,gwrp_s0,/home/peng/code/TGCA/results/voc_epoch_checkpoints/20260916-gwrp-all-product-s0-s11-r2/gwrp_s0/epoch_checkpoints/mctformerplus_epoch_029.pth,77b349f820693568b31456981d2bce3531b73f82a1c55ccb60e5f76fe3ce9d5d,92.59092331228189,93.02154359394365,0.0514660982313528,0.05025030943012961,1449,1464,69.35950572878222,81.71383583146759,83.89399348903761,0.45,69.39285406353598,82.52382227344064,83.03575281563828,0.46,144.43539834022522,2026-09-16T18:15:22.891908+00:00,full
all_product,11,29,all_product_s11,/home/peng/code/TGCA/results/voc_epoch_checkpoints/20260916-gwrp-all-product-s0-s11-r2/all_product_s11/epoch_checkpoints/mctformerplus_epoch_029.pth,847a6ef5bc477c4d1fee5240176507679f7c9a1a10715b9035cc7ed806e1997b,84.64025370958298,91.25186122690782,0.0743304314136793,0.0590345517489892,1449,1464,61.87080980076708,76.29456185041175,71.59659852288529,0.45,63.139410143143,71.5073263516508,78.83510678952112,0.38,144.47919297218323,2026-09-16T18:22:38.944145+00:00,full
gwrp,11,29,gwrp_s11,/home/peng/code/TGCA/results/voc_epoch_checkpoints/20260916-gwrp-all-product-s0-s11-r2/gwrp_s11/epoch_checkpoints/mctformerplus_epoch_029.pth,6b6d1f1125e6eb856cc5ee46c99e605f6a832be10172c057dbb491fda0f7b503,91.99472611363178,92.93965548796483,0.05339200478985525,0.05073234439410367,1449,1464,67.93413339380622,80.74755258984779,81.19299487616674,0.45,67.93413339380622,80.74755258984779,81.19299487616674,0.45,144.31261730194092,2026-09-16T18:20:13.684713+00:00,full
all_product,0,30,all_product_s0,/home/peng/code/TGCA/results/voc_epoch_checkpoints/20260916-gwrp-all-product-s0-s11-r2/all_product_s0/epoch_checkpoints/mctformerplus_epoch_030.pth,f201af2ce86ac6aba894da26565ec1d86f3ec511d2d9f9b9d34080bd3ad8060d,92.04656188758709,92.79295758681799,0.05349375331726792,0.05027430266491539,1449,1464,71.4467476797621,83.59823273330035,83.23492905088722,0.45,71.52224813597095,82.16348156589821,84.89427169534642,0.43,144.46613311767578,2026-09-16T18:27:30.165757+00:00,full
gwrp,0,30,gwrp_s0,/home/peng/code/TGCA/results/voc_epoch_checkpoints/20260916-gwrp-all-product-s0-s11-r2/gwrp_s0/epoch_checkpoints/mctformerplus_epoch_030.pth,b28356487192f34282cfdcd52890dd929ba5aa91f4a619441afe6beca5a3306d,92.44801535482206,93.19462736937503,0.05196296306695915,0.04918298050709804,1449,1464,69.25425512213485,81.53437743620071,83.90808758127605,0.45,69.29166275756725,82.37250339754789,83.04490535396567,0.46,144.43831515312195,2026-09-16T18:25:04.296013+00:00,full
all_product,11,30,all_product_s11,/home/peng/code/TGCA/results/voc_epoch_checkpoints/20260916-gwrp-all-product-s0-s11-r2/all_product_s11/epoch_checkpoints/mctformerplus_epoch_030.pth,190c0fb387e7b9a4d1ae9c7a11664ac5d5b38e9e6725ff7590eae96edbd8357d,86.18633638177778,91.37111934234258,0.07142370446148702,0.057354293079767825,1449,1464,62.014979334971684,77.4104159972455,71.8077966346218,0.45,62.903471793219346,73.2107146808324,77.93247683463206,0.39,144.58280086517334,2026-09-16T18:32:20.802255+00:00,full
gwrp,11,30,gwrp_s11,/home/peng/code/TGCA/results/voc_epoch_checkpoints/20260916-gwrp-all-product-s0-s11-r2/gwrp_s11/epoch_checkpoints/mctformerplus_epoch_030.pth,b3f9d80bdbd315e3ecb0efc32d989908c132a4640e0ba20f14dc83dbe65ea9ee,92.55735184170769,92.96208655738039,0.051016490356296074,0.049737317082674606,1449,1464,68.1779469077773,81.62681298480662,80.99780576553042,0.45,68.1779469077773,81.62681298480662,80.99780576553042,0.45,144.2916133403778,2026-09-16T18:29:55.447767+00:00,full
all_product,0,31,all_product_s0,/home/peng/code/TGCA/results/voc_epoch_checkpoints/20260916-gwrp-all-product-s0-s11-r2/all_product_s0/epoch_checkpoints/mctformerplus_epoch_031.pth,cf3085184308331c2008e58ba55fb1feb5f1e7552a861921b2bb3f85d44fd112,92.4378353275103,92.72646303105559,0.05281157506754515,0.052034750313410025,1449,1464,71.16873663747553,83.11606629174081,83.21799889694594,0.45,71.22426998672212,82.40368698086435,84.0759022680734,0.44,144.5132839679718,2026-09-16T18:37:12.044458+00:00,full
gwrp,0,31,gwrp_s0,/home/peng/code/TGCA/results/voc_epoch_checkpoints/20260916-gwrp-all-product-s0-s11-r2/gwrp_s0/epoch_checkpoints/mctformerplus_epoch_031.pth,93ce49c69b18a4d04e89b62ad4406fe29b2a456e0165d8c82328e3c338754e47,92.61834999297562,93.17500277863873,0.0522002029297597,0.0505758729564724,1449,1464,69.0609868560569,80.71856488891797,84.69720095230565,0.45,69.21032543441734,82.42417186523595,83.0130476837869,0.47,144.4312620162964,2026-09-16T18:34:46.192255+00:00,full
all_product,11,31,all_product_s11,/home/peng/code/TGCA/results/voc_epoch_checkpoints/20260916-gwrp-all-product-s0-s11-r2/all_product_s11/epoch_checkpoints/mctformerplus_epoch_031.pth,311177bd2216dd4a6af13e823dfe5b417739964bb20bd9b20243ee4626767353,85.55845970905777,90.88381203088858,0.07286424641262836,0.05992325029758193,1449,1464,61.72870742348376,78.53079343633884,70.095303925002,0.45,63.57879529166698,73.21698851294926,78.63718447168641,0.37,144.60230112075806,2026-09-16T18:42:03.105162+00:00,full
gwrp,11,31,gwrp_s11,/home/peng/code/TGCA/results/voc_epoch_checkpoints/20260916-gwrp-all-product-s0-s11-r2/gwrp_s11/epoch_checkpoints/mctformerplus_epoch_031.pth,f2d311ce6ad263a6907087e6013f8f19d50c397b030180e0e4ed8811e6310b8c,92.65075993617167,92.98440454363138,0.051520369998375413,0.051036938736980085,1449,1464,68.51124818392816,81.67264996401676,81.40818313764835,0.45,68.52852122315085,80.88722714249343,82.35414055252562,0.44,144.5254168510437,2026-09-16T18:39:37.661180+00:00,full
all_product,0,32,all_product_s0,/home/peng/code/TGCA/results/voc_epoch_checkpoints/20260916-gwrp-all-product-s0-s11-r2/all_product_s0/epoch_checkpoints/mctformerplus_epoch_032.pth,8f9ed6ffdb429659a2095800214c164917df1d8594ccd92fc22f87d4b7670c9c,92.51807850667122,92.78315775070445,0.05312001132878704,0.05129915084548454,1449,1464,71.14846283223571,82.17431678973513,84.18815585912121,0.45,71.15057814627805,81.43686761165343,85.01010553068788,0.44,144.3162968158722,2026-09-16T18:46:54.011314+00:00,full
gwrp,0,32,gwrp_s0,/home/peng/code/TGCA/results/voc_epoch_checkpoints/20260916-gwrp-all-product-s0-s11-r2/gwrp_s0/epoch_checkpoints/mctformerplus_epoch_032.pth,ffd0eb397dc506749ad0b0001fca14c7b70d79e1866b3fcbbbdf3a88c8b7554f,92.43766251342564,93.11399611586569,0.05310311421669706,0.05054703046322856,1449,1464,69.57983715115805,80.86965226483078,85.27845747042628,0.45,69.72982029898378,82.5212981085887,83.6207257090143,0.47,144.54848790168762,2026-09-16T18:44:28.559347+00:00,full
all_product,11,32,all_product_s11,/home/peng/code/TGCA/results/voc_epoch_checkpoints/20260916-gwrp-all-product-s0-s11-r2/all_product_s11/epoch_checkpoints/mctformerplus_epoch_032.pth,671fe9a2c0f763b632e941eff3a7d144a17ae8c0be51137330dd79c95ca853f2,87.20438120885052,91.37949333418337,0.0670597311379253,0.05505795925958474,1449,1464,61.75677126645711,77.07951062376685,70.99664366088706,0.45,62.94656241415972,72.45414421805432,78.18064660300992,0.38,144.49089097976685,2026-09-16T18:51:44.819187+00:00,full
gwrp,11,32,gwrp_s11,/home/peng/code/TGCA/results/voc_epoch_checkpoints/20260916-gwrp-all-product-s0-s11-r2/gwrp_s11/epoch_checkpoints/mctformerplus_epoch_032.pth,93185d41f20e0c990e0c16dff4d14cf1f3430d6b9b769a077914c29e13ef2c83,92.64937178057635,92.92369067761112,0.05090800547307734,0.0501385065164543,1449,1464,68.56989093242942,81.44070982394996,81.65927972170354,0.45,68.56989093242942,81.44070982394996,81.65927972170354,0.45,144.45368671417236,2026-09-16T18:49:19.555108+00:00,full
all_product,0,33,all_product_s0,/home/peng/code/TGCA/results/voc_epoch_checkpoints/20260916-gwrp-all-product-s0-s11-r2/all_product_s0/epoch_checkpoints/mctformerplus_epoch_033.pth,cb4f4c00450de3fb02c5636b1596c4c442fc08d600aecab8bffabde39f007f7e,92.26753907266175,92.69703009864305,0.053156827966598416,0.05175883638665461,1449,1464,71.5549752958253,83.0057721733622,83.99663018392185,0.45,71.58301432485979,82.27471472502198,84.84159052572068,0.44,144.3994598388672,2026-09-16T18:56:35.597127+00:00,full
gwrp,0,33,gwrp_s0,/home/peng/code/TGCA/results/voc_epoch_checkpoints/20260916-gwrp-all-product-s0-s11-r2/gwrp_s0/epoch_checkpoints/mctformerplus_epoch_033.pth,091494c02a5c19f59764552f900e1ee248c351cb8d279e1e1a53c4f0a0dceeb3,92.66113063873034,93.15489304607793,0.05335368897593622,0.051936868611617774,1449,1464,68.88966545397605,81.26724355848573,83.77017330394094,0.45,68.92853987880896,82.08359455940588,82.91349511146909,0.46,144.51171612739563,2026-09-16T18:54:10.294765+00:00,full
all_product,11,33,all_product_s11,/home/peng/code/TGCA/results/voc_epoch_checkpoints/20260916-gwrp-all-product-s0-s11-r2/all_product_s11/epoch_checkpoints/mctformerplus_epoch_033.pth,2f6dfb72164a82e5143ce618d2c23eb1da5d066873714de011741c794e5f7e1a,87.56551152518502,91.30600975595414,0.06551558489405426,0.055799097989944854,1449,1464,62.434853627785834,78.2400246740182,72.38144948224631,0.45,63.35332215872093,74.01840103116922,78.47785225637145,0.39,144.44688177108765,2026-09-16T19:01:26.294159+00:00,full
gwrp,11,33,gwrp_s11,/home/peng/code/TGCA/results/voc_epoch_checkpoints/20260916-gwrp-all-product-s0-s11-r2/gwrp_s11/epoch_checkpoints/mctformerplus_epoch_033.pth,567a1e4e232abb0cdced55a2c67a6d4a9b4e53bd284c08115a28a1d2046707f9,92.6711827617868,92.8902277381557,0.05150701209460562,0.05194574373396945,1449,1464,68.48070293613979,80.96712005271274,82.1616105333419,0.45,68.48070293613979,80.96712005271274,82.1616105333419,0.45,144.3501033782959,2026-09-16T18:59:01.060007+00:00,full
all_product,0,34,all_product_s0,/home/peng/code/TGCA/results/voc_epoch_checkpoints/20260916-gwrp-all-product-s0-s11-r2/all_product_s0/epoch_checkpoints/mctformerplus_epoch_034.pth,453dba6a8355924800dd856540ba411b7f2cf6885e2a0bd3c5eb35d4fac7d916,92.23661628406828,92.98442097203188,0.052590503270581644,0.050167738352667635,1449,1464,72.39565801554451,83.65867005778466,84.89491453599905,0.45,72.42174431242516,82.94145127017715,85.72034613505369,0.44,144.46704816818237,2026-09-16T19:06:17.078040+00:00,full
gwrp,0,34,gwrp_s0,/home/peng/code/TGCA/results/voc_epoch_checkpoints/20260916-gwrp-all-product-s0-s11-r2/gwrp_s0/epoch_checkpoints/mctformerplus_epoch_034.pth,e53193251fe3f5251c8b505ec479f7148d69c3a9ac80ca7e93458484eeb43ee3,92.73754587057077,93.20421456045193,0.05197815041991659,0.05005677678899324,1449,1464,69.43959705666322,80.88987419353913,84.88788866580722,0.45,69.58448219057628,82.53988034284504,83.22401588545469,0.47,144.48908162117004,2026-09-16T19:03:51.704132+00:00,full
all_product,11,34,all_product_s11,/home/peng/code/TGCA/results/voc_epoch_checkpoints/20260916-gwrp-all-product-s0-s11-r2/all_product_s11/epoch_checkpoints/mctformerplus_epoch_034.pth,83db0450c390f628e059c1830b8646ee683d45da2cd672482f3882bf747319a0,87.62476152313032,91.30601785724546,0.06660882210303702,0.058107247654531145,1449,1464,61.482110535643365,76.96618186468001,71.26828240706827,0.45,62.55652378214395,72.05857884012185,78.3836027412964,0.38,144.5265030860901,2026-09-16T19:11:08.069160+00:00,full
gwrp,11,34,gwrp_s11,/home/peng/code/TGCA/results/voc_epoch_checkpoints/20260916-gwrp-all-product-s0-s11-r2/gwrp_s11/epoch_checkpoints/mctformerplus_epoch_034.pth,707dcdca44c00f2285f44feae1698698d475eac57ca962a00dfbe4d14b8cef94,92.60919464076312,92.90958894253805,0.0513559245215851,0.05058283420514863,1449,1464,68.58215989595419,81.12456061467877,82.17112608756727,0.45,68.58215989595419,81.12456061467877,82.17112608756727,0.45,144.54395508766174,2026-09-16T19:08:42.701069+00:00,full
all_product,0,35,all_product_s0,/home/peng/code/TGCA/results/voc_epoch_checkpoints/20260916-gwrp-all-product-s0-s11-r2/all_product_s0/epoch_checkpoints/mctformerplus_epoch_035.pth,728213ccee0f7aec54edfc333911c65480f70184d657e75366dc6e4fa404c986,92.45666271957715,92.8667321428422,0.05261445005107453,0.05153018797653309,1449,1464,71.88726321029039,83.13235558065477,84.45486968962005,0.45,71.90405152667839,82.39142547762421,85.28588870837083,0.44,144.39547848701477,2026-09-16T19:15:58.687735+00:00,full
gwrp,0,35,gwrp_s0,/home/peng/code/TGCA/results/voc_epoch_checkpoints/20260916-gwrp-all-product-s0-s11-r2/gwrp_s0/epoch_checkpoints/mctformerplus_epoch_035.pth,2922811478e3f00fcb8a25c5a6364b61b72cf552a922e6744f785f44731842ef,92.83675590205056,93.38283500681162,0.05172568973053563,0.05007213732295813,1449,1464,69.26125329842264,80.93263473129815,84.48067558226653,0.45,69.3359558368783,82.57193309089206,82.77761977342756,0.47,144.3678584098816,2026-09-16T19:13:33.349954+00:00,full
all_product,11,35,all_product_s11,/home/peng/code/TGCA/results/voc_epoch_checkpoints/20260916-gwrp-all-product-s0-s11-r2/all_product_s11/epoch_checkpoints/mctformerplus_epoch_035.pth,cee21de42292c63d5e29f98019c34ce3da81362c0df7e265cd042837a0608042,87.87212859979763,91.6311964639988,0.06720576036832018,0.056861225415337405,1449,1464,60.919904142045986,77.99352692595622,70.17380157523792,0.45,62.67474827986417,72.50458645839521,78.54967797691603,0.37,144.30592012405396,2026-09-16T19:20:49.153217+00:00,full
gwrp,11,35,gwrp_s11,/home/peng/code/TGCA/results/voc_epoch_checkpoints/20260916-gwrp-all-product-s0-s11-r2/gwrp_s11/epoch_checkpoints/mctformerplus_epoch_035.pth,83c24b9dd20fc0b716f238b25365b54e7d43e95c3ee130cbc81efc558f38c42e,92.74624509720574,92.95446036756596,0.05070122755071556,0.05025857426303267,1449,1464,68.39894051525359,81.27863619788369,81.60086138832375,0.45,68.40256458488012,82.08938624766864,80.67512849666177,0.46,144.4540045261383,2026-09-16T19:18:24.065578+00:00,full
all_product,0,36,all_product_s0,/home/peng/code/TGCA/results/voc_epoch_checkpoints/20260916-gwrp-all-product-s0-s11-r2/all_product_s0/epoch_checkpoints/mctformerplus_epoch_036.pth,a5a326160888e1c69d08c517b20e6797a779c4e06de68c812e53f1fc909adbe6,92.66586550519476,93.00652591139809,0.052625531715060035,0.051259707929431526,1449,1464,72.77202817614253,83.8681205034752,85.14284531891076,0.45,72.79815838680746,83.153015224064,85.97362535219538,0.44,144.30892491340637,2026-09-16T19:25:39.632846+00:00,full
gwrp,0,36,gwrp_s0,/home/peng/code/TGCA/results/voc_epoch_checkpoints/20260916-gwrp-all-product-s0-s11-r2/gwrp_s0/epoch_checkpoints/mctformerplus_epoch_036.pth,9a1f78c22f8004355ff3e894cc9e407a2f80afdfc7dd0102f985cc2b1a71c69f,92.34789767479032,93.27425812548394,0.05302248032361248,0.050735391799831,1449,1464,69.76699044063392,81.35337602136951,85.04062306717668,0.45,69.88588314583521,83.00389588006222,83.37044591072952,0.47,144.3620481491089,2026-09-16T19:23:14.409842+00:00,full
all_product,11,36,all_product_s11,/home/peng/code/TGCA/results/voc_epoch_checkpoints/20260916-gwrp-all-product-s0-s11-r2/all_product_s11/epoch_checkpoints/mctformerplus_epoch_036.pth,cb85deaf5626a844030768bd6b8eaed79485c61100ee9a0cde6aa797ab80deca,86.62724937758036,91.44010991693646,0.06609591944535244,0.05650702328662201,1449,1464,62.01554736754746,77.91006470767005,71.996052141607,0.45,63.12415933579329,73.07519281006066,78.98632257438412,0.38,144.48471879959106,2026-09-16T19:30:30.117631+00:00,full
gwrp,11,36,gwrp_s11,/home/peng/code/TGCA/results/voc_epoch_checkpoints/20260916-gwrp-all-product-s0-s11-r2/gwrp_s11/epoch_checkpoints/mctformerplus_epoch_036.pth,7adc32d3767567be49a7796aef75132357fb20530f34b6796ef8600a040daa84,92.67735574728067,92.96070943418198,0.05003517902127787,0.05001749095729995,1449,1464,68.19371494147329,81.31880953323868,81.3427601100041,0.45,68.19371494147329,81.31880953323868,81.3427601100041,0.45,144.31651830673218,2026-09-16T19:28:04.893841+00:00,full
all_product,0,37,all_product_s0,/home/peng/code/TGCA/results/voc_epoch_checkpoints/20260916-gwrp-all-product-s0-s11-r2/all_product_s0/epoch_checkpoints/mctformerplus_epoch_037.pth,da0a852eb871d4deaeeff0e90b4013015aa1e819864193fc6b3b394d3eae32c8,92.01911559725012,92.8793616423976,0.05371281012553359,0.05041052205674479,1449,1464,72.12521616677967,83.41975173277066,84.61682923249651,0.45,72.1697074306746,82.70957300205426,85.47568854548862,0.44,144.36233615875244,2026-09-16T19:35:20.843335+00:00,full
gwrp,0,37,gwrp_s0,/home/peng/code/TGCA/results/voc_epoch_checkpoints/20260916-gwrp-all-product-s0-s11-r2/gwrp_s0/epoch_checkpoints/mctformerplus_epoch_037.pth,36529f6cc5813d19bad8365dcac8ca6f9b45ef0e5be5a099e41b703c9fb1bf71,92.72073119196241,93.26737969361233,0.051519400970412584,0.0495974018223702,1449,1464,69.7472213472848,81.14646957974378,84.99370326236489,0.45,69.89625814093031,82.79088607695381,83.32567546254691,0.47,144.5079255104065,2026-09-16T19:32:55.589027+00:00,full
all_product,11,37,all_product_s11,/home/peng/code/TGCA/results/voc_epoch_checkpoints/20260916-gwrp-all-product-s0-s11-r2/all_product_s11/epoch_checkpoints/mctformerplus_epoch_037.pth,992e57b6e0de593410890abb3d1bcaf06e9064f329f4c9dc8b171399561f323a,88.34043547308084,91.60920888897263,0.06495195695599496,0.05602831081368333,1449,1464,59.89322631416456,79.91826132363016,66.51823148274434,0.45,63.05721614945733,72.50725084559761,78.71868910361044,0.34,144.4333028793335,2026-09-16T19:40:11.309293+00:00,full
gwrp,11,37,gwrp_s11,/home/peng/code/TGCA/results/voc_epoch_checkpoints/20260916-gwrp-all-product-s0-s11-r2/gwrp_s11/epoch_checkpoints/mctformerplus_epoch_037.pth,7b17b2ec59c8fb6a4e89948c9837e31b7a7daaf98eb43bc05d7c179d32c70548,92.70359614471009,93.06444080384118,0.04993276179782928,0.05031201227974941,1449,1464,68.51436270203838,81.09596868646379,82.08430024760558,0.45,68.51436270203838,81.09596868646379,82.08430024760558,0.45,144.3678686618805,2026-09-16T19:37:46.132628+00:00,full
all_product,0,38,all_product_s0,/home/peng/code/TGCA/results/voc_epoch_checkpoints/20260916-gwrp-all-product-s0-s11-r2/all_product_s0/epoch_checkpoints/mctformerplus_epoch_038.pth,c738471afad701719de74de7155bd7c4bae47d2f67fe34c33fc81b0f23f04fd9,92.4648067619423,92.9261339599854,0.052864571037047316,0.051812944374592905,1449,1464,71.34263657386846,82.53086375355876,83.65793332598932,0.45,71.34263657386846,82.53086375355876,83.65793332598932,0.45,144.37337589263916,2026-09-16T19:45:01.944416+00:00,full
gwrp,0,38,gwrp_s0,/home/peng/code/TGCA/results/voc_epoch_checkpoints/20260916-gwrp-all-product-s0-s11-r2/gwrp_s0/epoch_checkpoints/mctformerplus_epoch_038.pth,32bc293b6e506af3333ad931ec564cce869b387dcc00a1cb1ec5206cec523949,92.80281518803079,93.21278120193803,0.05137340175572801,0.050944075245459054,1449,1464,69.47160815028302,81.09391985133146,84.50293601964292,0.45,69.605056977768,82.74652080064465,82.81689053075601,0.47,144.39306163787842,2026-09-16T19:42:36.610739+00:00,full
all_product,11,38,all_product_s11,/home/peng/code/TGCA/results/voc_epoch_checkpoints/20260916-gwrp-all-product-s0-s11-r2/all_product_s11/epoch_checkpoints/mctformerplus_epoch_038.pth,4c63a58ce6f908ee5da93f784baf045a1fa5a2f1de3e16428e45a7c2c5a89be7,88.32111361511853,91.63238815894033,0.06326860146246095,0.05541874933152301,1449,1464,61.338974141815704,80.30127085203699,69.26357248755146,0.45,63.34986429152448,74.18955094761668,78.68163123069331,0.36,144.47642731666565,2026-09-16T19:49:52.411643+00:00,full
gwrp,11,38,gwrp_s11,/home/peng/code/TGCA/results/voc_epoch_checkpoints/20260916-gwrp-all-product-s0-s11-r2/gwrp_s11/epoch_checkpoints/mctformerplus_epoch_038.pth,8044fe11f508495e25ca81317bbd216beded94e3e1f958c62a7f9374c6471b42,92.65507926972987,93.03153213856021,0.051121720693249634,0.05077700409973959,1449,1464,68.23773180391449,81.16882709156175,81.73156677495179,0.45,68.23773180391449,81.16882709156175,81.73156677495179,0.45,144.2817051410675,2026-09-16T19:47:27.139183+00:00,full
all_product,0,39,all_product_s0,/home/peng/code/TGCA/results/voc_epoch_checkpoints/20260916-gwrp-all-product-s0-s11-r2/all_product_s0/epoch_checkpoints/mctformerplus_epoch_039.pth,4b2831eba0bbd8d06637727b745d6a2a1ede109cd27ba823290528ab768fdcd3,92.14002546924627,92.91093966030415,0.05446003394405788,0.05003012729624866,1449,1464,72.29698385512518,83.37304148495534,84.56766931708103,0.45,72.32730742266627,82.66870964491477,85.4260098198523,0.44,144.38156914710999,2026-09-16T19:54:43.102653+00:00,full
gwrp,0,39,gwrp_s0,/home/peng/code/TGCA/results/voc_epoch_checkpoints/20260916-gwrp-all-product-s0-s11-r2/gwrp_s0/epoch_checkpoints/mctformerplus_epoch_039.pth,8d887dbe094626d80a6526699acffa603e0edaaf89705647aa3f98e8afba2ba5,92.81881200573571,93.34338585885045,0.05067674937260159,0.048976735735737596,1449,1464,69.57399094813933,80.9946196289402,84.8143749213371,0.45,69.72936969807134,82.65661439094183,83.15475093955699,0.47,144.43868613243103,2026-09-16T19:52:17.778507+00:00,full
all_product,11,39,all_product_s11,/home/peng/code/TGCA/results/voc_epoch_checkpoints/20260916-gwrp-all-product-s0-s11-r2/all_product_s11/epoch_checkpoints/mctformerplus_epoch_039.pth,1569472a35ca3c9de05dec62f23344adb2bac76cc3690c02d17ab0de84bcedbd,88.5389111102156,91.68672843915824,0.06321013085364144,0.05420370791763005,1449,1464,62.26962243752384,80.74583365827637,69.75354109529792,0.45,64.48131815130095,74.7067204928613,79.27792114468835,0.36,144.30857157707214,2026-09-16T19:59:33.438991+00:00,full
gwrp,11,39,gwrp_s11,/home/peng/code/TGCA/results/voc_epoch_checkpoints/20260916-gwrp-all-product-s0-s11-r2/gwrp_s11/epoch_checkpoints/mctformerplus_epoch_039.pth,138f42299c04e97c7dc02d54ee0c2b14c750474a45c5b0199014055eaf53ba06,92.62680784752814,93.01006093787983,0.05082197020985983,0.050446966013840924,1449,1464,68.48522473139995,81.30265531135326,81.80909487022689,0.45,68.48522473139995,81.30265531135326,81.80909487022689,0.45,144.42883729934692,2026-09-16T19:57:08.396764+00:00,full
all_product,0,40,all_product_s0,/home/peng/code/TGCA/results/voc_epoch_checkpoints/20260916-gwrp-all-product-s0-s11-r2/all_product_s0/epoch_checkpoints/mctformerplus_epoch_040.pth,5ec34a9f35382d259b8a74cfb84c09518c1c11eeac68b0562b077a1f4542f682,92.39342015492215,92.85007722444234,0.052249816214836736,0.049904141248588815,1449,1464,72.28912045405677,83.66134256027652,84.443558719266,0.45,72.33193219868137,82.95408896031468,85.3044796600453,0.44,144.3623206615448,2026-09-16T20:04:23.969264+00:00,full
gwrp,0,40,gwrp_s0,/home/peng/code/TGCA/results/voc_epoch_checkpoints/20260916-gwrp-all-product-s0-s11-r2/gwrp_s0/epoch_checkpoints/mctformerplus_epoch_040.pth,099b4df3fa4e1c3c51a490b9eb1c1601edfe0cb48849fdb95016d80870d61bf4,92.53079919581252,93.21769706427771,0.051376273247539954,0.049297953820212126,1449,1464,69.67154964991775,80.85141455819655,85.10096840994817,0.45,69.84453314739369,82.52619061522321,83.41172233089422,0.47,144.305757522583,2026-09-16T20:01:58.679663+00:00,full
all_product,11,40,all_product_s11,/home/peng/code/TGCA/results/voc_epoch_checkpoints/20260916-gwrp-all-product-s0-s11-r2/all_product_s11/epoch_checkpoints/mctformerplus_epoch_040.pth,4f6858c17048296085cd60d9e990ed2d66abb3fe7575e517c95eb5f01ec2b677,87.59324329638552,91.79657132600825,0.0648600986295523,0.05450935563068706,1449,1464,61.76370878378643,80.95810609481447,68.3904980770216,0.45,64.58124316086138,74.38666525715202,79.27172416079686,0.35,144.4377658367157,2026-09-16T20:09:14.482269+00:00,full
gwrp,11,40,gwrp_s11,/home/peng/code/TGCA/results/voc_epoch_checkpoints/20260916-gwrp-all-product-s0-s11-r2/gwrp_s11/epoch_checkpoints/mctformerplus_epoch_040.pth,5cbc815916fb679624f49d058019014776f61ecdc6651e461b7535a5303669b4,92.53629925893382,92.90465216614166,0.051271850072243365,0.05076956424509928,1449,1464,68.4606020963342,81.52220692205238,81.58278924687012,0.45,68.4606020963342,81.52220692205238,81.58278924687012,0.45,144.3971939086914,2026-09-16T20:06:49.299911+00:00,full
all_product,0,41,all_product_s0,/home/peng/code/TGCA/results/voc_epoch_checkpoints/20260916-gwrp-all-product-s0-s11-r2/all_product_s0/epoch_checkpoints/mctformerplus_epoch_041.pth,51583344e8a34c4e9fef258696628f5f59677053c9fca1502c3c716f1e796028,92.39358684779921,92.93120249580934,0.05191169420014257,0.05044604553034422,1449,1464,72.36199652482705,83.03965268546415,85.19033233606311,0.45,72.36199652482705,83.03965268546415,85.19033233606311,0.45,144.37026286125183,2026-09-16T20:14:05.179091+00:00,full
gwrp,0,41,gwrp_s0,/home/peng/code/TGCA/results/voc_epoch_checkpoints/20260916-gwrp-all-product-s0-s11-r2/gwrp_s0/epoch_checkpoints/mctformerplus_epoch_041.pth,902e06b547812abb27e0020a78d4961f6b2215d54aca45813fa8f0c6ad3482d0,92.87537970555701,93.32553074182273,0.050328816555239894,0.04932281072074746,1449,1464,69.53336802070307,80.55874798045667,85.20825624602507,0.45,69.70010946633262,82.2256163956671,83.53966425899901,0.47,144.4442892074585,2026-09-16T20:11:39.885262+00:00,full
all_product,11,41,all_product_s11,/home/peng/code/TGCA/results/voc_epoch_checkpoints/20260916-gwrp-all-product-s0-s11-r2/all_product_s11/epoch_checkpoints/mctformerplus_epoch_041.pth,cd263942150bc9cb890d7aa48847c09b4ab6a93a63b95f6e90e226cc7fd4ca82,88.55917057526247,91.89386431204365,0.06315089457297506,0.053937631631572135,1449,1464,61.998192970843334,80.01777794494444,70.14959749024119,0.45,64.02351391305339,74.81294693225134,78.5677591937671,0.37,144.39962100982666,2026-09-16T20:18:55.623956+00:00,full
gwrp,11,41,gwrp_s11,/home/peng/code/TGCA/results/voc_epoch_checkpoints/20260916-gwrp-all-product-s0-s11-r2/gwrp_s11/epoch_checkpoints/mctformerplus_epoch_041.pth,28837bfa2ada2640bc46561d98786af3863920e037d46ea7566ab80ec031a4b8,92.7674708689554,93.15304795987088,0.05011163246763255,0.04958781968156908,1449,1464,68.68942315110202,80.99004327626221,82.65803779893962,0.45,68.68942315110202,80.99004327626221,82.65803779893962,0.45,144.35083961486816,2026-09-16T20:16:30.429169+00:00,full
all_product,0,42,all_product_s0,/home/peng/code/TGCA/results/voc_epoch_checkpoints/20260916-gwrp-all-product-s0-s11-r2/all_product_s0/epoch_checkpoints/mctformerplus_epoch_042.pth,549fbd13f1a94cefd997960f696cbf01ba2c83cedb61fbcf1d20776adcc48bc7,92.61081779578946,92.90554252400318,0.050975059263865814,0.04992283770160234,1449,1464,72.18486258729803,83.7170324122976,84.23288395544905,0.45,72.24039301514614,83.00766322042304,85.1139946304201,0.44,144.32223320007324,2026-09-16T20:23:46.318517+00:00,full
gwrp,0,42,gwrp_s0,/home/peng/code/TGCA/results/voc_epoch_checkpoints/20260916-gwrp-all-product-s0-s11-r2/gwrp_s0/epoch_checkpoints/mctformerplus_epoch_042.pth,1523fb586199c37d66ee3b66e1c890c198d9d8303831e3c16831c7e13324b2a6,92.90641484269585,93.30989082462183,0.04994967442553483,0.049173306455235384,1449,1464,69.5711043517613,80.84273760041721,85.04919024236862,0.45,69.70992667914498,82.47486338742199,83.35020626185181,0.47,144.51629996299744,2026-09-16T20:21:21.047977+00:00,full
all_product,11,42,all_product_s11,/home/peng/code/TGCA/results/voc_epoch_checkpoints/20260916-gwrp-all-product-s0-s11-r2/all_product_s11/epoch_checkpoints/mctformerplus_epoch_042.pth,e3aedf0a529a1cf966b4f2838c854d302809688e1f962cd6d9ad6e4fdb61cbf0,89.19345336439537,91.74903620232934,0.062275713300647365,0.054540147384007774,1449,1464,62.6947500574743,81.24380488613271,69.64439885300891,0.45,64.55099442091658,75.80881415926657,78.11215760359411,0.37,144.3671417236328,2026-09-16T20:28:36.718501+00:00,full
gwrp,11,42,gwrp_s11,/home/peng/code/TGCA/results/voc_epoch_checkpoints/20260916-gwrp-all-product-s0-s11-r2/gwrp_s11/epoch_checkpoints/mctformerplus_epoch_042.pth,6677e9a976d314deabbb8cb02e9f73d62d38a1b6299fbe161560a8bf1beb4b3e,92.78089692746985,93.11716223588219,0.05019307496467074,0.049881593369878185,1449,1464,68.41385763352618,81.30932731185835,81.84840949197635,0.45,68.41385763352618,81.30932731185835,81.84840949197635,0.45,144.32562708854675,2026-09-16T20:26:11.566868+00:00,full
all_product,0,43,all_product_s0,/home/peng/code/TGCA/results/voc_epoch_checkpoints/20260916-gwrp-all-product-s0-s11-r2/all_product_s0/epoch_checkpoints/mctformerplus_epoch_043.pth,d60f4f56aace58d4e07ec4e9001ad4d422c9631be83d6b5ef4962a232f6caf50,92.7326505259336,93.1700319132487,0.05111619541158011,0.04919598067501975,1449,1464,72.46509161717537,83.27418563232064,84.7654948306763,0.45,72.49027443298289,82.55686572095867,85.62857874118096,0.44,144.328204870224,2026-09-16T20:33:27.180352+00:00,full
gwrp,0,43,gwrp_s0,/home/peng/code/TGCA/results/voc_epoch_checkpoints/20260916-gwrp-all-product-s0-s11-r2/gwrp_s0/epoch_checkpoints/mctformerplus_epoch_043.pth,89876ed9c813f516012e364ba7e789820c372880d6a56a774bb2d2b87fced5d5,92.99138667843752,93.35815576421955,0.05029776474631927,0.049517598144550666,1449,1464,69.61044987929942,80.45673083017422,85.44298535078082,0.45,69.81516769371264,82.87689611058751,82.92602218508132,0.48,144.31136107444763,2026-09-16T20:31:01.926087+00:00,full
all_product,11,43,all_product_s11,/home/peng/code/TGCA/results/voc_epoch_checkpoints/20260916-gwrp-all-product-s0-s11-r2/all_product_s11/epoch_checkpoints/mctformerplus_epoch_043.pth,27954f81272bd55ac9b5ad48fee53206cbd98316c3447c95a41f0c6eb7379d5e,89.16454562472697,91.8205586634847,0.062168961947461174,0.054689754193984204,1449,1464,62.72079740514768,81.86545916837152,69.66750481491431,0.45,64.82965293486602,75.91139099369437,78.82104143604128,0.36,144.39793229103088,2026-09-16T20:38:17.606173+00:00,full
gwrp,11,43,gwrp_s11,/home/peng/code/TGCA/results/voc_epoch_checkpoints/20260916-gwrp-all-product-s0-s11-r2/gwrp_s11/epoch_checkpoints/mctformerplus_epoch_043.pth,56082b1589d0bc4fbfdc4dd1cc6ae13f7b3ceb76130d761a696f904075ab5a96,92.76458371600788,93.15031045874474,0.050303974337335945,0.049870350238082325,1449,1464,68.89806985279048,81.52630240475234,82.12210230311352,0.45,68.89806985279048,81.52630240475234,82.12210230311352,0.45,144.3344211578369,2026-09-16T20:35:52.474662+00:00,full
all_product,0,44,all_product_s0,/home/peng/code/TGCA/results/voc_epoch_checkpoints/20260916-gwrp-all-product-s0-s11-r2/all_product_s0/epoch_checkpoints/mctformerplus_epoch_044.pth,a4f15fa3821b5546498962ce4348c9df87da01ff1a1c8dd8ba2fafb3e866105c,91.9276630683261,92.96530131142202,0.055223158376228404,0.050703380012652066,1449,1464,72.20989286625124,83.34537662373194,84.59985218900175,0.45,72.2232039317673,82.62357315570658,85.44657618303818,0.44,144.33719325065613,2026-09-16T20:43:08.277721+00:00,full
gwrp,0,44,gwrp_s0,/home/peng/code/TGCA/results/voc_epoch_checkpoints/20260916-gwrp-all-product-s0-s11-r2/gwrp_s0/epoch_checkpoints/mctformerplus_epoch_044.pth,141ca3676aea2cb551ab4d4302cb22583636cfc305d634dc62f58307bd40f9cd,92.89661646408094,93.3860068310338,0.05108224057314147,0.049377921271974094,1449,1464,70.12524079127076,81.11845392032832,85.57545438964648,0.45,70.3314351113472,83.53568600221102,83.0949304572713,0.48,144.45217061042786,2026-09-16T20:40:43.023509+00:00,full
all_product,11,44,all_product_s11,/home/peng/code/TGCA/results/voc_epoch_checkpoints/20260916-gwrp-all-product-s0-s11-r2/all_product_s11/epoch_checkpoints/mctformerplus_epoch_044.pth,fc6040d4f3ded2add79746736104986ae54ae4e808c1880f69fa62fa62c84206,89.390297112148,91.91563312463316,0.06045304245737769,0.053166401939527014,1449,1464,62.213862892649466,80.81005125024781,69.02975999793807,0.45,64.27558929902585,75.5840055974088,77.69911206462615,0.37,144.48846459388733,2026-09-16T20:47:58.917645+00:00,full
gwrp,11,44,gwrp_s11,/home/peng/code/TGCA/results/voc_epoch_checkpoints/20260916-gwrp-all-product-s0-s11-r2/gwrp_s11/epoch_checkpoints/mctformerplus_epoch_044.pth,fc992f0f165efb9f169b3f4ca74859363f8dc6c7dc6ffe4fc6fb74de60daa052,92.89601618123706,93.1054069699689,0.048746071894716775,0.04972222214982459,1449,1464,68.18575360702371,81.2485105191503,81.49705699230105,0.45,68.18575360702371,81.2485105191503,81.49705699230105,0.45,144.48861002922058,2026-09-16T20:45:33.687603+00:00,full
all_product,0,45,all_product_s0,/home/peng/code/TGCA/results/voc_epoch_checkpoints/20260916-gwrp-all-product-s0-s11-r2/all_product_s0/epoch_checkpoints/mctformerplus_epoch_045.pth,bbbbba335e95619e11f4e93e40dffe3c0e5833140f64c725c635a6a6e6f10c70,92.44195782022173,92.86392718055004,0.05268232791772622,0.050361966617852756,1449,1464,72.31544543629082,83.31810825321514,84.65440289050198,0.45,72.31544543629082,83.31810825321514,84.65440289050198,0.45,144.44600009918213,2026-09-16T20:52:49.450132+00:00,full
gwrp,0,45,gwrp_s0,/home/peng/code/TGCA/results/voc_epoch_checkpoints/20260916-gwrp-all-product-s0-s11-r2/gwrp_s0/epoch_checkpoints/mctformerplus_epoch_045.pth,56d9825016c938f268378a08c24b758a790f631e57a0d5a8a58c223177eab670,92.90631608285518,93.2576965561305,0.05063256781787359,0.049779508630516944,1449,1464,70.06305830908285,80.7353249256176,85.8168977759483,0.45,70.33970662277234,83.18603359375943,83.35915914143534,0.48,144.312429189682,2026-09-16T20:50:24.097534+00:00,full
all_product,11,45,all_product_s11,/home/peng/code/TGCA/results/voc_epoch_checkpoints/20260916-gwrp-all-product-s0-s11-r2/all_product_s11/epoch_checkpoints/mctformerplus_epoch_045.pth,6c8bcef260e66a81670fd27e081083bede04d2d8d86cd232de2db7bf1eb81527,89.5803068080884,91.94201204502359,0.06046089884780702,0.052936384669042935,1449,1464,62.24082017213338,81.79258893905002,68.60717016598615,0.45,64.72413390194735,75.8379222672023,78.18915478811843,0.36,144.50273609161377,2026-09-16T20:57:39.983210+00:00,full
gwrp,11,45,gwrp_s11,/home/peng/code/TGCA/results/voc_epoch_checkpoints/20260916-gwrp-all-product-s0-s11-r2/gwrp_s11/epoch_checkpoints/mctformerplus_epoch_045.pth,abe43fbf9f9725a17dcbbdd6d04fdb79d49fe6a6e2928820b4d533984519500d,92.84874532933479,93.13492787589543,0.050013077750627216,0.049623363460443035,1449,1464,68.63157859783007,81.17140505611431,81.99005224509678,0.45,68.63208662669452,81.97748098910441,81.06084650134429,0.46,144.44931650161743,2026-09-16T20:55:14.731449+00:00,full
